date,Bitcoin
2020-01-01 00:00:00+00:00,22.0
2020-01-02 00:00:00+00:00,25.0
2020-01-03 00:00:00+00:00,30.0
2020-01-04 00:00:00+00:00,25.0
2020-01-05 00:00:00+00:00,26.0
2020-01-06 00:00:00+00:00,29.0
2020-01-07 00:00:00+00:00,34.0
2020-01-08 00:00:00+00:00,39.0
2020-01-09 00:00:00+00:00,30.0
2020-01-10 00:00:00+00:00,29.0
2020-01-11 00:00:00+00:00,28.0
2020-01-12 00:00:00+00:00,25.0
2020-01-13 00:00:00+00:00,26.0
2020-01-14 00:00:00+00:00,38.0
2020-01-15 00:00:00+00:00,37.0
2020-01-16 00:00:00+00:00,31.0
2020-01-17 00:00:00+00:00,33.0
2020-01-18 00:00:00+00:00,30.0
2020-01-19 00:00:00+00:00,32.0
2020-01-20 00:00:00+00:00,29.0
2020-01-21 00:00:00+00:00,28.0
2020-01-22 00:00:00+00:00,26.0
2020-01-23 00:00:00+00:00,27.0
2020-01-24 00:00:00+00:00,26.0
2020-01-25 00:00:00+00:00,24.0
2020-01-26 00:00:00+00:00,23.0
2020-01-27 00:00:00+00:00,27.0
2020-01-28 00:00:00+00:00,31.0
2020-01-29 00:00:00+00:00,34.0
2020-01-30 00:00:00+00:00,34.0
2020-01-31 00:00:00+00:00,31.0
2020-02-01 00:00:00+00:00,28.0
2020-02-02 00:00:00+00:00,27.0
2020-02-03 00:00:00+00:00,28.0
2020-02-04 00:00:00+00:00,29.0
2020-02-05 00:00:00+00:00,33.0
2020-02-06 00:00:00+00:00,34.0
2020-02-07 00:00:00+00:00,32.0
2020-02-08 00:00:00+00:00,31.0
2020-02-09 00:00:00+00:00,43.0
2020-02-10 00:00:00+00:00,35.0
2020-02-11 00:00:00+00:00,36.0
2020-02-12 00:00:00+00:00,42.0
2020-02-13 00:00:00+00:00,38.0
2020-02-14 00:00:00+00:00,33.0
2020-02-15 00:00:00+00:00,33.0
2020-02-16 00:00:00+00:00,31.0
2020-02-17 00:00:00+00:00,33.0
2020-02-18 00:00:00+00:00,32.0
2020-02-19 00:00:00+00:00,34.0
2020-02-20 00:00:00+00:00,34.0
2020-02-21 00:00:00+00:00,32.0
2020-02-22 00:00:00+00:00,26.0
2020-02-23 00:00:00+00:00,28.0
2020-02-24 00:00:00+00:00,32.0
2020-02-25 00:00:00+00:00,30.0
2020-02-26 00:00:00+00:00,35.0
2020-02-27 00:00:00+00:00,35.0
2020-02-28 00:00:00+00:00,34.0
2020-02-29 00:00:00+00:00,29.0
2020-03-01 00:00:00+00:00,28.0
2020-03-02 00:00:00+00:00,30.0
2020-03-03 00:00:00+00:00,30.0
2020-03-04 00:00:00+00:00,32.0
2020-03-05 00:00:00+00:00,32.0
2020-03-06 00:00:00+00:00,30.0
2020-03-07 00:00:00+00:00,27.0
2020-03-08 00:00:00+00:00,30.0
2020-03-09 00:00:00+00:00,51.0
2020-03-10 00:00:00+00:00,37.0
2020-03-11 00:00:00+00:00,35.0
2020-03-12 00:00:00+00:00,71.0
2020-03-13 00:00:00+00:00,100.0
2020-03-14 00:00:00+00:00,62.0
2020-03-15 00:00:00+00:00,54.0
2020-03-16 00:00:00+00:00,69.0
2020-03-17 00:00:00+00:00,57.0
2020-03-18 00:00:00+00:00,54.0
2020-03-19 00:00:00+00:00,58.0
2020-03-20 00:00:00+00:00,60.0
2020-03-21 00:00:00+00:00,50.0
2020-03-22 00:00:00+00:00,43.0
2020-03-23 00:00:00+00:00,47.0
2020-03-24 00:00:00+00:00,47.0
2020-03-25 00:00:00+00:00,43.0
2020-03-26 00:00:00+00:00,39.0
2020-03-27 00:00:00+00:00,38.0
2020-03-28 00:00:00+00:00,38.0
2020-03-29 00:00:00+00:00,38.0
2020-03-30 00:00:00+00:00,37.0
2020-03-31 00:00:00+00:00,35.0
2020-04-01 00:00:00+00:00,34.0
2020-04-02 00:00:00+00:00,40.0
2020-04-03 00:00:00+00:00,39.0
2020-04-04 00:00:00+00:00,33.0
2020-04-05 00:00:00+00:00,34.0
2020-04-06 00:00:00+00:00,39.0
2020-04-07 00:00:00+00:00,41.0
2020-04-08 00:00:00+00:00,37.0
2020-04-09 00:00:00+00:00,35.0
2020-04-10 00:00:00+00:00,39.0
2020-04-11 00:00:00+00:00,35.0
2020-04-12 00:00:00+00:00,35.0
2020-04-13 00:00:00+00:00,37.0
2020-04-14 00:00:00+00:00,35.0
2020-04-15 00:00:00+00:00,35.0
2020-04-16 00:00:00+00:00,35.0
2020-04-17 00:00:00+00:00,36.0
2020-04-18 00:00:00+00:00,34.0
2020-04-19 00:00:00+00:00,33.0
2020-04-20 00:00:00+00:00,34.0
2020-04-21 00:00:00+00:00,35.0
2020-04-22 00:00:00+00:00,34.0
2020-04-23 00:00:00+00:00,37.0
2020-04-24 00:00:00+00:00,38.0
2020-04-25 00:00:00+00:00,37.0
2020-04-26 00:00:00+00:00,37.0
2020-04-27 00:00:00+00:00,38.0
2020-04-28 00:00:00+00:00,38.0
2020-04-29 00:00:00+00:00,53.0
2020-04-30 00:00:00+00:00,60.0
2020-05-01 00:00:00+00:00,47.0
2020-05-02 00:00:00+00:00,43.0
2020-05-03 00:00:00+00:00,47.0
2020-05-04 00:00:00+00:00,44.0
2020-05-05 00:00:00+00:00,43.0
2020-05-06 00:00:00+00:00,45.0
2020-05-07 00:00:00+00:00,62.0
2020-05-08 00:00:00+00:00,67.0
2020-05-09 00:00:00+00:00,56.0
2020-05-10 00:00:00+00:00,72.0
2020-05-11 00:00:00+00:00,86.0
2020-05-12 00:00:00+00:00,66.0
2020-05-13 00:00:00+00:00,54.0
2020-05-14 00:00:00+00:00,56.0
2020-05-15 00:00:00+00:00,45.0
2020-05-16 00:00:00+00:00,42.0
2020-05-17 00:00:00+00:00,45.0
2020-05-18 00:00:00+00:00,44.0
2020-05-19 00:00:00+00:00,40.0
2020-05-20 00:00:00+00:00,41.0
2020-05-21 00:00:00+00:00,42.0
2020-05-22 00:00:00+00:00,40.0
2020-05-23 00:00:00+00:00,35.0
2020-05-24 00:00:00+00:00,37.0
2020-05-25 00:00:00+00:00,38.0
2020-05-26 00:00:00+00:00,38.0
2020-05-27 00:00:00+00:00,37.0
2020-05-28 00:00:00+00:00,38.0
2020-05-29 00:00:00+00:00,37.0
2020-05-30 00:00:00+00:00,34.0
2020-05-31 00:00:00+00:00,32.885245901639344
2020-06-01 00:00:00+00:00,32.885245901639344
2020-06-02 00:00:00+00:00,47.377049180327866
2020-06-03 00:00:00+00:00,36.229508196721305
2020-06-04 00:00:00+00:00,35.67213114754098
2020-06-05 00:00:00+00:00,34.0
2020-06-06 00:00:00+00:00,31.213114754098356
2020-06-07 00:00:00+00:00,32.32786885245901
2020-06-08 00:00:00+00:00,31.213114754098356
2020-06-09 00:00:00+00:00,31.770491803278684
2020-06-10 00:00:00+00:00,32.885245901639344
2020-06-11 00:00:00+00:00,35.114754098360656
2020-06-12 00:00:00+00:00,32.32786885245901
2020-06-13 00:00:00+00:00,29.540983606557376
2020-06-14 00:00:00+00:00,29.540983606557376
2020-06-15 00:00:00+00:00,34.0
2020-06-16 00:00:00+00:00,31.770491803278684
2020-06-17 00:00:00+00:00,31.213114754098356
2020-06-18 00:00:00+00:00,30.098360655737704
2020-06-19 00:00:00+00:00,29.540983606557376
2020-06-20 00:00:00+00:00,26.196721311475407
2020-06-21 00:00:00+00:00,26.196721311475407
2020-06-22 00:00:00+00:00,29.540983606557376
2020-06-23 00:00:00+00:00,31.213114754098356
2020-06-24 00:00:00+00:00,30.65573770491803
2020-06-25 00:00:00+00:00,30.098360655737704
2020-06-26 00:00:00+00:00,28.983606557377048
2020-06-27 00:00:00+00:00,27.311475409836063
2020-06-28 00:00:00+00:00,30.098360655737704
2020-06-29 00:00:00+00:00,28.42622950819672
2020-06-30 00:00:00+00:00,28.983606557377048
2020-07-01 00:00:00+00:00,28.42622950819672
2020-07-02 00:00:00+00:00,28.983606557377048
2020-07-03 00:00:00+00:00,26.754098360655735
2020-07-04 00:00:00+00:00,26.754098360655735
2020-07-05 00:00:00+00:00,25.63934426229508
2020-07-06 00:00:00+00:00,27.86885245901639
2020-07-07 00:00:00+00:00,26.196721311475407
2020-07-08 00:00:00+00:00,28.983606557377048
2020-07-09 00:00:00+00:00,28.983606557377048
2020-07-10 00:00:00+00:00,27.311475409836063
2020-07-11 00:00:00+00:00,24.524590163934423
2020-07-12 00:00:00+00:00,26.196721311475407
2020-07-13 00:00:00+00:00,28.983606557377048
2020-07-14 00:00:00+00:00,30.098360655737704
2020-07-15 00:00:00+00:00,32.885245901639344
2020-07-16 00:00:00+00:00,39.01639344262295
2020-07-17 00:00:00+00:00,30.098360655737704
2020-07-18 00:00:00+00:00,42.91803278688524
2020-07-19 00:00:00+00:00,27.86885245901639
2020-07-20 00:00:00+00:00,26.754098360655735
2020-07-21 00:00:00+00:00,28.983606557377048
2020-07-22 00:00:00+00:00,27.86885245901639
2020-07-23 00:00:00+00:00,31.213114754098356
2020-07-24 00:00:00+00:00,31.770491803278684
2020-07-25 00:00:00+00:00,31.770491803278684
2020-07-26 00:00:00+00:00,38.45901639344262
2020-07-27 00:00:00+00:00,52.393442622950815
2020-07-28 00:00:00+00:00,55.73770491803278
2020-07-29 00:00:00+00:00,45.70491803278688
2020-07-30 00:00:00+00:00,41.24590163934426
2020-07-31 00:00:00+00:00,43.47540983606557
2020-08-01 00:00:00+00:00,52.393442622950815
2020-08-02 00:00:00+00:00,52.393442622950815
2020-08-03 00:00:00+00:00,44.59016393442623
2020-08-04 00:00:00+00:00,39.01639344262295
2020-08-05 00:00:00+00:00,43.47540983606557
2020-08-06 00:00:00+00:00,44.0327868852459
2020-08-07 00:00:00+00:00,40.68852459016393
2020-08-08 00:00:00+00:00,38.45901639344262
2020-08-09 00:00:00+00:00,37.34426229508196
2020-08-10 00:00:00+00:00,40.68852459016393
2020-08-11 00:00:00+00:00,40.68852459016393
2020-08-12 00:00:00+00:00,38.45901639344262
2020-08-13 00:00:00+00:00,37.90163934426229
2020-08-14 00:00:00+00:00,35.67213114754098
2020-08-15 00:00:00+00:00,35.114754098360656
2020-08-16 00:00:00+00:00,36.78688524590164
2020-08-17 00:00:00+00:00,45.147540983606554
2020-08-18 00:00:00+00:00,41.24590163934426
2020-08-19 00:00:00+00:00,36.78688524590164
2020-08-20 00:00:00+00:00,35.67213114754098
2020-08-21 00:00:00+00:00,34.0
2020-08-22 00:00:00+00:00,32.885245901639344
2020-08-23 00:00:00+00:00,31.213114754098356
2020-08-24 00:00:00+00:00,33.44262295081967
2020-08-25 00:00:00+00:00,34.0
2020-08-26 00:00:00+00:00,32.32786885245901
2020-08-27 00:00:00+00:00,32.32786885245901
2020-08-28 00:00:00+00:00,30.65573770491803
2020-08-29 00:00:00+00:00,26.754098360655735
2020-08-30 00:00:00+00:00,29.540983606557376
2020-08-31 00:00:00+00:00,29.540983606557376
2020-09-01 00:00:00+00:00,33.44262295081967
2020-09-02 00:00:00+00:00,32.885245901639344
2020-09-03 00:00:00+00:00,38.45901639344262
2020-09-04 00:00:00+00:00,40.131147540983605
2020-09-05 00:00:00+00:00,36.78688524590164
2020-09-06 00:00:00+00:00,34.0
2020-09-07 00:00:00+00:00,34.557377049180324
2020-09-08 00:00:00+00:00,33.44262295081967
2020-09-09 00:00:00+00:00,31.213114754098356
2020-09-10 00:00:00+00:00,29.540983606557376
2020-09-11 00:00:00+00:00,27.311475409836063
2020-09-12 00:00:00+00:00,26.754098360655735
2020-09-13 00:00:00+00:00,28.42622950819672
2020-09-14 00:00:00+00:00,30.098360655737704
2020-09-15 00:00:00+00:00,30.098360655737704
2020-09-16 00:00:00+00:00,30.65573770491803
2020-09-17 00:00:00+00:00,28.983606557377048
2020-09-18 00:00:00+00:00,26.754098360655735
2020-09-19 00:00:00+00:00,25.63934426229508
2020-09-20 00:00:00+00:00,26.196721311475407
2020-09-21 00:00:00+00:00,28.42622950819672
2020-09-22 00:00:00+00:00,29.540983606557376
2020-09-23 00:00:00+00:00,26.196721311475407
2020-09-24 00:00:00+00:00,26.196721311475407
2020-09-25 00:00:00+00:00,26.196721311475407
2020-09-26 00:00:00+00:00,24.524590163934423
2020-09-27 00:00:00+00:00,22.85245901639344
2020-09-28 00:00:00+00:00,25.63934426229508
2020-09-29 00:00:00+00:00,26.754098360655735
2020-09-30 00:00:00+00:00,24.524590163934423
2020-10-01 00:00:00+00:00,24.524590163934423
2020-10-02 00:00:00+00:00,24.524590163934423
2020-10-03 00:00:00+00:00,22.295081967213115
2020-10-04 00:00:00+00:00,21.737704918032787
2020-10-05 00:00:00+00:00,25.08196721311475
2020-10-06 00:00:00+00:00,24.524590163934423
2020-10-07 00:00:00+00:00,23.409836065573767
2020-10-08 00:00:00+00:00,25.08196721311475
2020-10-09 00:00:00+00:00,26.754098360655735
2020-10-10 00:00:00+00:00,27.86885245901639
2020-10-11 00:00:00+00:00,25.63934426229508
2020-10-12 00:00:00+00:00,30.098360655737704
2020-10-13 00:00:00+00:00,27.86885245901639
2020-10-14 00:00:00+00:00,27.311475409836063
2020-10-15 00:00:00+00:00,28.983606557377048
2020-10-16 00:00:00+00:00,27.311475409836063
2020-10-17 00:00:00+00:00,23.967213114754095
2020-10-18 00:00:00+00:00,25.08196721311475
2020-10-19 00:00:00+00:00,27.311475409836063
2020-10-20 00:00:00+00:00,32.885245901639344
2020-10-21 00:00:00+00:00,47.93442622950819
2020-10-22 00:00:00+00:00,50.1639344262295
2020-10-23 00:00:00+00:00,41.24590163934426
2020-10-24 00:00:00+00:00,35.114754098360656
2020-10-25 00:00:00+00:00,35.114754098360656
2020-10-26 00:00:00+00:00,37.34426229508196
2020-10-27 00:00:00+00:00,44.59016393442623
2020-10-28 00:00:00+00:00,47.377049180327866
2020-10-29 00:00:00+00:00,39.01639344262295
2020-10-30 00:00:00+00:00,39.01639344262295
2020-10-31 00:00:00+00:00,41.80327868852459
2020-11-01 00:00:00+00:00,36.22950819672131
2020-11-02 00:00:00+00:00,39.01639344262295
2020-11-03 00:00:00+00:00,36.22950819672131
2020-11-04 00:00:00+00:00,36.22950819672131
2020-11-05 00:00:00+00:00,52.950819672131146
2020-11-06 00:00:00+00:00,58.52459016393443
2020-11-07 00:00:00+00:00,47.377049180327866
2020-11-08 00:00:00+00:00,44.59016393442623
2020-11-09 00:00:00+00:00,47.377049180327866
2020-11-10 00:00:00+00:00,41.80327868852459
2020-11-11 00:00:00+00:00,44.59016393442623
2020-11-12 00:00:00+00:00,47.377049180327866
2020-11-13 00:00:00+00:00,50.16393442622951
2020-11-14 00:00:00+00:00,41.80327868852459
2020-11-15 00:00:00+00:00,39.01639344262295
2020-11-16 00:00:00+00:00,50.16393442622951
2020-11-17 00:00:00+00:00,72.45901639344262
2020-11-18 00:00:00+00:00,86.39344262295081
2020-11-19 00:00:00+00:00,64.09836065573771
2020-11-20 00:00:00+00:00,69.67213114754098
2020-11-21 00:00:00+00:00,66.88524590163934
2020-11-22 00:00:00+00:00,61.31147540983606
2020-11-23 00:00:00+00:00,61.31147540983606
2020-11-24 00:00:00+00:00,86.39344262295081
2020-11-25 00:00:00+00:00,78.0327868852459
2020-11-26 00:00:00+00:00,89.18032786885246
2020-11-27 00:00:00+00:00,64.09836065573771
2020-11-28 00:00:00+00:00,58.52459016393443
2020-11-29 00:00:00+00:00,52.950819672131146
2020-11-30 00:00:00+00:00,72.45901639344262
2020-12-01 00:00:00+00:00,75.24590163934427
2020-12-02 00:00:00+00:00,61.31147540983606
2020-12-03 00:00:00+00:00,55.73770491803279
2020-12-04 00:00:00+00:00,58.52459016393443
2020-12-05 00:00:00+00:00,50.16393442622951
2020-12-06 00:00:00+00:00,47.377049180327866
2020-12-07 00:00:00+00:00,50.16393442622951
2020-12-08 00:00:00+00:00,50.16393442622951
2020-12-09 00:00:00+00:00,52.950819672131146
2020-12-10 00:00:00+00:00,47.377049180327866
2020-12-11 00:00:00+00:00,47.377049180327866
2020-12-12 00:00:00+00:00,41.80327868852459
2020-12-13 00:00:00+00:00,44.59016393442623
2020-12-14 00:00:00+00:00,41.80327868852459
2020-12-15 00:00:00+00:00,44.59016393442623
2020-12-16 00:00:00+00:00,91.9672131147541
2020-12-17 00:00:00+00:00,147.70491803278688
2020-12-18 00:00:00+00:00,100.32786885245902
2020-12-19 00:00:00+00:00,83.60655737704919
2020-12-20 00:00:00+00:00,83.60655737704919
2020-12-21 00:00:00+00:00,91.9672131147541
2020-12-22 00:00:00+00:00,75.24590163934427
2020-12-23 00:00:00+00:00,72.45901639344262
2020-12-24 00:00:00+00:00,64.09836065573771
2020-12-25 00:00:00+00:00,72.45901639344262
2020-12-26 00:00:00+00:00,105.90163934426229
2020-12-27 00:00:00+00:00,139.34426229508196
2020-12-28 00:00:00+00:00,111.47540983606558
2020-12-29 00:00:00+00:00,97.54098360655738
2020-12-30 00:00:00+00:00,111.47540983606558
2020-12-31 00:00:00+00:00,108.68852459016394
2021-01-01 00:00:00+00:00,108.68852459016394
2021-01-02 00:00:00+00:00,186.72131147540983
2021-01-03 00:00:00+00:00,214.59016393442622
2021-01-04 00:00:00+00:00,186.72131147540983
2021-01-05 00:00:00+00:00,153.27868852459017
2021-01-06 00:00:00+00:00,161.63934426229508
2021-01-07 00:00:00+00:00,242.45901639344262
2021-01-08 00:00:00+00:00,236.88524590163934
2021-01-09 00:00:00+00:00,192.29508196721312
2021-01-10 00:00:00+00:00,192.29508196721312
2021-01-11 00:00:00+00:00,278.6885245901639
2021-01-12 00:00:00+00:00,206.2295081967213
2021-01-13 00:00:00+00:00,181.14754098360655
2021-01-14 00:00:00+00:00,181.14754098360655
2021-01-15 00:00:00+00:00,158.85245901639345
2021-01-16 00:00:00+00:00,128.19672131147541
2021-01-17 00:00:00+00:00,117.04918032786885
2021-01-18 00:00:00+00:00,119.8360655737705
2021-01-19 00:00:00+00:00,114.26229508196721
2021-01-20 00:00:00+00:00,111.47540983606558
2021-01-21 00:00:00+00:00,142.13114754098362
2021-01-22 00:00:00+00:00,147.70491803278688
2021-01-23 00:00:00+00:00,111.47540983606558
2021-01-24 00:00:00+00:00,94.75409836065573
2021-01-25 00:00:00+00:00,103.11475409836065
2021-01-26 00:00:00+00:00,97.54098360655738
2021-01-27 00:00:00+00:00,103.11475409836065
2021-01-28 00:00:00+00:00,105.90163934426229
2021-01-29 00:00:00+00:00,170.0
2021-01-30 00:00:00+00:00,117.04918032786885
2021-01-31 00:00:00+00:00,103.11475409836065
2021-02-01 00:00:00+00:00,103.11475409836065
2021-02-02 00:00:00+00:00,94.75409836065573
2021-02-03 00:00:00+00:00,100.32786885245902
2021-02-04 00:00:00+00:00,103.11475409836065
2021-02-05 00:00:00+00:00,91.9672131147541
2021-02-06 00:00:00+00:00,117.04918032786885
2021-02-07 00:00:00+00:00,105.90163934426229
2021-02-08 00:00:00+00:00,228.52459016393442
2021-02-09 00:00:00+00:00,273.11475409836066
2021-02-10 00:00:00+00:00,172.78688524590163
2021-02-11 00:00:00+00:00,161.63934426229508
2021-02-12 00:00:00+00:00,153.27868852459017
2021-02-13 00:00:00+00:00,128.19672131147541
2021-02-14 00:00:00+00:00,144.91803278688525
2021-02-15 00:00:00+00:00,144.91803278688525
2021-02-16 00:00:00+00:00,164.4262295081967
2021-02-17 00:00:00+00:00,197.86885245901638
2021-02-18 00:00:00+00:00,164.4262295081967
2021-02-19 00:00:00+00:00,170.0
2021-02-20 00:00:00+00:00,211.80327868852459
2021-02-21 00:00:00+00:00,178.36065573770492
2021-02-22 00:00:00+00:00,206.2295081967213
2021-02-23 00:00:00+00:00,267.54098360655735
2021-02-24 00:00:00+00:00,209.01639344262296
2021-02-25 00:00:00+00:00,158.85245901639345
2021-02-26 00:00:00+00:00,170.0
2021-02-27 00:00:00+00:00,130.98360655737704
2021-02-28 00:00:00+00:00,144.91803278688525
2021-03-01 00:00:00+00:00,136.55737704918033
2021-03-02 00:00:00+00:00,128.19672131147541
2021-03-03 00:00:00+00:00,128.19672131147541
2021-03-04 00:00:00+00:00,114.26229508196721
2021-03-05 00:00:00+00:00,111.47540983606558
2021-03-06 00:00:00+00:00,100.32786885245902
2021-03-07 00:00:00+00:00,105.90163934426229
2021-03-08 00:00:00+00:00,108.68852459016394
2021-03-09 00:00:00+00:00,128.19672131147541
2021-03-10 00:00:00+00:00,128.19672131147541
2021-03-11 00:00:00+00:00,117.04918032786885
2021-03-12 00:00:00+00:00,117.04918032786885
2021-03-13 00:00:00+00:00,153.27868852459017
2021-03-14 00:00:00+00:00,147.70491803278688
2021-03-15 00:00:00+00:00,130.98360655737704
2021-03-16 00:00:00+00:00,122.62295081967213
2021-03-17 00:00:00+00:00,117.04918032786885
2021-03-18 00:00:00+00:00,114.26229508196721
2021-03-19 00:00:00+00:00,105.90163934426229
2021-03-20 00:00:00+00:00,100.32786885245902
2021-03-21 00:00:00+00:00,103.11475409836065
2021-03-22 00:00:00+00:00,103.11475409836065
2021-03-23 00:00:00+00:00,108.68852459016394
2021-03-24 00:00:00+00:00,117.04918032786885
2021-03-25 00:00:00+00:00,128.19672131147541
2021-03-26 00:00:00+00:00,100.32786885245902
2021-03-27 00:00:00+00:00,96.6120218579235
2021-03-28 00:00:00+00:00,92.89617486338798
2021-03-29 00:00:00+00:00,104.04371584699454
2021-03-30 00:00:00+00:00,104.04371584699454
2021-03-31 00:00:00+00:00,107.75956284153006
2021-04-01 00:00:00+00:00,118.90710382513662
2021-04-02 00:00:00+00:00,104.04371584699454
2021-04-03 00:00:00+00:00,96.6120218579235
2021-04-04 00:00:00+00:00,92.89617486338798
2021-04-05 00:00:00+00:00,100.32786885245902
2021-04-06 00:00:00+00:00,96.6120218579235
2021-04-07 00:00:00+00:00,92.89617486338798
2021-04-08 00:00:00+00:00,92.89617486338798
2021-04-09 00:00:00+00:00,89.18032786885246
2021-04-10 00:00:00+00:00,96.6120218579235
2021-04-11 00:00:00+00:00,96.6120218579235
2021-04-12 00:00:00+00:00,96.6120218579235
2021-04-13 00:00:00+00:00,130.05464480874318
2021-04-14 00:00:00+00:00,144.91803278688525
2021-04-15 00:00:00+00:00,122.62295081967214
2021-04-16 00:00:00+00:00,144.91803278688525
2021-04-17 00:00:00+00:00,107.75956284153006
2021-04-18 00:00:00+00:00,196.9398907103825
2021-04-19 00:00:00+00:00,156.0655737704918
2021-04-20 00:00:00+00:00,137.4863387978142
2021-04-21 00:00:00+00:00,115.19125683060109
2021-04-22 00:00:00+00:00,130.05464480874318
2021-04-23 00:00:00+00:00,204.37158469945356
2021-04-24 00:00:00+00:00,141.20218579234972
2021-04-25 00:00:00+00:00,126.33879781420765
2021-04-26 00:00:00+00:00,133.7704918032787
2021-04-27 00:00:00+00:00,126.33879781420765
2021-04-28 00:00:00+00:00,115.19125683060109
2021-04-29 00:00:00+00:00,107.75956284153006
2021-04-30 00:00:00+00:00,100.32786885245902
2021-05-01 00:00:00+00:00,96.6120218579235
2021-05-02 00:00:00+00:00,89.18032786885246
2021-05-03 00:00:00+00:00,104.04371584699454
2021-05-04 00:00:00+00:00,107.75956284153006
2021-05-05 00:00:00+00:00,111.47540983606558
2021-05-06 00:00:00+00:00,104.04371584699454
2021-05-07 00:00:00+00:00,96.6120218579235
2021-05-08 00:00:00+00:00,96.6120218579235
2021-05-09 00:00:00+00:00,100.32786885245902
2021-05-10 00:00:00+00:00,104.04371584699454
2021-05-11 00:00:00+00:00,100.32786885245902
2021-05-12 00:00:00+00:00,104.04371584699454
2021-05-13 00:00:00+00:00,252.6775956284153
2021-05-14 00:00:00+00:00,159.78142076502732
2021-05-15 00:00:00+00:00,126.33879781420765
2021-05-16 00:00:00+00:00,130.05464480874318
2021-05-17 00:00:00+00:00,193.224043715847
2021-05-18 00:00:00+00:00,144.91803278688525
2021-05-19 00:00:00+00:00,371.58469945355193
2021-05-20 00:00:00+00:00,278.6885245901639
2021-05-21 00:00:00+00:00,211.80327868852459
2021-05-22 00:00:00+00:00,196.9398907103825
2021-05-23 00:00:00+00:00,219.23497267759564
2021-05-24 00:00:00+00:00,208.0874316939891
2021-05-25 00:00:00+00:00,163.49726775956285
2021-05-26 00:00:00+00:00,144.91803278688525
2021-05-27 00:00:00+00:00,130.05464480874318
2021-05-28 00:00:00+00:00,137.4863387978142
2021-05-29 00:00:00+00:00,133.7704918032787
2021-05-30 00:00:00+00:00,122.62295081967214
2021-05-31 00:00:00+00:00,118.90710382513662
2021-06-01 00:00:00+00:00,115.19125683060109
2021-06-02 00:00:00+00:00,111.47540983606558
2021-06-03 00:00:00+00:00,118.90710382513662
2021-06-04 00:00:00+00:00,122.62295081967214
2021-06-05 00:00:00+00:00,107.75956284153006
2021-06-06 00:00:00+00:00,115.19125683060109
2021-06-07 00:00:00+00:00,111.47540983606558
2021-06-08 00:00:00+00:00,152.3497267759563
2021-06-09 00:00:00+00:00,141.20218579234972
2021-06-10 00:00:00+00:00,122.62295081967214
2021-06-11 00:00:00+00:00,104.04371584699454
2021-06-12 00:00:00+00:00,92.89617486338798
2021-06-13 00:00:00+00:00,92.89617486338798
2021-06-14 00:00:00+00:00,118.90710382513662
2021-06-15 00:00:00+00:00,96.6120218579235
2021-06-16 00:00:00+00:00,92.89617486338798
2021-06-17 00:00:00+00:00,85.46448087431695
2021-06-18 00:00:00+00:00,85.46448087431695
2021-06-19 00:00:00+00:00,78.0327868852459
2021-06-20 00:00:00+00:00,89.18032786885246
2021-06-21 00:00:00+00:00,130.05464480874318
2021-06-22 00:00:00+00:00,167.21311475409837
2021-06-23 00:00:00+00:00,115.19125683060109
2021-06-24 00:00:00+00:00,96.6120218579235
2021-06-25 00:00:00+00:00,96.6120218579235
2021-06-26 00:00:00+00:00,92.89617486338798
2021-06-27 00:00:00+00:00,81.74863387978142
2021-06-28 00:00:00+00:00,92.89617486338798
2021-06-29 00:00:00+00:00,89.18032786885246
2021-06-30 00:00:00+00:00,81.74863387978142
2021-07-01 00:00:00+00:00,78.0327868852459
2021-07-02 00:00:00+00:00,74.31693989071039
2021-07-03 00:00:00+00:00,70.60109289617486
2021-07-04 00:00:00+00:00,74.31693989071039
2021-07-05 00:00:00+00:00,74.31693989071039
2021-07-06 00:00:00+00:00,70.60109289617486
2021-07-07 00:00:00+00:00,63.169398907103826
2021-07-08 00:00:00+00:00,70.60109289617486
2021-07-09 00:00:00+00:00,66.88524590163935
2021-07-10 00:00:00+00:00,59.45355191256831
2021-07-11 00:00:00+00:00,59.45355191256831
2021-07-12 00:00:00+00:00,66.88524590163935
2021-07-13 00:00:00+00:00,66.88524590163935
2021-07-14 00:00:00+00:00,66.88524590163935
2021-07-15 00:00:00+00:00,66.88524590163935
2021-07-16 00:00:00+00:00,70.60109289617486
2021-07-17 00:00:00+00:00,63.169398907103826
2021-07-18 00:00:00+00:00,63.169398907103826
2021-07-19 00:00:00+00:00,74.31693989071039
2021-07-20 00:00:00+00:00,92.89617486338798
2021-07-21 00:00:00+00:00,89.18032786885246
2021-07-22 00:00:00+00:00,81.74863387978142
2021-07-23 00:00:00+00:00,70.60109289617486
2021-07-24 00:00:00+00:00,70.60109289617486
2021-07-25 00:00:00+00:00,66.88524590163935
2021-07-26 00:00:00+00:00,122.62295081967214
2021-07-27 00:00:00+00:00,96.6120218579235
2021-07-28 00:00:00+00:00,85.46448087431695
2021-07-29 00:00:00+00:00,78.0327868852459
2021-07-30 00:00:00+00:00,74.31693989071039
2021-07-31 00:00:00+00:00,78.0327868852459
2021-08-01 00:00:00+00:00,74.31693989071039
2021-08-02 00:00:00+00:00,74.31693989071039
2021-08-03 00:00:00+00:00,70.60109289617486
2021-08-04 00:00:00+00:00,63.169398907103826
2021-08-05 00:00:00+00:00,70.60109289617486
2021-08-06 00:00:00+00:00,74.31693989071039
2021-08-07 00:00:00+00:00,81.74863387978142
2021-08-08 00:00:00+00:00,81.74863387978142
2021-08-09 00:00:00+00:00,89.18032786885246
2021-08-10 00:00:00+00:00,89.18032786885246
2021-08-11 00:00:00+00:00,89.18032786885246
2021-08-12 00:00:00+00:00,81.74863387978142
2021-08-13 00:00:00+00:00,78.0327868852459
2021-08-14 00:00:00+00:00,78.0327868852459
2021-08-15 00:00:00+00:00,78.0327868852459
2021-08-16 00:00:00+00:00,78.0327868852459
2021-08-17 00:00:00+00:00,74.31693989071039
2021-08-18 00:00:00+00:00,74.31693989071039
2021-08-19 00:00:00+00:00,66.88524590163935
2021-08-20 00:00:00+00:00,78.0327868852459
2021-08-21 00:00:00+00:00,74.31693989071039
2021-08-22 00:00:00+00:00,66.88524590163935
2021-08-23 00:00:00+00:00,92.89617486338798
2021-08-24 00:00:00+00:00,82.76204669647294
2021-08-25 00:00:00+00:00,74.31693989071039
2021-08-26 00:00:00+00:00,70.93889716840538
2021-08-27 00:00:00+00:00,67.56085444610035
2021-08-28 00:00:00+00:00,64.18281172379534
2021-08-29 00:00:00+00:00,60.80476900149032
2021-08-30 00:00:00+00:00,64.18281172379534
2021-08-31 00:00:00+00:00,64.18281172379534
2021-09-01 00:00:00+00:00,62.49379036264283
2021-09-02 00:00:00+00:00,67.56085444610035
2021-09-03 00:00:00+00:00,69.24987580725286
2021-09-04 00:00:00+00:00,60.80476900149032
2021-09-05 00:00:00+00:00,62.49379036264283
2021-09-06 00:00:00+00:00,76.0059612518629
2021-09-07 00:00:00+00:00,118.23149528067562
2021-09-08 00:00:00+00:00,111.47540983606558
2021-09-09 00:00:00+00:00,82.76204669647294
2021-09-10 00:00:00+00:00,70.93889716840538
2021-09-11 00:00:00+00:00,64.18281172379534
2021-09-12 00:00:00+00:00,60.80476900149032
2021-09-13 00:00:00+00:00,69.24987580725286
2021-09-14 00:00:00+00:00,65.87183308494785
2021-09-15 00:00:00+00:00,62.49379036264283
2021-09-16 00:00:00+00:00,65.87183308494785
2021-09-17 00:00:00+00:00,60.80476900149032
2021-09-18 00:00:00+00:00,57.4267262791853
2021-09-19 00:00:00+00:00,52.35966219572778
2021-09-20 00:00:00+00:00,82.76204669647294
2021-09-21 00:00:00+00:00,87.82911077993046
2021-09-22 00:00:00+00:00,74.31693989071039
2021-09-23 00:00:00+00:00,72.62791852955789
2021-09-24 00:00:00+00:00,99.65226030799802
2021-09-25 00:00:00+00:00,74.31693989071039
2021-09-26 00:00:00+00:00,60.80476900149032
2021-09-27 00:00:00+00:00,65.87183308494785
2021-09-28 00:00:00+00:00,64.18281172379534
2021-09-29 00:00:00+00:00,62.49379036264283
2021-09-30 00:00:00+00:00,60.80476900149032
2021-10-01 00:00:00+00:00,72.62791852955789
2021-10-02 00:00:00+00:00,64.18281172379534
2021-10-03 00:00:00+00:00,60.80476900149032
2021-10-04 00:00:00+00:00,67.56085444610035
2021-10-05 00:00:00+00:00,79.38400397416792
2021-10-06 00:00:00+00:00,99.65226030799802
2021-10-07 00:00:00+00:00,87.82911077993046
2021-10-08 00:00:00+00:00,76.0059612518629
2021-10-09 00:00:00+00:00,69.24987580725286
2021-10-10 00:00:00+00:00,67.56085444610035
2021-10-11 00:00:00+00:00,77.69498261301541
2021-10-12 00:00:00+00:00,82.76204669647294
2021-10-13 00:00:00+00:00,72.62791852955789
2021-10-14 00:00:00+00:00,76.0059612518629
2021-10-15 00:00:00+00:00,111.47540983606558
2021-10-16 00:00:00+00:00,97.96323894684552
2021-10-17 00:00:00+00:00,81.07302533532042
2021-10-18 00:00:00+00:00,91.20715350223549
2021-10-19 00:00:00+00:00,109.78638847491308
2021-10-20 00:00:00+00:00,141.87779433681075
2021-10-21 00:00:00+00:00,128.36562344759068
2021-10-22 00:00:00+00:00,104.71932439145556
2021-10-23 00:00:00+00:00,82.76204669647294
2021-10-24 00:00:00+00:00,72.62791852955789
2021-10-25 00:00:00+00:00,87.82911077993046
2021-10-26 00:00:00+00:00,92.89617486338798
2021-10-27 00:00:00+00:00,97.96323894684552
2021-10-28 00:00:00+00:00,91.20715350223549
2021-10-29 00:00:00+00:00,82.76204669647294
2021-10-30 00:00:00+00:00,69.24987580725286
2021-10-31 00:00:00+00:00,67.56085444610035
2021-11-01 00:00:00+00:00,72.62791852955789
2021-11-02 00:00:00+00:00,81.07302533532042
2021-11-03 00:00:00+00:00,72.62791852955789
2021-11-04 00:00:00+00:00,72.62791852955789
2021-11-05 00:00:00+00:00,72.62791852955789
2021-11-06 00:00:00+00:00,62.49379036264283
2021-11-07 00:00:00+00:00,62.49379036264283
2021-11-08 00:00:00+00:00,91.20715350223549
2021-11-09 00:00:00+00:00,104.71932439145556
2021-11-10 00:00:00+00:00,96.27421758569301
2021-11-11 00:00:00+00:00,82.76204669647294
2021-11-12 00:00:00+00:00,81.07302533532042
2021-11-13 00:00:00+00:00,70.93889716840538
2021-11-14 00:00:00+00:00,76.0059612518629
2021-11-15 00:00:00+00:00,77.69498261301541
2021-11-16 00:00:00+00:00,101.34128166915053
2021-11-17 00:00:00+00:00,89.51813214108297
2021-11-18 00:00:00+00:00,92.89617486338798
2021-11-19 00:00:00+00:00,86.14008941877795
2021-11-20 00:00:00+00:00,72.62791852955789
2021-11-21 00:00:00+00:00,69.24987580725286
2021-11-22 00:00:00+00:00,79.38400397416792
2021-11-23 00:00:00+00:00,86.14008941877795
2021-11-24 00:00:00+00:00,87.82911077993046
2021-11-25 00:00:00+00:00,74.31693989071039
2021-11-26 00:00:00+00:00,92.89617486338798
2021-11-27 00:00:00+00:00,76.0059612518629
2021-11-28 00:00:00+00:00,70.93889716840538
2021-11-29 00:00:00+00:00,79.38400397416792
2021-11-30 00:00:00+00:00,81.07302533532042
2021-12-01 00:00:00+00:00,74.31693989071039
2021-12-02 00:00:00+00:00,67.56085444610035
2021-12-03 00:00:00+00:00,70.93889716840538
2021-12-04 00:00:00+00:00,162.14605067064085
2021-12-05 00:00:00+00:00,116.54247391952312
2021-12-06 00:00:00+00:00,106.40834575260806
2021-12-07 00:00:00+00:00,94.5851962245405
2021-12-08 00:00:00+00:00,81.07302533532042
2021-12-09 00:00:00+00:00,84.45106805762545
2021-12-10 00:00:00+00:00,84.45106805762545
2021-12-11 00:00:00+00:00,74.31693989071039
2021-12-12 00:00:00+00:00,69.24987580725286
2021-12-13 00:00:00+00:00,84.45106805762545
2021-12-14 00:00:00+00:00,91.20715350223549
2021-12-15 00:00:00+00:00,84.45106805762545
2021-12-16 00:00:00+00:00,77.69498261301541
2021-12-17 00:00:00+00:00,76.0059612518629
2021-12-18 00:00:00+00:00,67.56085444610035
2021-12-19 00:00:00+00:00,65.87183308494785
2021-12-20 00:00:00+00:00,74.31693989071039
2021-12-21 00:00:00+00:00,76.0059612518629
2021-12-22 00:00:00+00:00,74.31693989071039
2021-12-23 00:00:00+00:00,70.93889716840538
2021-12-24 00:00:00+00:00,74.31693989071039
2021-12-25 00:00:00+00:00,70.93889716840538
2021-12-26 00:00:00+00:00,67.56085444610035
2021-12-27 00:00:00+00:00,70.93889716840538
2021-12-28 00:00:00+00:00,72.62791852955789
2021-12-29 00:00:00+00:00,76.0059612518629
2021-12-30 00:00:00+00:00,70.93889716840538
2021-12-31 00:00:00+00:00,69.24987580725286
2022-01-01 00:00:00+00:00,72.62791852955789
2022-01-02 00:00:00+00:00,70.93889716840538
2022-01-03 00:00:00+00:00,72.62791852955789
2022-01-04 00:00:00+00:00,150.3229011425733
2022-01-05 00:00:00+00:00,65.87183308494785
2022-01-06 00:00:00+00:00,97.96323894684552
2022-01-07 00:00:00+00:00,114.8534525583706
2022-01-08 00:00:00+00:00,106.40834575260806
2022-01-09 00:00:00+00:00,92.89617486338798
2022-01-10 00:00:00+00:00,103.03030303030305
2022-01-11 00:00:00+00:00,94.5851962245405
2022-01-12 00:00:00+00:00,87.82911077993046
2022-01-13 00:00:00+00:00,168.9021361152509
2022-01-14 00:00:00+00:00,64.18281172379534
2022-01-15 00:00:00+00:00,69.24987580725286
2022-01-16 00:00:00+00:00,124.98758072528565
2022-01-17 00:00:00+00:00,64.18281172379534
2022-01-18 00:00:00+00:00,69.24987580725286
2022-01-19 00:00:00+00:00,65.87183308494785
2022-01-20 00:00:00+00:00,67.56085444610035
2022-01-21 00:00:00+00:00,138.6775433367323
2022-01-22 00:00:00+00:00,177.79172222657985
2022-01-23 00:00:00+00:00,128.0100400031375
2022-01-24 00:00:00+00:00,355.5834444531597
2022-01-25 00:00:00+00:00,110.23086778047951
2022-01-26 00:00:00+00:00,110.23086778047951
2022-01-27 00:00:00+00:00,99.56336444688472
2022-01-28 00:00:00+00:00,99.56336444688472
2022-01-29 00:00:00+00:00,88.89586111328993
2022-01-30 00:00:00+00:00,81.78419222422674
2022-01-31 00:00:00+00:00,85.34002666875833
2022-02-01 00:00:00+00:00,92.45169555782152
2022-02-02 00:00:00+00:00,85.34002666875833
2022-02-03 00:00:00+00:00,85.34002666875833
2022-02-04 00:00:00+00:00,96.00753000235312
2022-02-05 00:00:00+00:00,96.00753000235312
2022-02-06 00:00:00+00:00,74.67252333516355
2022-02-07 00:00:00+00:00,96.00753000235312
2022-02-08 00:00:00+00:00,88.89586111328993
2022-02-09 00:00:00+00:00,88.89586111328993
2022-02-10 00:00:00+00:00,71.11668889063195
2022-02-11 00:00:00+00:00,81.78419222422674
2022-02-12 00:00:00+00:00,71.11668889063195
2022-02-13 00:00:00+00:00,64.00502000156875
2022-02-14 00:00:00+00:00,74.67252333516355
2022-02-15 00:00:00+00:00,74.67252333516355
2022-02-16 00:00:00+00:00,67.56085444610035
2022-02-17 00:00:00+00:00,74.67252333516355
2022-02-18 00:00:00+00:00,78.22835777969514
2022-02-19 00:00:00+00:00,64.00502000156875
2022-02-20 00:00:00+00:00,74.67252333516355
2022-02-21 00:00:00+00:00,81.78419222422674
2022-02-22 00:00:00+00:00,88.89586111328993
2022-02-23 00:00:00+00:00,74.67252333516355
2022-02-24 00:00:00+00:00,149.3450466703271
2022-02-25 00:00:00+00:00,103.11919889141632
2022-02-26 00:00:00+00:00,78.22835777969514
2022-02-27 00:00:00+00:00,78.22835777969514
2022-02-28 00:00:00+00:00,92.45169555782152
2022-03-01 00:00:00+00:00,103.11919889141632
2022-03-02 00:00:00+00:00,96.00753000235312
2022-03-03 00:00:00+00:00,81.78419222422674
2022-03-04 00:00:00+00:00,81.78419222422674
2022-03-05 00:00:00+00:00,67.56085444610035
2022-03-06 00:00:00+00:00,67.56085444610035
2022-03-07 00:00:00+00:00,81.78419222422674
2022-03-08 00:00:00+00:00,74.67252333516355
2022-03-09 00:00:00+00:00,85.34002666875833
2022-03-10 00:00:00+00:00,74.67252333516355
2022-03-11 00:00:00+00:00,71.11668889063195
2022-03-12 00:00:00+00:00,64.00502000156875
2022-03-13 00:00:00+00:00,60.449185557037154
2022-03-14 00:00:00+00:00,64.00502000156875
2022-03-15 00:00:00+00:00,64.00502000156875
2022-03-16 00:00:00+00:00,67.56085444610035
2022-03-17 00:00:00+00:00,60.449185557037154
2022-03-18 00:00:00+00:00,60.449185557037154
2022-03-19 00:00:00+00:00,56.893351112505556
2022-03-20 00:00:00+00:00,56.893351112505556
2022-03-21 00:00:00+00:00,60.449185557037154
2022-03-22 00:00:00+00:00,64.00502000156875
2022-03-23 00:00:00+00:00,60.449185557037154
2022-03-24 00:00:00+00:00,67.56085444610035
2022-03-25 00:00:00+00:00,67.56085444610035
2022-03-26 00:00:00+00:00,56.893351112505556
2022-03-27 00:00:00+00:00,64.00502000156875
2022-03-28 00:00:00+00:00,81.78419222422674
2022-03-29 00:00:00+00:00,74.67252333516355
2022-03-30 00:00:00+00:00,64.00502000156875
2022-03-31 00:00:00+00:00,64.00502000156875
2022-04-01 00:00:00+00:00,64.00502000156875
2022-04-02 00:00:00+00:00,56.893351112505556
2022-04-03 00:00:00+00:00,56.893351112505556
2022-04-04 00:00:00+00:00,56.893351112505556
2022-04-05 00:00:00+00:00,56.893351112505556
2022-04-06 00:00:00+00:00,67.56085444610035
2022-04-07 00:00:00+00:00,60.449185557037154
2022-04-08 00:00:00+00:00,56.893351112505556
2022-04-09 00:00:00+00:00,53.33751666797396
2022-04-10 00:00:00+00:00,49.78168222344236
2022-04-11 00:00:00+00:00,67.56085444610035
2022-04-12 00:00:00+00:00,64.00502000156875
2022-04-13 00:00:00+00:00,60.449185557037154
2022-04-14 00:00:00+00:00,56.893351112505556
2022-04-15 00:00:00+00:00,53.33751666797396
2022-04-16 00:00:00+00:00,49.78168222344236
2022-04-17 00:00:00+00:00,46.22584777891076
2022-04-18 00:00:00+00:00,56.893351112505556
2022-04-19 00:00:00+00:00,49.78168222344236
2022-04-20 00:00:00+00:00,49.78168222344236
2022-04-21 00:00:00+00:00,53.33751666797396
2022-04-22 00:00:00+00:00,53.33751666797396
2022-04-23 00:00:00+00:00,46.22584777891076
2022-04-24 00:00:00+00:00,46.22584777891076
2022-04-25 00:00:00+00:00,60.449185557037154
2022-04-26 00:00:00+00:00,56.893351112505556
2022-04-27 00:00:00+00:00,56.893351112505556
2022-04-28 00:00:00+00:00,56.893351112505556
2022-04-29 00:00:00+00:00,49.78168222344236
2022-04-30 00:00:00+00:00,49.78168222344236
2022-05-01 00:00:00+00:00,53.33751666797396
2022-05-02 00:00:00+00:00,53.33751666797396
2022-05-03 00:00:00+00:00,53.33751666797396
2022-05-04 00:00:00+00:00,53.33751666797396
2022-05-05 00:00:00+00:00,64.00502000156875
2022-05-06 00:00:00+00:00,67.56085444610035
2022-05-07 00:00:00+00:00,49.78168222344236
2022-05-08 00:00:00+00:00,64.00502000156875
2022-05-09 00:00:00+00:00,113.78670222501111
2022-05-10 00:00:00+00:00,113.78670222501111
2022-05-11 00:00:00+00:00,131.5658744476691
2022-05-12 00:00:00+00:00,199.12672889376944
2022-05-13 00:00:00+00:00,149.3450466703271
2022-05-14 00:00:00+00:00,106.67503333594792
2022-05-15 00:00:00+00:00,92.45169555782152
2022-05-16 00:00:00+00:00,96.00753000235312
2022-05-17 00:00:00+00:00,88.89586111328993
2022-05-18 00:00:00+00:00,85.34002666875833
2022-05-19 00:00:00+00:00,81.78419222422674
2022-05-20 00:00:00+00:00,74.67252333516355
2022-05-21 00:00:00+00:00,67.56085444610035
2022-05-22 00:00:00+00:00,64.00502000156875
2022-05-23 00:00:00+00:00,71.11668889063195
2022-05-24 00:00:00+00:00,71.11668889063195
2022-05-25 00:00:00+00:00,67.56085444610035
2022-05-26 00:00:00+00:00,67.56085444610035
2022-05-27 00:00:00+00:00,71.11668889063195
2022-05-28 00:00:00+00:00,60.449185557037154
2022-05-29 00:00:00+00:00,53.33751666797396
2022-05-30 00:00:00+00:00,67.56085444610035
2022-05-31 00:00:00+00:00,64.00502000156875
2022-06-01 00:00:00+00:00,60.449185557037154
2022-06-02 00:00:00+00:00,60.449185557037154
2022-06-03 00:00:00+00:00,60.449185557037154
2022-06-04 00:00:00+00:00,49.78168222344236
2022-06-05 00:00:00+00:00,49.78168222344236
2022-06-06 00:00:00+00:00,60.449185557037154
2022-06-07 00:00:00+00:00,64.00502000156875
2022-06-08 00:00:00+00:00,56.893351112505556
2022-06-09 00:00:00+00:00,56.893351112505556
2022-06-10 00:00:00+00:00,53.33751666797396
2022-06-11 00:00:00+00:00,56.893351112505556
2022-06-12 00:00:00+00:00,71.11668889063195
2022-06-13 00:00:00+00:00,192.01506000470624
2022-06-14 00:00:00+00:00,181.34755667111145
2022-06-15 00:00:00+00:00,170.68005333751665
2022-06-16 00:00:00+00:00,145.7892122257955
2022-06-17 00:00:00+00:00,124.4542055586059
2022-06-18 00:00:00+00:00,192.01506000470624
2022-06-19 00:00:00+00:00,174.23588778204825
2022-06-20 00:00:00+00:00,139.38871022563862
2022-06-21 00:00:00+00:00,118.48040369179282
2022-06-22 00:00:00+00:00,108.02625042486991
2022-06-23 00:00:00+00:00,92.34502052448558
2022-06-24 00:00:00+00:00,88.86030276884462
2022-06-25 00:00:00+00:00,74.92143174628075
2022-06-26 00:00:00+00:00,74.92143174628075
2022-06-27 00:00:00+00:00,85.37558501320365
2022-06-28 00:00:00+00:00,80.1485083797422
2022-06-29 00:00:00+00:00,80.1485083797422
2022-06-30 00:00:00+00:00,99.3144560357675
2022-07-01 00:00:00+00:00,92.34502052448558
2022-07-02 00:00:00+00:00,78.40614950192172
2022-07-03 00:00:00+00:00,81.89086725756268
2022-07-04 00:00:00+00:00,80.1485083797422
2022-07-05 00:00:00+00:00,88.86030276884462
2022-07-06 00:00:00+00:00,76.66379062410124
2022-07-07 00:00:00+00:00,76.66379062410124
2022-07-08 00:00:00+00:00,74.92143174628075
2022-07-09 00:00:00+00:00,59.24020184589641
2022-07-10 00:00:00+00:00,60.982560723716894
2022-07-11 00:00:00+00:00,73.17907286846027
2022-07-12 00:00:00+00:00,71.43671399063979
2022-07-13 00:00:00+00:00,71.43671399063979
2022-07-14 00:00:00+00:00,71.43671399063979
2022-07-15 00:00:00+00:00,64.46727847935786
2022-07-16 00:00:00+00:00,59.24020184589641
2022-07-17 00:00:00+00:00,57.49784296807593
2022-07-18 00:00:00+00:00,73.17907286846027
2022-07-19 00:00:00+00:00,71.43671399063979
2022-07-20 00:00:00+00:00,78.40614950192172
2022-07-21 00:00:00+00:00,87.11794389102413
2022-07-22 00:00:00+00:00,69.69435511281931
2022-07-23 00:00:00+00:00,57.49784296807593
2022-07-24 00:00:00+00:00,54.01312521243496
2022-07-25 00:00:00+00:00,62.72491960153737
2022-07-26 00:00:00+00:00,64.46727847935786
2022-07-27 00:00:00+00:00,59.24020184589641
2022-07-28 00:00:00+00:00,64.46727847935786
2022-07-29 00:00:00+00:00,60.982560723716894
2022-07-30 00:00:00+00:00,54.01312521243496
2022-07-31 00:00:00+00:00,54.01312521243496
2022-08-01 00:00:00+00:00,59.24020184589641
2022-08-02 00:00:00+00:00,55.75548409025544
2022-08-03 00:00:00+00:00,57.49784296807593
2022-08-04 00:00:00+00:00,54.01312521243496
2022-08-05 00:00:00+00:00,52.27076633461448
2022-08-06 00:00:00+00:00,45.30133082333255
2022-08-07 00:00:00+00:00,43.55897194551206
2022-08-08 00:00:00+00:00,54.01312521243496
2022-08-09 00:00:00+00:00,54.01312521243496
2022-08-10 00:00:00+00:00,54.01312521243496
2022-08-11 00:00:00+00:00,55.75548409025544
2022-08-12 00:00:00+00:00,52.27076633461448
2022-08-13 00:00:00+00:00,47.04368970115303
2022-08-14 00:00:00+00:00,48.786048578973514
2022-08-15 00:00:00+00:00,52.27076633461448
2022-08-16 00:00:00+00:00,48.786048578973514
2022-08-17 00:00:00+00:00,50.52840745679399
2022-08-18 00:00:00+00:00,47.04368970115303
2022-08-19 00:00:00+00:00,64.46727847935786
2022-08-20 00:00:00+00:00,52.27076633461448
2022-08-21 00:00:00+00:00,47.04368970115303
2022-08-22 00:00:00+00:00,54.01312521243496
2022-08-23 00:00:00+00:00,48.786048578973514
2022-08-24 00:00:00+00:00,47.04368970115303
2022-08-25 00:00:00+00:00,47.04368970115303
2022-08-26 00:00:00+00:00,50.52840745679399
2022-08-27 00:00:00+00:00,50.52840745679399
2022-08-28 00:00:00+00:00,48.786048578973514
2022-08-29 00:00:00+00:00,57.49784296807593
2022-08-30 00:00:00+00:00,54.01312521243496
2022-08-31 00:00:00+00:00,50.52840745679399
2022-09-01 00:00:00+00:00,48.786048578973514
2022-09-02 00:00:00+00:00,45.30133082333255
2022-09-03 00:00:00+00:00,41.816613067691584
2022-09-04 00:00:00+00:00,43.55897194551206
2022-09-05 00:00:00+00:00,45.30133082333255
2022-09-06 00:00:00+00:00,50.52840745679399
2022-09-07 00:00:00+00:00,59.24020184589641
2022-09-08 00:00:00+00:00,50.52840745679399
2022-09-09 00:00:00+00:00,54.01312521243496
2022-09-10 00:00:00+00:00,45.30133082333255
2022-09-11 00:00:00+00:00,43.55897194551206
2022-09-12 00:00:00+00:00,48.786048578973514
2022-09-13 00:00:00+00:00,50.52840745679399
2022-09-14 00:00:00+00:00,52.27076633461448
2022-09-15 00:00:00+00:00,52.27076633461448
2022-09-16 00:00:00+00:00,50.52840745679399
2022-09-17 00:00:00+00:00,41.816613067691584
2022-09-18 00:00:00+00:00,41.816613067691584
2022-09-19 00:00:00+00:00,60.982560723716894
2022-09-20 00:00:00+00:00,55.75548409025544
2022-09-21 00:00:00+00:00,55.75548409025544
2022-09-22 00:00:00+00:00,52.27076633461448
2022-09-23 00:00:00+00:00,50.52840745679399
2022-09-24 00:00:00+00:00,45.30133082333255
2022-09-25 00:00:00+00:00,43.55897194551206
2022-09-26 00:00:00+00:00,50.52840745679399
2022-09-27 00:00:00+00:00,54.01312521243496
2022-09-28 00:00:00+00:00,48.786048578973514
2022-09-29 00:00:00+00:00,48.786048578973514
2022-09-30 00:00:00+00:00,45.30133082333255
2022-10-01 00:00:00+00:00,40.0742541898711
2022-10-02 00:00:00+00:00,38.33189531205062
2022-10-03 00:00:00+00:00,47.04368970115303
2022-10-04 00:00:00+00:00,47.04368970115303
2022-10-05 00:00:00+00:00,43.55897194551206
2022-10-06 00:00:00+00:00,41.816613067691584
2022-10-07 00:00:00+00:00,41.816613067691584
2022-10-08 00:00:00+00:00,36.58953643423013
2022-10-09 00:00:00+00:00,36.58953643423013
2022-10-10 00:00:00+00:00,41.816613067691584
2022-10-11 00:00:00+00:00,41.816613067691584
2022-10-12 00:00:00+00:00,40.0742541898711
2022-10-13 00:00:00+00:00,45.30133082333255
2022-10-14 00:00:00+00:00,41.816613067691584
2022-10-15 00:00:00+00:00,36.58953643423013
2022-10-16 00:00:00+00:00,34.847177556409655
2022-10-17 00:00:00+00:00,40.0742541898711
2022-10-18 00:00:00+00:00,41.816613067691584
2022-10-19 00:00:00+00:00,38.33189531205062
2022-10-20 00:00:00+00:00,40.0742541898711
2022-10-21 00:00:00+00:00,40.0742541898711
2022-10-22 00:00:00+00:00,34.847177556409655
2022-10-23 00:00:00+00:00,33.10481867858917
2022-10-24 00:00:00+00:00,38.33189531205062
2022-10-25 00:00:00+00:00,41.816613067691584
2022-10-26 00:00:00+00:00,45.30133082333255
2022-10-27 00:00:00+00:00,41.816613067691584
2022-10-28 00:00:00+00:00,41.816613067691584
2022-10-29 00:00:00+00:00,38.33189531205062
2022-10-30 00:00:00+00:00,36.58953643423013
2022-10-31 00:00:00+00:00,43.55897194551206
2022-11-01 00:00:00+00:00,38.33189531205062
2022-11-02 00:00:00+00:00,40.0742541898711
2022-11-03 00:00:00+00:00,38.33189531205062
2022-11-04 00:00:00+00:00,41.816613067691584
2022-11-05 00:00:00+00:00,36.58953643423013
2022-11-06 00:00:00+00:00,34.847177556409655
2022-11-07 00:00:00+00:00,40.0742541898711
2022-11-08 00:00:00+00:00,59.24020184589641
2022-11-09 00:00:00+00:00,101.05681491358798
2022-11-10 00:00:00+00:00,111.51096818051089
2022-11-11 00:00:00+00:00,92.34502052448558
2022-11-12 00:00:00+00:00,85.37558501320365
2022-11-13 00:00:00+00:00,78.40614950192172
2022-11-14 00:00:00+00:00,88.86030276884462
2022-11-15 00:00:00+00:00,73.17907286846027
2022-11-16 00:00:00+00:00,73.17907286846027
2022-11-17 00:00:00+00:00,62.934002666875834
2022-11-18 00:00:00+00:00,62.20221193819123
2022-11-19 00:00:00+00:00,51.95714173660679
2022-11-20 00:00:00+00:00,49.761769550552984
2022-11-21 00:00:00+00:00,65.12937485292964
2022-11-22 00:00:00+00:00,64.39758412424504
2022-11-23 00:00:00+00:00,56.347886108714405
2022-11-24 00:00:00+00:00,48.29818809318378
2022-11-25 00:00:00+00:00,48.29818809318378
2022-11-26 00:00:00+00:00,46.10281590712997
2022-11-27 00:00:00+00:00,44.639234449760764
2022-11-28 00:00:00+00:00,51.95714173660679
2022-11-29 00:00:00+00:00,51.22535100792219
2022-11-30 00:00:00+00:00,48.29818809318378
2022-12-01 00:00:00+00:00,49.02997882186838
2022-12-02 00:00:00+00:00,42.443862263706954
2022-12-03 00:00:00+00:00,39.516699348968544
2022-12-04 00:00:00+00:00,40.98028080633775
2022-12-05 00:00:00+00:00,43.17565299239156
2022-12-06 00:00:00+00:00,43.90744372107616
2022-12-07 00:00:00+00:00,44.639234449760764
2022-12-08 00:00:00+00:00,46.83460663581457
2022-12-09 00:00:00+00:00,39.516699348968544
2022-12-10 00:00:00+00:00,32.93058279080712
2022-12-11 00:00:00+00:00,41.71207153502235
2022-12-12 00:00:00+00:00,44.639234449760764
2022-12-13 00:00:00+00:00,49.761769550552984
2022-12-14 00:00:00+00:00,46.83460663581457
2022-12-15 00:00:00+00:00,46.10281590712997
2022-12-16 00:00:00+00:00,46.83460663581457
2022-12-17 00:00:00+00:00,43.17565299239156
2022-12-18 00:00:00+00:00,35.12595497686093
2022-12-19 00:00:00+00:00,44.639234449760764
2022-12-20 00:00:00+00:00,40.98028080633775
2022-12-21 00:00:00+00:00,43.90744372107616
2022-12-22 00:00:00+00:00,43.90744372107616
2022-12-23 00:00:00+00:00,41.71207153502235
2022-12-24 00:00:00+00:00,37.32132716291474
2022-12-25 00:00:00+00:00,38.05311789159934
2022-12-26 00:00:00+00:00,39.516699348968544
2022-12-27 00:00:00+00:00,41.71207153502235
2022-12-28 00:00:00+00:00,42.443862263706954
2022-12-29 00:00:00+00:00,40.98028080633775
2022-12-30 00:00:00+00:00,42.443862263706954
2022-12-31 00:00:00+00:00,36.58953643423013
2023-01-01 00:00:00+00:00,39.516699348968544
2023-01-02 00:00:00+00:00,40.98028080633775
2023-01-03 00:00:00+00:00,41.71207153502235
2023-01-04 00:00:00+00:00,42.443862263706954
2023-01-05 00:00:00+00:00,39.516699348968544
2023-01-06 00:00:00+00:00,41.71207153502235
2023-01-07 00:00:00+00:00,36.58953643423013
2023-01-08 00:00:00+00:00,35.12595497686093
2023-01-09 00:00:00+00:00,40.98028080633775
2023-01-10 00:00:00+00:00,40.98028080633775
2023-01-11 00:00:00+00:00,41.71207153502235
2023-01-12 00:00:00+00:00,50.493560279237585
2023-01-13 00:00:00+00:00,53.420723193975995
2023-01-14 00:00:00+00:00,67.32474703898345
2023-01-15 00:00:00+00:00,54.1525139226606
2023-01-16 00:00:00+00:00,59.27504902345282
2023-01-17 00:00:00+00:00,57.07967683739901
2023-01-18 00:00:00+00:00,51.95714173660679
2023-01-19 00:00:00+00:00,49.02997882186838
2023-01-20 00:00:00+00:00,51.22535100792219
2023-01-21 00:00:00+00:00,57.811467566083614
2023-01-22 00:00:00+00:00,51.95714173660679
2023-01-23 00:00:00+00:00,55.616095380029805
2023-01-24 00:00:00+00:00,51.22535100792219
2023-01-25 00:00:00+00:00,49.761769550552984
2023-01-26 00:00:00+00:00,51.22535100792219
2023-01-27 00:00:00+00:00,46.83460663581457
2023-01-28 00:00:00+00:00,42.443862263706954
2023-01-29 00:00:00+00:00,47.566397364499174
2023-01-30 00:00:00+00:00,49.761769550552984
2023-01-31 00:00:00+00:00,48.29818809318378
2023-02-01 00:00:00+00:00,46.10281590712997
2023-02-02 00:00:00+00:00,55.616095380029805
2023-02-03 00:00:00+00:00,47.566397364499174
2023-02-04 00:00:00+00:00,42.443862263706954
2023-02-05 00:00:00+00:00,43.17565299239156
2023-02-06 00:00:00+00:00,43.90744372107616
2023-02-07 00:00:00+00:00,42.443862263706954
2023-02-08 00:00:00+00:00,44.639234449760764
2023-02-09 00:00:00+00:00,44.639234449760764
2023-02-10 00:00:00+00:00,43.17565299239156
2023-02-11 00:00:00+00:00,37.32132716291474
2023-02-12 00:00:00+00:00,36.58953643423013
2023-02-13 00:00:00+00:00,42.443862263706954
2023-02-14 00:00:00+00:00,40.24849007765315
2023-02-15 00:00:00+00:00,46.83460663581457
2023-02-16 00:00:00+00:00,58.543258294768215
2023-02-17 00:00:00+00:00,49.02997882186838
2023-02-18 00:00:00+00:00,45.371025178445365
2023-02-19 00:00:00+00:00,43.17565299239156
2023-02-20 00:00:00+00:00,43.17565299239156
2023-02-21 00:00:00+00:00,46.10281590712997
2023-02-22 00:00:00+00:00,44.639234449760764
2023-02-23 00:00:00+00:00,42.443862263706954
2023-02-24 00:00:00+00:00,44.639234449760764
2023-02-25 00:00:00+00:00,39.516699348968544
2023-02-26 00:00:00+00:00,35.85774570554553
2023-02-27 00:00:00+00:00,41.71207153502235
2023-02-28 00:00:00+00:00,40.98028080633775
2023-03-01 00:00:00+00:00,37.32132716291474
2023-03-02 00:00:00+00:00,40.24849007765315
2023-03-03 00:00:00+00:00,46.83460663581457
2023-03-04 00:00:00+00:00,39.516699348968544
2023-03-05 00:00:00+00:00,37.32132716291474
2023-03-06 00:00:00+00:00,38.78490862028394
2023-03-07 00:00:00+00:00,37.32132716291474
2023-03-08 00:00:00+00:00,40.24849007765315
2023-03-09 00:00:00+00:00,44.639234449760764
2023-03-10 00:00:00+00:00,57.811467566083614
2023-03-11 00:00:00+00:00,47.566397364499174
2023-03-12 00:00:00+00:00,46.83460663581457
2023-03-13 00:00:00+00:00,67.32474703898345
2023-03-14 00:00:00+00:00,69.52011922503726
2023-03-15 00:00:00+00:00,62.20221193819123
2023-03-16 00:00:00+00:00,55.616095380029805
2023-03-17 00:00:00+00:00,61.470421209506625
2023-03-18 00:00:00+00:00,60.738630480822025
2023-03-19 00:00:00+00:00,62.934002666875834
2023-03-20 00:00:00+00:00,71.71549141109107
2023-03-21 00:00:00+00:00,65.12937485292964
2023-03-22 00:00:00+00:00,63.665793395560435
2023-03-23 00:00:00+00:00,60.738630480822025
2023-03-24 00:00:00+00:00,61.470421209506625
2023-03-25 00:00:00+00:00,50.493560279237585
2023-03-26 00:00:00+00:00,50.493560279237585
2023-03-27 00:00:00+00:00,56.347886108714405
2023-03-28 00:00:00+00:00,54.884304651345204
2023-03-29 00:00:00+00:00,54.884304651345204
2023-03-30 00:00:00+00:00,53.420723193975995
2023-03-31 00:00:00+00:00,51.95714173660679
2023-04-01 00:00:00+00:00,47.566397364499174
2023-04-02 00:00:00+00:00,46.83460663581457
2023-04-03 00:00:00+00:00,52.688932465291394
2023-04-04 00:00:00+00:00,49.761769550552984
2023-04-05 00:00:00+00:00,48.29818809318378
2023-04-06 00:00:00+00:00,48.29818809318378
2023-04-07 00:00:00+00:00,46.83460663581457
2023-04-08 00:00:00+00:00,40.98028080633775
2023-04-09 00:00:00+00:00,42.443862263706954
2023-04-10 00:00:00+00:00,49.02997882186838
2023-04-11 00:00:00+00:00,69.52011922503726
2023-04-12 00:00:00+00:00,60.006839752137424
2023-04-13 00:00:00+00:00,54.1525139226606
2023-04-14 00:00:00+00:00,59.27504902345282
2023-04-15 00:00:00+00:00,49.761769550552984
2023-04-16 00:00:00+00:00,45.933941123587374
2023-04-17 00:00:00+00:00,49.761769550552984
2023-04-18 00:00:00+00:00,52.95162657302433
2023-04-19 00:00:00+00:00,51.67568376403579
2023-04-20 00:00:00+00:00,49.761769550552984
2023-04-21 00:00:00+00:00,51.67568376403579
2023-04-22 00:00:00+00:00,44.657998314598835
2023-04-23 00:00:00+00:00,44.02002691010456
2023-04-24 00:00:00+00:00,48.485826741564445
2023-04-25 00:00:00+00:00,45.933941123587374
2023-04-26 00:00:00+00:00,54.22756938201287
2023-04-27 00:00:00+00:00,46.57191252808164
2023-04-28 00:00:00+00:00,46.57191252808164
2023-04-29 00:00:00+00:00,41.468141292127484
2023-04-30 00:00:00+00:00,40.19219848313895
2023-05-01 00:00:00+00:00,49.12379814605872
2023-05-02 00:00:00+00:00,44.02002691010456
2023-05-03 00:00:00+00:00,44.657998314598835
2023-05-04 00:00:00+00:00,42.74408410111602
2023-05-05 00:00:00+00:00,42.10611269662176
2023-05-06 00:00:00+00:00,40.83016988763322
2023-05-07 00:00:00+00:00,39.55422707864468
2023-05-08 00:00:00+00:00,49.12379814605872
2023-05-09 00:00:00+00:00,44.657998314598835
2023-05-10 00:00:00+00:00,45.933941123587374
2023-05-11 00:00:00+00:00,44.657998314598835
2023-05-12 00:00:00+00:00,45.2959697190931
2023-05-13 00:00:00+00:00,37.0023414606676
2023-05-14 00:00:00+00:00,35.088427247184796
2023-05-15 00:00:00+00:00,38.91625567415041
2023-05-16 00:00:00+00:00,38.27828426965614
2023-05-17 00:00:00+00:00,38.27828426965614
2023-05-18 00:00:00+00:00,39.55422707864468
2023-05-19 00:00:00+00:00,38.91625567415041
2023-05-20 00:00:00+00:00,34.45045584269053
2023-05-21 00:00:00+00:00,37.640312865161874
2023-05-22 00:00:00+00:00,40.19219848313895
2023-05-23 00:00:00+00:00,40.19219848313895
2023-05-24 00:00:00+00:00,37.640312865161874
2023-05-25 00:00:00+00:00,38.91625567415041
2023-05-26 00:00:00+00:00,38.27828426965614
2023-05-27 00:00:00+00:00,34.45045584269053
2023-05-28 00:00:00+00:00,36.364370056173335
2023-05-29 00:00:00+00:00,38.91625567415041
2023-05-30 00:00:00+00:00,38.91625567415041
2023-05-31 00:00:00+00:00,37.640312865161874
2023-06-01 00:00:00+00:00,38.27828426965614
2023-06-02 00:00:00+00:00,37.0023414606676
2023-06-03 00:00:00+00:00,35.088427247184796
2023-06-04 00:00:00+00:00,33.81248443819626
2023-06-05 00:00:00+00:00,42.74408410111602
2023-06-06 00:00:00+00:00,47.84785533707018
2023-06-07 00:00:00+00:00,42.10611269662176
2023-06-08 00:00:00+00:00,41.468141292127484
2023-06-09 00:00:00+00:00,37.0023414606676
2023-06-10 00:00:00+00:00,40.83016988763322
2023-06-11 00:00:00+00:00,42.74408410111602
2023-06-12 00:00:00+00:00,41.468141292127484
2023-06-13 00:00:00+00:00,38.27828426965614
2023-06-14 00:00:00+00:00,40.19219848313895
2023-06-15 00:00:00+00:00,45.933941123587374
2023-06-16 00:00:00+00:00,42.10611269662176
2023-06-17 00:00:00+00:00,37.640312865161874
2023-06-18 00:00:00+00:00,37.0023414606676
2023-06-19 00:00:00+00:00,38.27828426965614
2023-06-20 00:00:00+00:00,42.74408410111602
2023-06-21 00:00:00+00:00,56.14148359549567
2023-06-22 00:00:00+00:00,55.503512191001406
2023-06-23 00:00:00+00:00,51.03771235954152
2023-06-24 00:00:00+00:00,47.84785533707018
2023-06-25 00:00:00+00:00,45.2959697190931
2023-06-26 00:00:00+00:00,47.209883932575906
2023-06-27 00:00:00+00:00,44.02002691010456
2023-06-28 00:00:00+00:00,45.933941123587374
2023-06-29 00:00:00+00:00,44.02002691010456
2023-06-30 00:00:00+00:00,47.84785533707018
2023-07-01 00:00:00+00:00,40.19219848313895
2023-07-02 00:00:00+00:00,42.74408410111602
2023-07-03 00:00:00+00:00,46.57191252808164
2023-07-04 00:00:00+00:00,44.657998314598835
2023-07-05 00:00:00+00:00,44.657998314598835
2023-07-06 00:00:00+00:00,45.933941123587374
2023-07-07 00:00:00+00:00,42.74408410111602
2023-07-08 00:00:00+00:00,38.91625567415041
2023-07-09 00:00:00+00:00,39.55422707864468
2023-07-10 00:00:00+00:00,44.657998314598835
2023-07-11 00:00:00+00:00,44.657998314598835
2023-07-12 00:00:00+00:00,43.382055505610296
2023-07-13 00:00:00+00:00,46.57191252808164
2023-07-14 00:00:00+00:00,51.03771235954152
2023-07-15 00:00:00+00:00,44.02002691010456
2023-07-16 00:00:00+00:00,41.468141292127484
2023-07-17 00:00:00+00:00,42.10611269662176
2023-07-18 00:00:00+00:00,41.468141292127484
2023-07-19 00:00:00+00:00,44.02002691010456
2023-07-20 00:00:00+00:00,43.382055505610296
2023-07-21 00:00:00+00:00,41.468141292127484
2023-07-22 00:00:00+00:00,36.364370056173335
2023-07-23 00:00:00+00:00,37.640312865161874
2023-07-24 00:00:00+00:00,42.10611269662176
2023-07-25 00:00:00+00:00,40.83016988763322
2023-07-26 00:00:00+00:00,40.83016988763322
2023-07-27 00:00:00+00:00,39.55422707864468
2023-07-28 00:00:00+00:00,38.27828426965614
2023-07-29 00:00:00+00:00,37.0023414606676
2023-07-30 00:00:00+00:00,35.72639865167906
2023-07-31 00:00:00+00:00,38.91625567415041
2023-08-01 00:00:00+00:00,40.83016988763322
2023-08-02 00:00:00+00:00,42.10611269662176
2023-08-03 00:00:00+00:00,38.91625567415041
2023-08-04 00:00:00+00:00,42.10611269662176
2023-08-05 00:00:00+00:00,38.91625567415041
2023-08-06 00:00:00+00:00,37.640312865161874
2023-08-07 00:00:00+00:00,38.91625567415041
2023-08-08 00:00:00+00:00,42.74408410111602
2023-08-09 00:00:00+00:00,40.83016988763322
2023-08-10 00:00:00+00:00,40.19219848313895
2023-08-11 00:00:00+00:00,39.55422707864468
2023-08-12 00:00:00+00:00,36.364370056173335
2023-08-13 00:00:00+00:00,35.72639865167906
2023-08-14 00:00:00+00:00,38.27828426965614
2023-08-15 00:00:00+00:00,40.83016988763322
2023-08-16 00:00:00+00:00,39.55422707864468
2023-08-17 00:00:00+00:00,48.485826741564445
2023-08-18 00:00:00+00:00,63.797140449426905
2023-08-19 00:00:00+00:00,49.12379814605872
2023-08-20 00:00:00+00:00,41.468141292127484
2023-08-21 00:00:00+00:00,44.02002691010456
2023-08-22 00:00:00+00:00,45.933941123587374
2023-08-23 00:00:00+00:00,43.382055505610296
2023-08-24 00:00:00+00:00,41.468141292127484
2023-08-25 00:00:00+00:00,40.83016988763322
2023-08-26 00:00:00+00:00,37.0023414606676
2023-08-27 00:00:00+00:00,37.640312865161874
2023-08-28 00:00:00+00:00,38.91625567415041
2023-08-29 00:00:00+00:00,47.84785533707018
2023-08-30 00:00:00+00:00,44.02002691010456
2023-08-31 00:00:00+00:00,43.382055505610296
2023-09-01 00:00:00+00:00,42.74408410111602
2023-09-02 00:00:00+00:00,37.0023414606676
2023-09-03 00:00:00+00:00,35.72639865167906
2023-09-04 00:00:00+00:00,37.640312865161874
2023-09-05 00:00:00+00:00,38.27828426965614
2023-09-06 00:00:00+00:00,37.640312865161874
2023-09-07 00:00:00+00:00,38.27828426965614
2023-09-08 00:00:00+00:00,37.0023414606676
2023-09-09 00:00:00+00:00,35.72639865167906
2023-09-10 00:00:00+00:00,34.45045584269053
2023-09-11 00:00:00+00:00,39.55422707864468
2023-09-12 00:00:00+00:00,38.91625567415041
2023-09-13 00:00:00+00:00,37.4749128714041
2023-09-14 00:00:00+00:00,36.03357006865779
2023-09-15 00:00:00+00:00,36.03357006865779
2023-09-16 00:00:00+00:00,31.709541660418854
2023-09-17 00:00:00+00:00,31.709541660418854
2023-09-18 00:00:00+00:00,38.91625567415041
2023-09-19 00:00:00+00:00,37.4749128714041
2023-09-20 00:00:00+00:00,37.4749128714041
2023-09-21 00:00:00+00:00,37.4749128714041
2023-09-22 00:00:00+00:00,36.03357006865779
2023-09-23 00:00:00+00:00,31.709541660418854
2023-09-24 00:00:00+00:00,31.709541660418854
2023-09-25 00:00:00+00:00,37.4749128714041
2023-09-26 00:00:00+00:00,34.592227265911475
2023-09-27 00:00:00+00:00,34.592227265911475
2023-09-28 00:00:00+00:00,34.592227265911475
2023-09-29 00:00:00+00:00,34.592227265911475
2023-09-30 00:00:00+00:00,33.15088446316516
2023-10-01 00:00:00+00:00,34.592227265911475
2023-10-02 00:00:00+00:00,43.240284082389344
2023-10-03 00:00:00+00:00,37.4749128714041
2023-10-04 00:00:00+00:00,36.03357006865779
2023-10-05 00:00:00+00:00,34.592227265911475
2023-10-06 00:00:00+00:00,33.15088446316516
2023-10-07 00:00:00+00:00,33.15088446316516
2023-10-08 00:00:00+00:00,37.4749128714041
2023-10-09 00:00:00+00:00,36.03357006865779
2023-10-10 00:00:00+00:00,36.03357006865779
2023-10-11 00:00:00+00:00,36.03357006865779
2023-10-12 00:00:00+00:00,36.03357006865779
2023-10-13 00:00:00+00:00,36.03357006865779
2023-10-14 00:00:00+00:00,31.709541660418854
2023-10-15 00:00:00+00:00,34.592227265911475
2023-10-16 00:00:00+00:00,44.68162688513566
2023-10-17 00:00:00+00:00,41.79894127964303
2023-10-18 00:00:00+00:00,38.91625567415041
2023-10-19 00:00:00+00:00,40.357598476896726
2023-10-20 00:00:00+00:00,46.12296968788197
2023-10-21 00:00:00+00:00,41.79894127964303
2023-10-22 00:00:00+00:00,40.357598476896726
2023-10-23 00:00:00+00:00,57.653712109852464
2023-10-24 00:00:00+00:00,93.68728217851024
2023-10-25 00:00:00+00:00,67.74311172907665
2023-10-26 00:00:00+00:00,59.095054912598776
2023-10-27 00:00:00+00:00,51.88834089886721
2023-10-28 00:00:00+00:00,46.12296968788197
2023-10-29 00:00:00+00:00,43.240284082389344
2023-10-30 00:00:00+00:00,49.005655293374595
2023-10-31 00:00:00+00:00,46.12296968788197
2023-11-01 00:00:00+00:00,46.12296968788197
2023-11-02 00:00:00+00:00,54.77102650435984
2023-11-03 00:00:00+00:00,50.44699809612091
2023-11-04 00:00:00+00:00,44.68162688513566
2023-11-05 00:00:00+00:00,44.68162688513566
2023-11-06 00:00:00+00:00,46.12296968788197
2023-11-07 00:00:00+00:00,47.56431249062828
2023-11-08 00:00:00+00:00,47.56431249062828
2023-11-09 00:00:00+00:00,66.30176892633033
2023-11-10 00:00:00+00:00,61.977740518091395
2023-11-11 00:00:00+00:00,50.44699809612091
2023-11-12 00:00:00+00:00,47.56431249062828
2023-11-13 00:00:00+00:00,51.88834089886721
2023-11-14 00:00:00+00:00,53.329683701613526
2023-11-15 00:00:00+00:00,53.329683701613526
2023-11-16 00:00:00+00:00,50.44699809612091
2023-11-17 00:00:00+00:00,49.005655293374595
2023-11-18 00:00:00+00:00,43.240284082389344
2023-11-19 00:00:00+00:00,41.79894127964303
2023-11-20 00:00:00+00:00,49.005655293374595
2023-11-21 00:00:00+00:00,47.56431249062828
2023-11-22 00:00:00+00:00,49.005655293374595
2023-11-23 00:00:00+00:00,44.68162688513566
2023-11-24 00:00:00+00:00,47.56431249062828
2023-11-25 00:00:00+00:00,41.79894127964303
2023-11-26 00:00:00+00:00,41.79894127964303
2023-11-27 00:00:00+00:00,43.240284082389344
2023-11-28 00:00:00+00:00,44.68162688513566
2023-11-29 00:00:00+00:00,41.79894127964303
2023-11-30 00:00:00+00:00,43.240284082389344
2023-12-01 00:00:00+00:00,49.005655293374595
2023-12-02 00:00:00+00:00,47.56431249062828
2023-12-03 00:00:00+00:00,51.88834089886721
2023-12-04 00:00:00+00:00,85.03922536203238
2023-12-05 00:00:00+00:00,82.15653975653976
2023-12-06 00:00:00+00:00,77.83251134830083
2023-12-07 00:00:00+00:00,66.30176892633033
2023-12-08 00:00:00+00:00,66.30176892633033
2023-12-09 00:00:00+00:00,61.977740518091395
2023-12-10 00:00:00+00:00,54.77102650435984
2023-12-11 00:00:00+00:00,66.30176892633033
2023-12-12 00:00:00+00:00,54.77102650435984
2023-12-13 00:00:00+00:00,54.77102650435984
2023-12-14 00:00:00+00:00,54.77102650435984
2023-12-15 00:00:00+00:00,53.329683701613526
2023-12-16 00:00:00+00:00,49.005655293374595
2023-12-17 00:00:00+00:00,46.12296968788197
2023-12-18 00:00:00+00:00,50.44699809612091
2023-12-19 00:00:00+00:00,53.329683701613526
2023-12-20 00:00:00+00:00,54.77102650435984
2023-12-21 00:00:00+00:00,53.329683701613526
2023-12-22 00:00:00+00:00,54.77102650435984
2023-12-23 00:00:00+00:00,49.005655293374595
2023-12-24 00:00:00+00:00,50.44699809612091
2023-12-25 00:00:00+00:00,49.005655293374595
2023-12-26 00:00:00+00:00,54.77102650435984
2023-12-27 00:00:00+00:00,53.329683701613526
2023-12-28 00:00:00+00:00,53.329683701613526
2023-12-29 00:00:00+00:00,54.77102650435984
2023-12-30 00:00:00+00:00,47.56431249062828
2023-12-31 00:00:00+00:00,44.68162688513566
2024-01-01 00:00:00+00:00,50.44699809612091
2024-01-02 00:00:00+00:00,79.27385415104713
2024-01-03 00:00:00+00:00,86.48056816477869
2024-01-04 00:00:00+00:00,67.74311172907665
2024-01-05 00:00:00+00:00,72.06714013731558
2024-01-06 00:00:00+00:00,57.653712109852464
2024-01-07 00:00:00+00:00,59.095054912598776
2024-01-08 00:00:00+00:00,80.71519695379345
2024-01-09 00:00:00+00:00,92.24593937576394
2024-01-10 00:00:00+00:00,136.9275662608996
2024-01-11 00:00:00+00:00,144.13428027463115
2024-01-12 00:00:00+00:00,96.56996778400287
2024-01-13 00:00:00+00:00,72.06714013731558
2024-01-14 00:00:00+00:00,60.53639771534508
2024-01-15 00:00:00+00:00,64.86042612358402
2024-01-16 00:00:00+00:00,61.977740518091395
2024-01-17 00:00:00+00:00,56.21236930710615
2024-01-18 00:00:00+00:00,56.21236930710615
2024-01-19 00:00:00+00:00,59.095054912598776
2024-01-20 00:00:00+00:00,49.005655293374595
2024-01-21 00:00:00+00:00,46.12296968788197
2024-01-22 00:00:00+00:00,56.21236930710615
2024-01-23 00:00:00+00:00,64.86042612358402
2024-01-24 00:00:00+00:00,54.77102650435984
2024-01-25 00:00:00+00:00,51.88834089886721
2024-01-26 00:00:00+00:00,50.44699809612091
2024-01-27 00:00:00+00:00,40.357598476896726
2024-01-28 00:00:00+00:00,40.357598476896726
2024-01-29 00:00:00+00:00,43.240284082389344
2024-01-30 00:00:00+00:00,47.56431249062828
2024-01-31 00:00:00+00:00,46.12296968788197
2024-02-01 00:00:00+00:00,40.357598476896726
2024-02-02 00:00:00+00:00,43.240284082389344
2024-02-03 00:00:00+00:00,38.91625567415041
2024-02-04 00:00:00+00:00,37.4749128714041
2024-02-05 00:00:00+00:00,40.357598476896726
2024-02-06 00:00:00+00:00,40.357598476896726
2024-02-07 00:00:00+00:00,40.357598476896726
2024-02-08 00:00:00+00:00,49.005655293374595
2024-02-09 00:00:00+00:00,60.53639771534508
2024-02-10 00:00:00+00:00,48.42911817227607
2024-02-11 00:00:00+00:00,51.88834089886721
2024-02-12 00:00:00+00:00,69.18445453182295
2024-02-13 00:00:00+00:00,70.91406589511853
2024-02-14 00:00:00+00:00,76.10289998500525
2024-02-15 00:00:00+00:00,76.10289998500525
2024-02-16 00:00:00+00:00,63.99562044193623
2024-02-17 00:00:00+00:00,53.61795226216279
2024-02-18 00:00:00+00:00,55.34756362545836
2024-02-19 00:00:00+00:00,55.34756362545836
2024-02-20 00:00:00+00:00,57.07717498875394
2024-02-21 00:00:00+00:00,53.61795226216279
2024-02-22 00:00:00+00:00,51.88834089886721
2024-02-23 00:00:00+00:00,48.42911817227607
2024-02-24 00:00:00+00:00,43.240284082389344
2024-02-25 00:00:00+00:00,46.699506808980495
2024-02-26 00:00:00+00:00,62.26600907864066
2024-02-27 00:00:00+00:00,98.58784770784771
2024-02-28 00:00:00+00:00,162.58346814978395
2024-02-29 00:00:00+00:00,141.82813179023705
2024-03-01 00:00:00+00:00,100.31745907114329
2024-03-02 00:00:00+00:00,88.21017952807426
2024-03-03 00:00:00+00:00,79.5621227115964
2024-03-04 00:00:00+00:00,145.2873545168282
2024-03-05 00:00:00+00:00,172.96113632955738
2024-03-06 00:00:00+00:00,126.26162952057689
2024-03-07 00:00:00+00:00,102.04707043443885
2024-03-08 00:00:00+00:00,96.85823634455214
2024-03-09 00:00:00+00:00,91.66940225466541
2024-03-10 00:00:00+00:00,89.93979089136984
2024-03-11 00:00:00+00:00,133.1800749737592
2024-03-12 00:00:00+00:00,112.4247386142123
2024-03-13 00:00:00+00:00,114.15434997750788
2024-03-14 00:00:00+00:00,102.04707043443885
2024-03-15 00:00:00+00:00,112.4247386142123
2024-03-16 00:00:00+00:00,84.75095680148311
2024-03-17 00:00:00+00:00,84.75095680148311
2024-03-18 00:00:00+00:00,83.02134543818755
2024-03-19 00:00:00+00:00,108.96551588762115
2024-03-20 00:00:00+00:00,98.58784770784771
2024-03-21 00:00:00+00:00,88.21017952807426
2024-03-22 00:00:00+00:00,76.10289998500525
2024-03-23 00:00:00+00:00,65.7252318052318
2024-03-24 00:00:00+00:00,65.7252318052318
2024-03-25 00:00:00+00:00,86.48056816477869
2024-03-26 00:00:00+00:00,84.75095680148311
2024-03-27 00:00:00+00:00,77.83251134830083
2024-03-28 00:00:00+00:00,76.10289998500525
2024-03-29 00:00:00+00:00,79.5621227115964
2024-03-30 00:00:00+00:00,62.26600907864066
2024-03-31 00:00:00+00:00,63.99562044193623
2024-04-01 00:00:00+00:00,69.18445453182295
2024-04-02 00:00:00+00:00,83.02134543818755
2024-04-03 00:00:00+00:00,74.37328862170968
2024-04-04 00:00:00+00:00,69.18445453182295
2024-04-05 00:00:00+00:00,65.7252318052318
2024-04-06 00:00:00+00:00,55.34756362545836
2024-04-07 00:00:00+00:00,57.07717498875394
2024-04-08 00:00:00+00:00,77.83251134830083
2024-04-09 00:00:00+00:00,67.45484316852738
2024-04-10 00:00:00+00:00,67.45484316852738
2024-04-11 00:00:00+00:00,67.45484316852738
2024-04-12 00:00:00+00:00,76.10289998500525
2024-04-13 00:00:00+00:00,83.02134543818755
2024-04-14 00:00:00+00:00,91.66940225466541
2024-04-15 00:00:00+00:00,88.21017952807426
2024-04-16 00:00:00+00:00,81.29173407489198
2024-04-17 00:00:00+00:00,81.29173407489198
2024-04-18 00:00:00+00:00,89.93979089136984
2024-04-19 00:00:00+00:00,129.72085224716804
2024-04-20 00:00:00+00:00,119.3431840673946
2024-04-21 00:00:00+00:00,72.6436772584141
2024-04-22 00:00:00+00:00,74.37328862170968
2024-04-23 00:00:00+00:00,60.53639771534508
2024-04-24 00:00:00+00:00,62.26600907864066
2024-04-25 00:00:00+00:00,60.53639771534508
2024-04-26 00:00:00+00:00,53.61795226216279
2024-04-27 00:00:00+00:00,50.158729535571645
2024-04-28 00:00:00+00:00,48.42911817227607
2024-04-29 00:00:00+00:00,53.61795226216279
2024-04-30 00:00:00+00:00,63.99562044193623
2024-05-01 00:00:00+00:00,76.10289998500525
2024-05-02 00:00:00+00:00,63.99562044193623
2024-05-03 00:00:00+00:00,58.806786352049514
2024-05-04 00:00:00+00:00,55.34756362545836
2024-05-05 00:00:00+00:00,48.42911817227607
2024-05-06 00:00:00+00:00,53.61795226216279
2024-05-07 00:00:00+00:00,50.158729535571645
2024-05-08 00:00:00+00:00,50.158729535571645
2024-05-09 00:00:00+00:00,46.699506808980495
2024-05-10 00:00:00+00:00,48.42911817227607
2024-05-11 00:00:00+00:00,46.699506808980495
2024-05-12 00:00:00+00:00,41.510672719093776
2024-05-13 00:00:00+00:00,48.42911817227607
2024-05-14 00:00:00+00:00,44.96989544568492
2024-05-15 00:00:00+00:00,51.88834089886721
2024-05-16 00:00:00+00:00,53.61795226216279
2024-05-17 00:00:00+00:00,51.88834089886721
2024-05-18 00:00:00+00:00,44.96989544568492
2024-05-19 00:00:00+00:00,41.510672719093776
2024-05-20 00:00:00+00:00,53.61795226216279
2024-05-21 00:00:00+00:00,67.45484316852738
2024-05-22 00:00:00+00:00,57.07717498875394
2024-05-23 00:00:00+00:00,53.61795226216279
2024-05-24 00:00:00+00:00,50.158729535571645
2024-05-25 00:00:00+00:00,41.510672719093776
2024-05-26 00:00:00+00:00,43.240284082389344
2024-05-27 00:00:00+00:00,48.42911817227607
2024-05-28 00:00:00+00:00,48.42911817227607
2024-05-29 00:00:00+00:00,46.699506808980495
2024-05-30 00:00:00+00:00,44.96989544568492
2024-05-31 00:00:00+00:00,43.240284082389344
2024-06-01 00:00:00+00:00,38.051449992502626
2024-06-02 00:00:00+00:00,39.7810613557982
2024-06-03 00:00:00+00:00,44.96989544568492
2024-06-04 00:00:00+00:00,48.42911817227607
2024-06-05 00:00:00+00:00,55.34756362545836
2024-06-06 00:00:00+00:00,51.88834089886721
2024-06-07 00:00:00+00:00,51.88834089886721
2024-06-08 00:00:00+00:00,44.96989544568492
2024-06-09 00:00:00+00:00,41.510672719093776
2024-06-10 00:00:00+00:00,44.96989544568492
2024-06-11 00:00:00+00:00,51.88834089886721
2024-06-12 00:00:00+00:00,50.158729535571645
2024-06-13 00:00:00+00:00,46.699506808980495
2024-06-14 00:00:00+00:00,46.699506808980495
2024-06-15 00:00:00+00:00,43.240284082389344
2024-06-16 00:00:00+00:00,39.7810613557982
2024-06-17 00:00:00+00:00,44.96989544568492
2024-06-18 00:00:00+00:00,48.42911817227607
2024-06-19 00:00:00+00:00,44.96989544568492
2024-06-20 00:00:00+00:00,44.96989544568492
2024-06-21 00:00:00+00:00,43.240284082389344
2024-06-22 00:00:00+00:00,38.051449992502626
2024-06-23 00:00:00+00:00,38.051449992502626
2024-06-24 00:00:00+00:00,58.806786352049514
2024-06-25 00:00:00+00:00,50.158729535571645
2024-06-26 00:00:00+00:00,41.510672719093776
2024-06-27 00:00:00+00:00,43.240284082389344
2024-06-28 00:00:00+00:00,43.240284082389344
2024-06-29 00:00:00+00:00,34.592227265911475
2024-06-30 00:00:00+00:00,36.32183862920705
2024-07-01 00:00:00+00:00,39.7810613557982
2024-07-02 00:00:00+00:00,39.7810613557982
2024-07-03 00:00:00+00:00,44.96989544568492
2024-07-04 00:00:00+00:00,58.806786352049514
2024-07-05 00:00:00+00:00,69.18445453182295
2024-07-06 00:00:00+00:00,48.42911817227607
2024-07-07 00:00:00+00:00,44.96989544568492
2024-07-08 00:00:00+00:00,53.61795226216279
2024-07-09 00:00:00+00:00,49.14978957364922
2024-07-10 00:00:00+00:00,49.14978957364922
2024-07-11 00:00:00+00:00,55.85203360641957
2024-07-12 00:00:00+00:00,49.14978957364922
2024-07-13 00:00:00+00:00,40.21346419662209
2024-07-14 00:00:00+00:00,53.61795226216279
2024-07-15 00:00:00+00:00,60.32019629493314
2024-07-16 00:00:00+00:00,62.55427763918992
2024-07-17 00:00:00+00:00,53.61795226216279
2024-07-18 00:00:00+00:00,49.14978957364922
2024-07-19 00:00:00+00:00,55.85203360641957
2024-07-20 00:00:00+00:00,46.915708229392436
2024-07-21 00:00:00+00:00,51.38387091790601
2024-07-22 00:00:00+00:00,55.85203360641957
2024-07-23 00:00:00+00:00,55.85203360641957
2024-07-24 00:00:00+00:00,51.38387091790601
2024-07-25 00:00:00+00:00,53.61795226216279
2024-07-26 00:00:00+00:00,53.61795226216279
2024-07-27 00:00:00+00:00,67.02244032770349
2024-07-28 00:00:00+00:00,55.85203360641957
2024-07-29 00:00:00+00:00,64.7883589834467
2024-07-30 00:00:00+00:00,51.38387091790601
2024-07-31 00:00:00+00:00,49.14978957364922
2024-08-01 00:00:00+00:00,49.14978957364922
2024-08-02 00:00:00+00:00,51.38387091790601
2024-08-03 00:00:00+00:00,51.38387091790601
2024-08-04 00:00:00+00:00,55.85203360641957
2024-08-05 00:00:00+00:00,158.61977544223157
2024-08-06 00:00:00+00:00,91.5973351145281
2024-08-07 00:00:00+00:00,71.49060301621705
2024-08-08 00:00:00+00:00,64.7883589834467
2024-08-09 00:00:00+00:00,58.086114950676354
2024-08-10 00:00:00+00:00,49.14978957364922
2024-08-11 00:00:00+00:00,46.915708229392436
2024-08-12 00:00:00+00:00,53.61795226216279
2024-08-13 00:00:00+00:00,51.38387091790601
2024-08-14 00:00:00+00:00,49.14978957364922
2024-08-15 00:00:00+00:00,53.61795226216279
2024-08-16 00:00:00+00:00,46.915708229392436
2024-08-17 00:00:00+00:00,42.44754554087888
2024-08-18 00:00:00+00:00,42.44754554087888
2024-08-19 00:00:00+00:00,46.915708229392436
2024-08-20 00:00:00+00:00,49.14978957364922
2024-08-21 00:00:00+00:00,46.915708229392436
2024-08-22 00:00:00+00:00,44.68162688513566
2024-08-23 00:00:00+00:00,51.38387091790601
2024-08-24 00:00:00+00:00,42.44754554087888
2024-08-25 00:00:00+00:00,44.68162688513566
2024-08-26 00:00:00+00:00,44.68162688513566
2024-08-27 00:00:00+00:00,44.68162688513566
2024-08-28 00:00:00+00:00,49.14978957364922
2024-08-29 00:00:00+00:00,44.68162688513566
2024-08-30 00:00:00+00:00,42.44754554087888
2024-08-31 00:00:00+00:00,37.979382852365305
2024-09-01 00:00:00+00:00,37.979382852365305
2024-09-02 00:00:00+00:00,44.68162688513566
2024-09-03 00:00:00+00:00,44.68162688513566
2024-09-04 00:00:00+00:00,46.915708229392436
2024-09-05 00:00:00+00:00,44.68162688513566
2024-09-06 00:00:00+00:00,55.85203360641957
2024-09-07 00:00:00+00:00,46.915708229392436
2024-09-08 00:00:00+00:00,42.44754554087888
2024-09-09 00:00:00+00:00,46.915708229392436
2024-09-10 00:00:00+00:00,42.44754554087888
2024-09-11 00:00:00+00:00,44.68162688513566
2024-09-12 00:00:00+00:00,42.44754554087888
2024-09-13 00:00:00+00:00,42.44754554087888
2024-09-14 00:00:00+00:00,40.21346419662209
2024-09-15 00:00:00+00:00,37.979382852365305
2024-09-16 00:00:00+00:00,44.68162688513566
2024-09-17 00:00:00+00:00,46.915708229392436
2024-09-18 00:00:00+00:00,44.68162688513566
2024-09-19 00:00:00+00:00,51.38387091790601
2024-09-20 00:00:00+00:00,46.915708229392436
2024-09-21 00:00:00+00:00,40.21346419662209
2024-09-22 00:00:00+00:00,37.979382852365305
2024-09-23 00:00:00+00:00,44.68162688513566
2024-09-24 00:00:00+00:00,42.44754554087888
2024-09-25 00:00:00+00:00,44.68162688513566
2024-09-26 00:00:00+00:00,46.915708229392436
2024-09-27 00:00:00+00:00,49.14978957364922
2024-09-28 00:00:00+00:00,40.21346419662209
2024-09-29 00:00:00+00:00,40.21346419662209
2024-09-30 00:00:00+00:00,44.68162688513566
2024-10-01 00:00:00+00:00,46.915708229392436
2024-10-02 00:00:00+00:00,44.68162688513566
2024-10-03 00:00:00+00:00,42.44754554087888
2024-10-04 00:00:00+00:00,40.21346419662209
2024-10-05 00:00:00+00:00,35.745301508108525
2024-10-06 00:00:00+00:00,35.745301508108525
2024-10-07 00:00:00+00:00,42.44754554087888
2024-10-08 00:00:00+00:00,42.44754554087888
2024-10-09 00:00:00+00:00,44.68162688513566
2024-10-10 00:00:00+00:00,42.44754554087888
2024-10-11 00:00:00+00:00,44.68162688513566
2024-10-12 00:00:00+00:00,35.745301508108525
2024-10-13 00:00:00+00:00,33.511220163851746
2024-10-14 00:00:00+00:00,42.44754554087888
2024-10-15 00:00:00+00:00,42.44754554087888
2024-10-16 00:00:00+00:00,44.68162688513566
2024-10-17 00:00:00+00:00,40.21346419662209
2024-10-18 00:00:00+00:00,44.68162688513566
2024-10-19 00:00:00+00:00,40.21346419662209
2024-10-20 00:00:00+00:00,37.979382852365305
2024-10-21 00:00:00+00:00,44.68162688513566
2024-10-22 00:00:00+00:00,42.44754554087888
2024-10-23 00:00:00+00:00,40.21346419662209
2024-10-24 00:00:00+00:00,42.44754554087888
2024-10-25 00:00:00+00:00,40.21346419662209
2024-10-26 00:00:00+00:00,35.745301508108525
2024-10-27 00:00:00+00:00,37.979382852365305
2024-10-28 00:00:00+00:00,44.68162688513566
2024-10-29 00:00:00+00:00,80.42692839324418
2024-10-30 00:00:00+00:00,60.32019629493314
2024-10-31 00:00:00+00:00,53.61795226216279
2024-11-01 00:00:00+00:00,51.38387091790601
2024-11-02 00:00:00+00:00,40.21346419662209
2024-11-03 00:00:00+00:00,42.44754554087888
2024-11-04 00:00:00+00:00,44.68162688513566
2024-11-05 00:00:00+00:00,49.14978957364922
2024-11-06 00:00:00+00:00,183.1946702290562
2024-11-07 00:00:00+00:00,107.23590452432558
2024-11-08 00:00:00+00:00,84.89509108175776
2024-11-09 00:00:00+00:00,69.25652167196027
2024-11-10 00:00:00+00:00,118.40631124560949
2024-11-11 00:00:00+00:00,187.66283291756974
2024-11-12 00:00:00+00:00,201.06732098311045
2024-11-13 00:00:00+00:00,185.42875157331298
2024-11-14 00:00:00+00:00,149.68345006520445
2024-11-15 00:00:00+00:00,113.93814855709593
2024-11-16 00:00:00+00:00,102.76774183581202
2024-11-17 00:00:00+00:00,89.36325377027131
2024-11-18 00:00:00+00:00,100.53366049155522
2024-11-19 00:00:00+00:00,100.53366049155522
2024-11-20 00:00:00+00:00,113.93814855709593
2024-11-21 00:00:00+00:00,169.7901821635155
2024-11-22 00:00:00+00:00,176.49242619628583
2024-11-23 00:00:00+00:00,127.34263662263662
2024-11-24 00:00:00+00:00,107.23590452432558
2024-11-25 00:00:00+00:00,113.93814855709593
2024-11-26 00:00:00+00:00,116.17222990135271
2024-11-27 00:00:00+00:00,102.76774183581202
2024-11-28 00:00:00+00:00,82.66100973750096
2024-11-29 00:00:00+00:00,87.12917242601453
2024-11-30 00:00:00+00:00,75.95876570473061
2024-12-01 00:00:00+00:00,78.1928470489874
2024-12-02 00:00:00+00:00,89.36325377027131
2024-12-03 00:00:00+00:00,84.89509108175776
2024-12-04 00:00:00+00:00,87.12917242601453
2024-12-05 00:00:00+00:00,223.40813442567827
2024-12-06 00:00:00+00:00,136.27896199966375
2024-12-07 00:00:00+00:00,98.29957914729845
2024-12-08 00:00:00+00:00,91.5973351145281
2024-12-09 00:00:00+00:00,98.29957914729845
2024-12-10 00:00:00+00:00,105.0018231800688
2024-12-11 00:00:00+00:00,96.06549780304167
2024-12-12 00:00:00+00:00,91.5973351145281
2024-12-13 00:00:00+00:00,80.42692839324418
2024-12-14 00:00:00+00:00,73.72468436047383
2024-12-15 00:00:00+00:00,78.1928470489874
2024-12-16 00:00:00+00:00,118.40631124560949
2024-12-17 00:00:00+00:00,105.0018231800688
2024-12-18 00:00:00+00:00,102.76774183581202
2024-12-19 00:00:00+00:00,109.46998586858236
2024-12-20 00:00:00+00:00,118.40631124560949
2024-12-21 00:00:00+00:00,80.42692839324418
2024-12-22 00:00:00+00:00,80.42692839324418
2024-12-23 00:00:00+00:00,89.36325377027131
2024-12-24 00:00:00+00:00,89.36325377027131
2024-12-25 00:00:00+00:00,78.1928470489874
2024-12-26 00:00:00+00:00,84.89509108175776
2024-12-27 00:00:00+00:00,80.42692839324418
2024-12-28 00:00:00+00:00,64.7883589834467
2024-12-29 00:00:00+00:00,64.7883589834467
2024-12-30 00:00:00+00:00,80.42692839324418
2024-12-31 00:00:00+00:00,73.72468436047383
2025-01-01 00:00:00+00:00,71.49060301621705
2025-01-02 00:00:00+00:00,80.42692839324418
2025-01-03 00:00:00+00:00,75.95876570473061
2025-01-04 00:00:00+00:00,64.7883589834467
2025-01-05 00:00:00+00:00,62.55427763918992
2025-01-06 00:00:00+00:00,80.42692839324418
2025-01-07 00:00:00+00:00,84.89509108175776
2025-01-08 00:00:00+00:00,75.95876570473061
2025-01-09 00:00:00+00:00,82.66100973750096
2025-01-10 00:00:00+00:00,73.72468436047383
2025-01-11 00:00:00+00:00,60.32019629493314
2025-01-12 00:00:00+00:00,58.086114950676354
2025-01-13 00:00:00+00:00,75.95876570473061
2025-01-14 00:00:00+00:00,71.49060301621705
2025-01-15 00:00:00+00:00,75.95876570473061
2025-01-16 00:00:00+00:00,73.72468436047383
2025-01-17 00:00:00+00:00,91.5973351145281
2025-01-18 00:00:00+00:00,78.1928470489874
2025-01-19 00:00:00+00:00,87.12917242601453
2025-01-20 00:00:00+00:00,140.7471246881773
2025-01-21 00:00:00+00:00,113.93814855709593
2025-01-22 00:00:00+00:00,87.12917242601453
2025-01-23 00:00:00+00:00,89.36325377027131
2025-01-24 00:00:00+00:00,89.36325377027131
2025-01-25 00:00:00+00:00,67.02244032770349
2025-01-26 00:00:00+00:00,62.55427763918992
2025-01-27 00:00:00+00:00,96.06549780304167
2025-01-28 00:00:00+00:00,78.1928470489874
2025-01-29 00:00:00+00:00,71.49060301621705
2025-01-30 00:00:00+00:00,69.25652167196027
2025-01-31 00:00:00+00:00,64.7883589834467
2025-02-01 00:00:00+00:00,60.32019629493314
2025-02-02 00:00:00+00:00,73.72468436047383
2025-02-03 00:00:00+00:00,109.46998586858236
2025-02-04 00:00:00+00:00,84.89509108175776
2025-02-05 00:00:00+00:00,71.49060301621705
2025-02-06 00:00:00+00:00,67.02244032770349
2025-02-07 00:00:00+00:00,64.7883589834467
2025-02-08 00:00:00+00:00,53.61795226216279
2025-02-09 00:00:00+00:00,55.85203360641957
2025-02-10 00:00:00+00:00,53.61795226216279
2025-02-11 00:00:00+00:00,55.85203360641957
2025-02-12 00:00:00+00:00,55.85203360641957
2025-02-13 00:00:00+00:00,55.85203360641957
2025-02-14 00:00:00+00:00,55.85203360641957
2025-02-15 00:00:00+00:00,46.915708229392436
2025-02-16 00:00:00+00:00,46.915708229392436
2025-02-17 00:00:00+00:00,51.38387091790601
2025-02-18 00:00:00+00:00,60.32019629493314
2025-02-19 00:00:00+00:00,51.38387091790601
2025-02-20 00:00:00+00:00,53.61795226216279
2025-02-21 00:00:00+00:00,60.32019629493314
2025-02-22 00:00:00+00:00,51.38387091790601
2025-02-23 00:00:00+00:00,42.44754554087888
2025-02-24 00:00:00+00:00,53.61795226216279
2025-02-25 00:00:00+00:00,105.0018231800688
2025-02-26 00:00:00+00:00,89.36325377027131
2025-02-27 00:00:00+00:00,84.89509108175776
2025-02-28 00:00:00+00:00,118.40631124560949
2025-03-01 00:00:00+00:00,67.02244032770349
2025-03-02 00:00:00+00:00,89.36325377027131
2025-03-03 00:00:00+00:00,107.23590452432558
2025-03-04 00:00:00+00:00,91.5973351145281
2025-03-05 00:00:00+00:00,80.42692839324418
2025-03-06 00:00:00+00:00,71.49060301621705
2025-03-07 00:00:00+00:00,93.83141645878487
2025-03-08 00:00:00+00:00,64.7883589834467
2025-03-09 00:00:00+00:00,67.02244032770349
2025-03-10 00:00:00+00:00,96.06549780304167
2025-03-11 00:00:00+00:00,93.83141645878487
2025-03-12 00:00:00+00:00,73.72468436047383
2025-03-13 00:00:00+00:00,67.02244032770349
2025-03-14 00:00:00+00:00,64.7883589834467
2025-03-15 00:00:00+00:00,53.61795226216279
2025-03-16 00:00:00+00:00,53.61795226216279
2025-03-17 00:00:00+00:00,58.086114950676354
2025-03-18 00:00:00+00:00,60.32019629493314
2025-03-19 00:00:00+00:00,62.55427763918992
2025-03-20 00:00:00+00:00,53.61795226216279
2025-03-21 00:00:00+00:00,46.915708229392436
2025-03-22 00:00:00+00:00,42.44754554087888
2025-03-23 00:00:00+00:00,44.68162688513566
2025-03-24 00:00:00+00:00,55.85203360641957
2025-03-25 00:00:00+00:00,51.38387091790601
2025-03-26 00:00:00+00:00,53.61795226216279
2025-03-27 00:00:00+00:00,44.68162688513566
2025-03-28 00:00:00+00:00,49.14978957364922
2025-03-29 00:00:00+00:00,42.44754554087888
2025-03-30 00:00:00+00:00,46.915708229392436
2025-03-31 00:00:00+00:00,55.85203360641957
2025-04-01 00:00:00+00:00,53.61795226216279
2025-04-02 00:00:00+00:00,58.086114950676354
2025-04-03 00:00:00+00:00,71.49060301621705
2025-04-04 00:00:00+00:00,69.25652167196027
2025-04-05 00:00:00+00:00,49.14978957364922
2025-04-06 00:00:00+00:00,55.85203360641957
2025-04-07 00:00:00+00:00,111.70406721283913
2025-04-08 00:00:00+00:00,75.95876570473061
2025-04-09 00:00:00+00:00,80.42692839324418
2025-04-10 00:00:00+00:00,69.25652167196027
2025-04-11 00:00:00+00:00,60.32019629493314
2025-04-12 00:00:00+00:00,49.14978957364922
2025-04-13 00:00:00+00:00,46.915708229392436
2025-04-14 00:00:00+00:00,51.38387091790601
2025-04-15 00:00:00+00:00,49.14978957364922
2025-04-16 00:00:00+00:00,46.915708229392436
2025-04-17 00:00:00+00:00,44.68162688513566
2025-04-18 00:00:00+00:00,40.21346419662209
2025-04-19 00:00:00+00:00,37.979382852365305
2025-04-20 00:00:00+00:00,40.21346419662209
2025-04-21 00:00:00+00:00,55.85203360641957
2025-04-22 00:00:00+00:00,62.55427763918992
2025-04-23 00:00:00+00:00,64.7883589834467
2025-04-24 00:00:00+00:00,51.38387091790601
2025-04-25 00:00:00+00:00,51.38387091790601
2025-04-26 00:00:00+00:00,40.21346419662209
2025-04-27 00:00:00+00:00,40.21346419662209
2025-04-28 00:00:00+00:00,49.14978957364922
2025-04-29 00:00:00+00:00,46.915708229392436
2025-04-30 00:00:00+00:00,44.68162688513566
2025-05-01 00:00:00+00:00,51.38387091790601
2025-05-02 00:00:00+00:00,46.915708229392436
2025-05-03 00:00:00+00:00,37.979382852365305
2025-05-04 00:00:00+00:00,40.21346419662209
2025-05-05 00:00:00+00:00,43.76171103750051
2025-05-06 00:00:00+00:00,41.39621314358156
2025-05-07 00:00:00+00:00,42.57896209054103
2025-05-08 00:00:00+00:00,69.78218787060892
2025-05-09 00:00:00+00:00,67.41668997668997
2025-05-10 00:00:00+00:00,50.858204719257344
2025-05-11 00:00:00+00:00,50.858204719257344
2025-05-12 00:00:00+00:00,68.59943892364944
2025-05-13 00:00:00+00:00,57.954698401014184
2025-05-14 00:00:00+00:00,52.04095366621682
2025-05-15 00:00:00+00:00,47.309957878378924
2025-05-16 00:00:00+00:00,55.58920050709524
2025-05-17 00:00:00+00:00,39.03071524966261
2025-05-18 00:00:00+00:00,44.94445998445998
2025-05-19 00:00:00+00:00,54.406451560135764
2025-05-20 00:00:00+00:00,55.58920050709524
2025-05-21 00:00:00+00:00,73.33043471148734
2025-05-22 00:00:00+00:00,94.61991575675785
2025-05-23 00:00:00+00:00,72.14768576452786
2025-05-24 00:00:00+00:00,50.858204719257344
2025-05-25 00:00:00+00:00,47.309957878378924
2025-05-26 00:00:00+00:00,54.406451560135764
2025-05-27 00:00:00+00:00,60.32019629493313
2025-05-28 00:00:00+00:00,61.502945241892604
2025-05-29 00:00:00+00:00,61.502945241892604
2025-05-30 00:00:00+00:00,53.22370261317629
2025-05-31 00:00:00+00:00,44.94445998445998
2025-06-01 00:00:00+00:00,42.57896209054103
2025-06-02 00:00:00+00:00,47.309957878378924
2025-06-03 00:00:00+00:00,48.4927068253384
2025-06-04 00:00:00+00:00,46.12720893141945
2025-06-05 00:00:00+00:00,52.04095366621682
2025-06-06 00:00:00+00:00,52.04095366621682
2025-06-07 00:00:00+00:00,44.94445998445998
2025-06-08 00:00:00+00:00,42.57896209054103
2025-06-09 00:00:00+00:00,54.406451560135764
2025-06-10 00:00:00+00:00,53.22370261317629
2025-06-11 00:00:00+00:00,50.858204719257344
2025-06-12 00:00:00+00:00,50.858204719257344
2025-06-13 00:00:00+00:00,54.406451560135764
2025-06-14 00:00:00+00:00,42.57896209054103
2025-06-15 00:00:00+00:00,42.57896209054103
2025-06-16 00:00:00+00:00,46.12720893141945
2025-06-17 00:00:00+00:00,46.12720893141945
2025-06-18 00:00:00+00:00,43.76171103750051
2025-06-19 00:00:00+00:00,40.21346419662209
2025-06-20 00:00:00+00:00,43.76171103750051
2025-06-21 00:00:00+00:00,37.84796630270314
2025-06-22 00:00:00+00:00,59.13744734797366
2025-06-23 00:00:00+00:00,55.58920050709524
2025-06-24 00:00:00+00:00,48.4927068253384
2025-06-25 00:00:00+00:00,47.309957878378924
2025-06-26 00:00:00+00:00,43.76171103750051
2025-06-27 00:00:00+00:00,46.12720893141945
2025-06-28 00:00:00+00:00,36.66521735574367
2025-06-29 00:00:00+00:00,39.03071524966261
2025-06-30 00:00:00+00:00,43.76171103750051
2025-07-01 00:00:00+00:00,41.39621314358156
2025-07-02 00:00:00+00:00,46.12720893141945
2025-07-03 00:00:00+00:00,50.858204719257344
2025-07-04 00:00:00+00:00,46.12720893141945
2025-07-05 00:00:00+00:00,41.39621314358156
2025-07-06 00:00:00+00:00,43.76171103750051
2025-07-07 00:00:00+00:00,46.12720893141945
2025-07-08 00:00:00+00:00,42.57896209054103
2025-07-09 00:00:00+00:00,52.04095366621682
2025-07-10 00:00:00+00:00,72.14768576452786
2025-07-11 00:00:00+00:00,96.9854136506768
2025-07-12 00:00:00+00:00,61.502945241892604
2025-07-13 00:00:00+00:00,61.502945241892604
2025-07-14 00:00:00+00:00,98.16816259763627
2025-07-15 00:00:00+00:00,73.33043471148734
2025-07-16 00:00:00+00:00,72.14768576452786
2025-07-17 00:00:00+00:00,72.14768576452786
2025-07-18 00:00:00+00:00,72.14768576452786
2025-07-19 00:00:00+00:00,63.86844313581155
2025-07-20 00:00:00+00:00,62.68569418885208
2025-07-21 00:00:00+00:00,70.96493681756839
2025-07-22 00:00:00+00:00,63.86844313581155
2025-07-23 00:00:00+00:00,57.954698401014184
2025-07-24 00:00:00+00:00,54.406451560135764
2025-07-25 00:00:00+00:00,61.502945241892604
2025-07-26 00:00:00+00:00,48.4927068253384
2025-07-27 00:00:00+00:00,50.858204719257344
2025-07-28 00:00:00+00:00,55.58920050709524
2025-07-29 00:00:00+00:00,59.13744734797366
2025-07-30 00:00:00+00:00,62.68569418885208
2025-07-31 00:00:00+00:00,59.13744734797366
2025-08-01 00:00:00+00:00,69.78218787060892
2025-08-02 00:00:00+00:00,67.41668997668997
2025-08-03 00:00:00+00:00,65.05119208277102
2025-08-04 00:00:00+00:00,70.96493681756839
2025-08-05 00:00:00+00:00,66.2339410297305
2025-08-06 00:00:00+00:00,63.86844313581155
2025-08-07 00:00:00+00:00,69.78218787060892
2025-08-08 00:00:00+00:00,67.41668997668997
2025-08-09 00:00:00+00:00,66.2339410297305
2025-08-10 00:00:00+00:00,69.78218787060892
2025-08-11 00:00:00+00:00,95.80266470371733
2025-08-12 00:00:00+00:00,87.52342207500102
2025-08-13 00:00:00+00:00,98.16816259763627
2025-08-14 00:00:00+00:00,118.27489469594732
2025-08-15 00:00:00+00:00,102.89915838547417
2025-08-16 00:00:00+00:00,92.2544178628389
2025-08-17 00:00:00+00:00,91.07166891587944
2025-08-18 00:00:00+00:00,98.16816259763627
2025-08-19 00:00:00+00:00,96.9854136506768
