symbol,timestamp,longShortRatio,longAccount,shortAccount
BTCUSDT,2025-08-02 00:00:00+00:00,1.5394,0.6062,0.3938
BTCUSDT,2025-08-02 01:00:00+00:00,1.5458,0.6072,0.3928
BTCUSDT,2025-08-02 02:00:00+00:00,1.5484,0.6076,0.3924
BTCUSDT,2025-08-02 03:00:00+00:00,1.4969,0.5995,0.4005
BTCUSDT,2025-08-02 04:00:00+00:00,1.49,0.5984,0.4016
BTCUSDT,2025-08-02 05:00:00+00:00,1.4876,0.598,0.402
BTCUSDT,2025-08-02 06:00:00+00:00,1.4697,0.5951,0.4049
BTCUSDT,2025-08-02 07:00:00+00:00,1.4486,0.5916,0.4084
BTCUSDT,2025-08-02 08:00:00+00:00,1.4516,0.5921,0.4079
BTCUSDT,2025-08-02 09:00:00+00:00,1.4414,0.5904,0.4096
BTCUSDT,2025-08-02 10:00:00+00:00,1.4552,0.5927,0.4073
BTCUSDT,2025-08-02 11:00:00+00:00,1.457,0.593,0.407
BTCUSDT,2025-08-02 12:00:00+00:00,1.4474,0.5914,0.4086
BTCUSDT,2025-08-02 13:00:00+00:00,1.4558,0.5928,0.4072
BTCUSDT,2025-08-02 14:00:00+00:00,1.4814,0.597,0.403
BTCUSDT,2025-08-02 15:00:00+00:00,1.4863,0.5978,0.4022
BTCUSDT,2025-08-02 16:00:00+00:00,1.4814,0.597,0.403
BTCUSDT,2025-08-02 17:00:00+00:00,1.4808,0.5969,0.4031
BTCUSDT,2025-08-02 18:00:00+00:00,1.4691,0.595,0.405
BTCUSDT,2025-08-02 19:00:00+00:00,1.5138,0.6022,0.3978
BTCUSDT,2025-08-02 20:00:00+00:00,1.5107,0.6017,0.3983
BTCUSDT,2025-08-02 21:00:00+00:00,1.5272,0.6043,0.3957
BTCUSDT,2025-08-02 22:00:00+00:00,1.5259,0.6041,0.3959
BTCUSDT,2025-08-02 23:00:00+00:00,1.5265,0.6042,0.3958
BTCUSDT,2025-08-03 00:00:00+00:00,1.5458,0.6072,0.3928
BTCUSDT,2025-08-03 01:00:00+00:00,1.5549,0.6086,0.3914
BTCUSDT,2025-08-03 02:00:00+00:00,1.5291,0.6046,0.3954
BTCUSDT,2025-08-03 03:00:00+00:00,1.5284,0.6045,0.3955
BTCUSDT,2025-08-03 04:00:00+00:00,1.5069,0.6011,0.3989
BTCUSDT,2025-08-03 05:00:00+00:00,1.4882,0.5981,0.4019
BTCUSDT,2025-08-03 06:00:00+00:00,1.4876,0.598,0.402
BTCUSDT,2025-08-03 07:00:00+00:00,1.4869,0.5979,0.4021
BTCUSDT,2025-08-03 08:00:00+00:00,1.4857,0.5977,0.4023
BTCUSDT,2025-08-03 09:00:00+00:00,1.4832,0.5973,0.4027
BTCUSDT,2025-08-03 10:00:00+00:00,1.4783,0.5965,0.4035
BTCUSDT,2025-08-03 11:00:00+00:00,1.4802,0.5968,0.4032
BTCUSDT,2025-08-03 12:00:00+00:00,1.4876,0.598,0.402
BTCUSDT,2025-08-03 13:00:00+00:00,1.4832,0.5973,0.4027
BTCUSDT,2025-08-03 14:00:00+00:00,1.4728,0.5956,0.4044
BTCUSDT,2025-08-03 15:00:00+00:00,1.4594,0.5934,0.4066
BTCUSDT,2025-08-03 16:00:00+00:00,1.454,0.5925,0.4075
BTCUSDT,2025-08-03 17:00:00+00:00,1.4606,0.5936,0.4064
BTCUSDT,2025-08-03 18:00:00+00:00,1.4528,0.5923,0.4077
BTCUSDT,2025-08-03 19:00:00+00:00,1.4546,0.5926,0.4074
BTCUSDT,2025-08-03 20:00:00+00:00,1.5272,0.6043,0.3957
BTCUSDT,2025-08-03 21:00:00+00:00,1.5278,0.6044,0.3956
BTCUSDT,2025-08-03 22:00:00+00:00,1.5195,0.6031,0.3969
BTCUSDT,2025-08-03 23:00:00+00:00,1.4426,0.5906,0.4094
BTCUSDT,2025-08-04 00:00:00+00:00,1.4438,0.5908,0.4092
BTCUSDT,2025-08-04 01:00:00+00:00,1.4355,0.5894,0.4106
BTCUSDT,2025-08-04 02:00:00+00:00,1.4131,0.5856,0.4144
BTCUSDT,2025-08-04 03:00:00+00:00,1.4963,0.5994,0.4006
BTCUSDT,2025-08-04 04:00:00+00:00,1.4907,0.5985,0.4015
BTCUSDT,2025-08-04 05:00:00+00:00,1.4845,0.5975,0.4025
BTCUSDT,2025-08-04 06:00:00+00:00,1.4913,0.5986,0.4014
BTCUSDT,2025-08-04 07:00:00+00:00,1.5056,0.6009,0.3991
BTCUSDT,2025-08-04 08:00:00+00:00,1.5,0.6,0.4
BTCUSDT,2025-08-04 09:00:00+00:00,1.4994,0.5999,0.4001
BTCUSDT,2025-08-04 10:00:00+00:00,1.4925,0.5988,0.4012
BTCUSDT,2025-08-04 11:00:00+00:00,1.4925,0.5988,0.4012
BTCUSDT,2025-08-04 12:00:00+00:00,1.4888,0.5982,0.4018
BTCUSDT,2025-08-04 13:00:00+00:00,1.5044,0.6007,0.3993
BTCUSDT,2025-08-04 14:00:00+00:00,1.4931,0.5989,0.4011
BTCUSDT,2025-08-04 15:00:00+00:00,1.4284,0.5882,0.4118
BTCUSDT,2025-08-04 16:00:00+00:00,1.4366,0.5896,0.4104
BTCUSDT,2025-08-04 17:00:00+00:00,1.4876,0.598,0.402
BTCUSDT,2025-08-04 18:00:00+00:00,1.4516,0.5921,0.4079
BTCUSDT,2025-08-04 19:00:00+00:00,1.454,0.5925,0.4075
BTCUSDT,2025-08-04 20:00:00+00:00,1.4522,0.5922,0.4078
BTCUSDT,2025-08-04 21:00:00+00:00,1.4414,0.5904,0.4096
BTCUSDT,2025-08-04 22:00:00+00:00,1.4456,0.5911,0.4089
BTCUSDT,2025-08-04 23:00:00+00:00,1.4771,0.5963,0.4037
BTCUSDT,2025-08-05 00:00:00+00:00,1.4752,0.596,0.404
BTCUSDT,2025-08-05 01:00:00+00:00,1.4808,0.5969,0.4031
BTCUSDT,2025-08-05 02:00:00+00:00,1.4869,0.5979,0.4021
BTCUSDT,2025-08-05 03:00:00+00:00,1.5608,0.6095,0.3905
BTCUSDT,2025-08-05 04:00:00+00:00,1.5634,0.6099,0.3901
BTCUSDT,2025-08-05 05:00:00+00:00,1.572,0.6112,0.3888
BTCUSDT,2025-08-05 06:00:00+00:00,1.5727,0.6113,0.3887
BTCUSDT,2025-08-05 07:00:00+00:00,1.5833,0.6129,0.3871
BTCUSDT,2025-08-05 08:00:00+00:00,1.4728,0.5956,0.4044
BTCUSDT,2025-08-05 09:00:00+00:00,1.4558,0.5928,0.4072
BTCUSDT,2025-08-05 10:00:00+00:00,1.46,0.5935,0.4065
BTCUSDT,2025-08-05 11:00:00+00:00,1.4938,0.599,0.401
BTCUSDT,2025-08-05 12:00:00+00:00,1.4963,0.5994,0.4006
BTCUSDT,2025-08-05 13:00:00+00:00,1.5674,0.6105,0.3895
BTCUSDT,2025-08-05 14:00:00+00:00,1.5615,0.6096,0.3904
BTCUSDT,2025-08-05 15:00:00+00:00,1.6483,0.6224,0.3776
BTCUSDT,2025-08-05 16:00:00+00:00,1.6681,0.6252,0.3748
BTCUSDT,2025-08-05 17:00:00+00:00,1.6681,0.6252,0.3748
BTCUSDT,2025-08-05 18:00:00+00:00,1.635,0.6205,0.3795
BTCUSDT,2025-08-05 19:00:00+00:00,1.6137,0.6174,0.3826
BTCUSDT,2025-08-05 20:00:00+00:00,1.5913,0.6141,0.3859
BTCUSDT,2025-08-05 21:00:00+00:00,1.576,0.6118,0.3882
BTCUSDT,2025-08-05 22:00:00+00:00,1.5707,0.611,0.389
BTCUSDT,2025-08-05 23:00:00+00:00,1.5575,0.609,0.391
BTCUSDT,2025-08-06 00:00:00+00:00,1.553,0.6083,0.3917
BTCUSDT,2025-08-06 01:00:00+00:00,1.5214,0.6034,0.3966
BTCUSDT,2025-08-06 02:00:00+00:00,1.5202,0.6032,0.3968
BTCUSDT,2025-08-06 03:00:00+00:00,1.5221,0.6035,0.3965
BTCUSDT,2025-08-06 04:00:00+00:00,1.4888,0.5982,0.4018
BTCUSDT,2025-08-06 05:00:00+00:00,1.4888,0.5982,0.4018
BTCUSDT,2025-08-06 06:00:00+00:00,1.5374,0.6059,0.3941
BTCUSDT,2025-08-06 07:00:00+00:00,1.5426,0.6067,0.3933
BTCUSDT,2025-08-06 08:00:00+00:00,1.5278,0.6044,0.3956
BTCUSDT,2025-08-06 09:00:00+00:00,1.5407,0.6064,0.3936
BTCUSDT,2025-08-06 10:00:00+00:00,1.5342,0.6054,0.3946
BTCUSDT,2025-08-06 11:00:00+00:00,1.5297,0.6047,0.3953
BTCUSDT,2025-08-06 12:00:00+00:00,1.5082,0.6013,0.3987
BTCUSDT,2025-08-06 13:00:00+00:00,1.5082,0.6013,0.3987
BTCUSDT,2025-08-06 14:00:00+00:00,1.5164,0.6026,0.3974
BTCUSDT,2025-08-06 15:00:00+00:00,1.4278,0.5881,0.4119
BTCUSDT,2025-08-06 16:00:00+00:00,1.3568,0.5757,0.4243
BTCUSDT,2025-08-06 17:00:00+00:00,1.3447,0.5735,0.4265
BTCUSDT,2025-08-06 18:00:00+00:00,1.3245,0.5698,0.4302
BTCUSDT,2025-08-06 19:00:00+00:00,1.3229,0.5695,0.4305
BTCUSDT,2025-08-06 20:00:00+00:00,1.3154,0.5681,0.4319
BTCUSDT,2025-08-06 21:00:00+00:00,1.3105,0.5672,0.4328
BTCUSDT,2025-08-06 22:00:00+00:00,1.3143,0.5679,0.4321
BTCUSDT,2025-08-06 23:00:00+00:00,1.3159,0.5682,0.4318
BTCUSDT,2025-08-07 00:00:00+00:00,1.31,0.5671,0.4329
BTCUSDT,2025-08-07 01:00:00+00:00,1.3036,0.5659,0.4341
BTCUSDT,2025-08-07 02:00:00+00:00,1.3256,0.57,0.43
BTCUSDT,2025-08-07 03:00:00+00:00,1.3832,0.5804,0.4196
BTCUSDT,2025-08-07 04:00:00+00:00,1.401,0.5835,0.4165
BTCUSDT,2025-08-07 05:00:00+00:00,1.4272,0.588,0.412
BTCUSDT,2025-08-07 06:00:00+00:00,1.4552,0.5927,0.4073
BTCUSDT,2025-08-07 07:00:00+00:00,1.4661,0.5945,0.4055
BTCUSDT,2025-08-07 08:00:00+00:00,1.4631,0.594,0.406
BTCUSDT,2025-08-07 09:00:00+00:00,1.426,0.5878,0.4122
BTCUSDT,2025-08-07 10:00:00+00:00,1.4178,0.5864,0.4136
BTCUSDT,2025-08-07 11:00:00+00:00,1.2619,0.5579,0.4421
BTCUSDT,2025-08-07 12:00:00+00:00,1.2085,0.5472,0.4528
BTCUSDT,2025-08-07 13:00:00+00:00,1.2306,0.5517,0.4483
BTCUSDT,2025-08-07 14:00:00+00:00,1.2173,0.549,0.451
BTCUSDT,2025-08-07 15:00:00+00:00,1.2153,0.5486,0.4514
BTCUSDT,2025-08-07 16:00:00+00:00,1.1983,0.5451,0.4549
BTCUSDT,2025-08-07 17:00:00+00:00,1.2416,0.5539,0.4461
BTCUSDT,2025-08-07 18:00:00+00:00,1.2331,0.5522,0.4478
BTCUSDT,2025-08-07 19:00:00+00:00,1.2336,0.5523,0.4477
BTCUSDT,2025-08-07 20:00:00+00:00,1.1834,0.542,0.458
BTCUSDT,2025-08-07 21:00:00+00:00,1.158,0.5366,0.4634
BTCUSDT,2025-08-07 22:00:00+00:00,1.1584,0.5367,0.4633
BTCUSDT,2025-08-07 23:00:00+00:00,1.1556,0.5361,0.4639
BTCUSDT,2025-08-08 00:00:00+00:00,1.1459,0.534,0.466
BTCUSDT,2025-08-08 01:00:00+00:00,1.0593,0.5144,0.4856
BTCUSDT,2025-08-08 02:00:00+00:00,1.0846,0.5203,0.4797
BTCUSDT,2025-08-08 03:00:00+00:00,1.1896,0.5433,0.4567
BTCUSDT,2025-08-08 04:00:00+00:00,1.2046,0.5464,0.4536
BTCUSDT,2025-08-08 05:00:00+00:00,1.2158,0.5487,0.4513
BTCUSDT,2025-08-08 06:00:00+00:00,1.2099,0.5475,0.4525
BTCUSDT,2025-08-08 07:00:00+00:00,1.2346,0.5525,0.4475
BTCUSDT,2025-08-08 08:00:00+00:00,1.2427,0.5541,0.4459
BTCUSDT,2025-08-08 09:00:00+00:00,1.2502,0.5556,0.4444
BTCUSDT,2025-08-08 10:00:00+00:00,1.2538,0.5563,0.4437
BTCUSDT,2025-08-08 11:00:00+00:00,1.2543,0.5564,0.4436
BTCUSDT,2025-08-08 12:00:00+00:00,1.2487,0.5553,0.4447
BTCUSDT,2025-08-08 13:00:00+00:00,1.2401,0.5536,0.4464
BTCUSDT,2025-08-08 14:00:00+00:00,1.2416,0.5539,0.4461
BTCUSDT,2025-08-08 15:00:00+00:00,1.2599,0.5575,0.4425
BTCUSDT,2025-08-08 16:00:00+00:00,1.2952,0.5643,0.4357
BTCUSDT,2025-08-08 17:00:00+00:00,1.3031,0.5658,0.4342
BTCUSDT,2025-08-08 18:00:00+00:00,1.2989,0.565,0.435
BTCUSDT,2025-08-08 19:00:00+00:00,1.2894,0.5632,0.4368
BTCUSDT,2025-08-08 20:00:00+00:00,1.3079,0.5667,0.4333
BTCUSDT,2025-08-08 21:00:00+00:00,1.3041,0.566,0.434
BTCUSDT,2025-08-08 22:00:00+00:00,1.3036,0.5659,0.4341
BTCUSDT,2025-08-08 23:00:00+00:00,1.2946,0.5642,0.4358
BTCUSDT,2025-08-09 00:00:00+00:00,1.2857,0.5625,0.4375
BTCUSDT,2025-08-09 01:00:00+00:00,1.2665,0.5588,0.4412
BTCUSDT,2025-08-09 02:00:00+00:00,1.2589,0.5573,0.4427
BTCUSDT,2025-08-09 03:00:00+00:00,1.2512,0.5558,0.4442
BTCUSDT,2025-08-09 04:00:00+00:00,1.2645,0.5584,0.4416
BTCUSDT,2025-08-09 05:00:00+00:00,1.2748,0.5604,0.4396
BTCUSDT,2025-08-09 06:00:00+00:00,1.2815,0.5617,0.4383
BTCUSDT,2025-08-09 07:00:00+00:00,1.2989,0.565,0.435
BTCUSDT,2025-08-09 08:00:00+00:00,1.2925,0.5638,0.4362
BTCUSDT,2025-08-09 09:00:00+00:00,1.3524,0.5749,0.4251
BTCUSDT,2025-08-09 10:00:00+00:00,1.3305,0.5709,0.4291
BTCUSDT,2025-08-09 11:00:00+00:00,1.3084,0.5668,0.4332
BTCUSDT,2025-08-09 12:00:00+00:00,1.318,0.5686,0.4314
BTCUSDT,2025-08-09 13:00:00+00:00,1.3326,0.5713,0.4287
BTCUSDT,2025-08-09 14:00:00+00:00,1.3496,0.5744,0.4256
BTCUSDT,2025-08-09 15:00:00+00:00,1.3753,0.579,0.421
BTCUSDT,2025-08-09 16:00:00+00:00,1.3912,0.5818,0.4182
BTCUSDT,2025-08-09 17:00:00+00:00,1.401,0.5835,0.4165
BTCUSDT,2025-08-09 18:00:00+00:00,1.4091,0.5849,0.4151
BTCUSDT,2025-08-09 19:00:00+00:00,1.4149,0.5859,0.4141
BTCUSDT,2025-08-09 20:00:00+00:00,1.4266,0.5879,0.4121
BTCUSDT,2025-08-09 21:00:00+00:00,1.4266,0.5879,0.4121
BTCUSDT,2025-08-09 22:00:00+00:00,1.4402,0.5902,0.4098
BTCUSDT,2025-08-09 23:00:00+00:00,1.4408,0.5903,0.4097
BTCUSDT,2025-08-10 00:00:00+00:00,1.4438,0.5908,0.4092
BTCUSDT,2025-08-10 01:00:00+00:00,1.4546,0.5926,0.4074
BTCUSDT,2025-08-10 02:00:00+00:00,1.4468,0.5913,0.4087
BTCUSDT,2025-08-10 03:00:00+00:00,1.4284,0.5882,0.4118
BTCUSDT,2025-08-10 04:00:00+00:00,1.2722,0.5599,0.4401
BTCUSDT,2025-08-10 05:00:00+00:00,1.2427,0.5541,0.4459
BTCUSDT,2025-08-10 06:00:00+00:00,1.2604,0.5576,0.4424
BTCUSDT,2025-08-10 07:00:00+00:00,1.2831,0.562,0.438
BTCUSDT,2025-08-10 08:00:00+00:00,1.2941,0.5641,0.4359
BTCUSDT,2025-08-10 09:00:00+00:00,1.2847,0.5623,0.4377
BTCUSDT,2025-08-10 10:00:00+00:00,1.2589,0.5573,0.4427
BTCUSDT,2025-08-10 11:00:00+00:00,1.2517,0.5559,0.4441
BTCUSDT,2025-08-10 12:00:00+00:00,1.2381,0.5532,0.4468
BTCUSDT,2025-08-10 13:00:00+00:00,1.2178,0.5491,0.4509
BTCUSDT,2025-08-10 14:00:00+00:00,1.2017,0.5458,0.4542
BTCUSDT,2025-08-10 15:00:00+00:00,1.1782,0.5409,0.4591
BTCUSDT,2025-08-10 16:00:00+00:00,1.1683,0.5388,0.4612
BTCUSDT,2025-08-10 17:00:00+00:00,1.164,0.5379,0.4621
BTCUSDT,2025-08-10 18:00:00+00:00,1.1659,0.5383,0.4617
BTCUSDT,2025-08-10 19:00:00+00:00,1.1701,0.5392,0.4608
BTCUSDT,2025-08-10 20:00:00+00:00,1.1758,0.5404,0.4596
BTCUSDT,2025-08-10 21:00:00+00:00,1.1308,0.5307,0.4693
BTCUSDT,2025-08-10 22:00:00+00:00,1.1336,0.5313,0.4687
BTCUSDT,2025-08-10 23:00:00+00:00,1.1119,0.5265,0.4735
BTCUSDT,2025-08-11 00:00:00+00:00,1.1066,0.5253,0.4747
BTCUSDT,2025-08-11 01:00:00+00:00,1.0877,0.521,0.479
BTCUSDT,2025-08-11 02:00:00+00:00,1.0276,0.5068,0.4932
BTCUSDT,2025-08-11 03:00:00+00:00,1.0475,0.5116,0.4884
BTCUSDT,2025-08-11 04:00:00+00:00,1.0113,0.5028,0.4972
BTCUSDT,2025-08-11 05:00:00+00:00,0.9996,0.4999,0.5001
BTCUSDT,2025-08-11 06:00:00+00:00,0.9865,0.4966,0.5034
BTCUSDT,2025-08-11 07:00:00+00:00,0.9814,0.4953,0.5047
BTCUSDT,2025-08-11 08:00:00+00:00,0.9543,0.4883,0.5117
BTCUSDT,2025-08-11 09:00:00+00:00,0.9818,0.4954,0.5046
BTCUSDT,2025-08-11 10:00:00+00:00,0.9837,0.4959,0.5041
BTCUSDT,2025-08-11 11:00:00+00:00,0.9361,0.4835,0.5165
BTCUSDT,2025-08-11 12:00:00+00:00,0.9685,0.492,0.508
BTCUSDT,2025-08-11 13:00:00+00:00,1.035,0.5086,0.4914
BTCUSDT,2025-08-11 14:00:00+00:00,1.1053,0.525,0.475
BTCUSDT,2025-08-11 15:00:00+00:00,1.1186,0.528,0.472
BTCUSDT,2025-08-11 16:00:00+00:00,1.1124,0.5266,0.4734
BTCUSDT,2025-08-11 17:00:00+00:00,1.1066,0.5253,0.4747
BTCUSDT,2025-08-11 18:00:00+00:00,1.1128,0.5267,0.4733
BTCUSDT,2025-08-11 19:00:00+00:00,1.1164,0.5275,0.4725
BTCUSDT,2025-08-11 20:00:00+00:00,1.1354,0.5317,0.4683
BTCUSDT,2025-08-11 21:00:00+00:00,1.1589,0.5368,0.4632
BTCUSDT,2025-08-11 22:00:00+00:00,1.1825,0.5418,0.4582
BTCUSDT,2025-08-11 23:00:00+00:00,1.1997,0.5454,0.4546
BTCUSDT,2025-08-12 00:00:00+00:00,1.2202,0.5496,0.4504
BTCUSDT,2025-08-12 01:00:00+00:00,1.2351,0.5526,0.4474
BTCUSDT,2025-08-12 02:00:00+00:00,1.2497,0.5555,0.4445
BTCUSDT,2025-08-12 03:00:00+00:00,1.2022,0.5459,0.4541
BTCUSDT,2025-08-12 04:00:00+00:00,1.1968,0.5448,0.4552
BTCUSDT,2025-08-12 05:00:00+00:00,1.2026,0.546,0.454
BTCUSDT,2025-08-12 06:00:00+00:00,1.2026,0.546,0.454
BTCUSDT,2025-08-12 07:00:00+00:00,1.2017,0.5458,0.4542
BTCUSDT,2025-08-12 08:00:00+00:00,1.1993,0.5453,0.4547
BTCUSDT,2025-08-12 09:00:00+00:00,1.1944,0.5443,0.4557
BTCUSDT,2025-08-12 10:00:00+00:00,1.2411,0.5538,0.4462
BTCUSDT,2025-08-12 11:00:00+00:00,1.2502,0.5556,0.4444
BTCUSDT,2025-08-12 12:00:00+00:00,1.2604,0.5576,0.4424
BTCUSDT,2025-08-12 13:00:00+00:00,1.2594,0.5574,0.4426
BTCUSDT,2025-08-12 14:00:00+00:00,1.2707,0.5596,0.4404
BTCUSDT,2025-08-12 15:00:00+00:00,1.2548,0.5565,0.4435
BTCUSDT,2025-08-12 16:00:00+00:00,1.2262,0.5508,0.4492
BTCUSDT,2025-08-12 17:00:00+00:00,1.1973,0.5449,0.4551
BTCUSDT,2025-08-12 18:00:00+00:00,1.206,0.5467,0.4533
BTCUSDT,2025-08-12 19:00:00+00:00,1.2007,0.5456,0.4544
BTCUSDT,2025-08-12 20:00:00+00:00,1.1964,0.5447,0.4553
BTCUSDT,2025-08-12 21:00:00+00:00,1.1973,0.5449,0.4551
BTCUSDT,2025-08-12 22:00:00+00:00,1.1887,0.5431,0.4569
BTCUSDT,2025-08-12 23:00:00+00:00,1.1877,0.5429,0.4571
BTCUSDT,2025-08-13 00:00:00+00:00,1.1863,0.5426,0.4574
BTCUSDT,2025-08-13 01:00:00+00:00,1.181,0.5415,0.4585
BTCUSDT,2025-08-13 02:00:00+00:00,1.1925,0.5439,0.4561
BTCUSDT,2025-08-13 03:00:00+00:00,1.3127,0.5676,0.4324
BTCUSDT,2025-08-13 04:00:00+00:00,1.3256,0.57,0.43
BTCUSDT,2025-08-13 05:00:00+00:00,1.3337,0.5715,0.4285
BTCUSDT,2025-08-13 06:00:00+00:00,1.343,0.5732,0.4268
BTCUSDT,2025-08-13 07:00:00+00:00,1.3337,0.5715,0.4285
BTCUSDT,2025-08-13 08:00:00+00:00,1.325,0.5699,0.4301
BTCUSDT,2025-08-13 09:00:00+00:00,1.3057,0.5663,0.4337
BTCUSDT,2025-08-13 10:00:00+00:00,1.2889,0.5631,0.4369
BTCUSDT,2025-08-13 11:00:00+00:00,1.2589,0.5573,0.4427
BTCUSDT,2025-08-13 12:00:00+00:00,1.2282,0.5512,0.4488
BTCUSDT,2025-08-13 13:00:00+00:00,1.1988,0.5452,0.4548
BTCUSDT,2025-08-13 14:00:00+00:00,1.1061,0.5252,0.4748
BTCUSDT,2025-08-13 15:00:00+00:00,1.0833,0.52,0.48
BTCUSDT,2025-08-13 16:00:00+00:00,1.0846,0.5203,0.4797
BTCUSDT,2025-08-13 17:00:00+00:00,1.064,0.5155,0.4845
BTCUSDT,2025-08-13 18:00:00+00:00,1.0614,0.5149,0.4851
BTCUSDT,2025-08-13 19:00:00+00:00,1.0627,0.5152,0.4848
BTCUSDT,2025-08-13 20:00:00+00:00,1.0169,0.5042,0.4958
BTCUSDT,2025-08-13 21:00:00+00:00,0.9996,0.4999,0.5001
BTCUSDT,2025-08-13 22:00:00+00:00,0.9952,0.4988,0.5012
BTCUSDT,2025-08-13 23:00:00+00:00,0.9841,0.496,0.504
BTCUSDT,2025-08-14 00:00:00+00:00,0.9547,0.4884,0.5116
BTCUSDT,2025-08-14 01:00:00+00:00,0.9421,0.4851,0.5149
BTCUSDT,2025-08-14 02:00:00+00:00,0.9425,0.4852,0.5148
BTCUSDT,2025-08-14 03:00:00+00:00,0.9956,0.4989,0.5011
BTCUSDT,2025-08-14 04:00:00+00:00,0.9952,0.4988,0.5012
BTCUSDT,2025-08-14 05:00:00+00:00,0.9818,0.4954,0.5046
BTCUSDT,2025-08-14 06:00:00+00:00,1.0004,0.5001,0.4999
BTCUSDT,2025-08-14 07:00:00+00:00,1.096,0.5229,0.4771
BTCUSDT,2025-08-14 08:00:00+00:00,1.1084,0.5257,0.4743
BTCUSDT,2025-08-14 09:00:00+00:00,1.1106,0.5262,0.4738
BTCUSDT,2025-08-14 10:00:00+00:00,1.1327,0.5311,0.4689
BTCUSDT,2025-08-14 11:00:00+00:00,1.1227,0.5289,0.4711
BTCUSDT,2025-08-14 12:00:00+00:00,1.1673,0.5386,0.4614
BTCUSDT,2025-08-14 13:00:00+00:00,1.266,0.5587,0.4413
BTCUSDT,2025-08-14 14:00:00+00:00,1.4242,0.5875,0.4125
BTCUSDT,2025-08-14 15:00:00+00:00,1.445,0.591,0.409
BTCUSDT,2025-08-14 16:00:00+00:00,1.5094,0.6015,0.3985
BTCUSDT,2025-08-14 17:00:00+00:00,1.5543,0.6085,0.3915
BTCUSDT,2025-08-14 18:00:00+00:00,1.5648,0.6101,0.3899
BTCUSDT,2025-08-14 19:00:00+00:00,1.582,0.6127,0.3873
BTCUSDT,2025-08-14 20:00:00+00:00,1.5927,0.6143,0.3857
BTCUSDT,2025-08-14 21:00:00+00:00,1.6015,0.6156,0.3844
BTCUSDT,2025-08-14 22:00:00+00:00,1.6103,0.6169,0.3831
BTCUSDT,2025-08-14 23:00:00+00:00,1.6199,0.6183,0.3817
BTCUSDT,2025-08-15 00:00:00+00:00,1.6226,0.6187,0.3813
BTCUSDT,2025-08-15 01:00:00+00:00,1.6151,0.6176,0.3824
BTCUSDT,2025-08-15 02:00:00+00:00,1.6261,0.6192,0.3808
BTCUSDT,2025-08-15 03:00:00+00:00,1.4558,0.5928,0.4072
BTCUSDT,2025-08-15 04:00:00+00:00,1.4343,0.5892,0.4108
BTCUSDT,2025-08-15 05:00:00+00:00,1.4102,0.5851,0.4149
BTCUSDT,2025-08-15 06:00:00+00:00,1.3866,0.581,0.419
BTCUSDT,2025-08-15 07:00:00+00:00,1.373,0.5786,0.4214
BTCUSDT,2025-08-15 08:00:00+00:00,1.3674,0.5776,0.4224
BTCUSDT,2025-08-15 09:00:00+00:00,1.3557,0.5755,0.4245
BTCUSDT,2025-08-15 10:00:00+00:00,1.3305,0.5709,0.4291
BTCUSDT,2025-08-15 11:00:00+00:00,1.3234,0.5696,0.4304
BTCUSDT,2025-08-15 12:00:00+00:00,1.3095,0.567,0.433
BTCUSDT,2025-08-15 13:00:00+00:00,1.3111,0.5673,0.4327
BTCUSDT,2025-08-15 14:00:00+00:00,1.3218,0.5693,0.4307
BTCUSDT,2025-08-15 15:00:00+00:00,1.348,0.5741,0.4259
BTCUSDT,2025-08-15 16:00:00+00:00,1.3827,0.5803,0.4197
BTCUSDT,2025-08-15 17:00:00+00:00,1.4307,0.5886,0.4114
BTCUSDT,2025-08-15 18:00:00+00:00,1.4378,0.5898,0.4102
BTCUSDT,2025-08-15 19:00:00+00:00,1.4396,0.5901,0.4099
BTCUSDT,2025-08-15 20:00:00+00:00,1.4546,0.5926,0.4074
BTCUSDT,2025-08-15 21:00:00+00:00,1.4612,0.5937,0.4063
BTCUSDT,2025-08-15 22:00:00+00:00,1.4679,0.5948,0.4052
BTCUSDT,2025-08-15 23:00:00+00:00,1.4851,0.5976,0.4024
BTCUSDT,2025-08-16 00:00:00+00:00,1.5,0.6,0.4
BTCUSDT,2025-08-16 01:00:00+00:00,1.4919,0.5987,0.4013
BTCUSDT,2025-08-16 02:00:00+00:00,1.4851,0.5976,0.4024
BTCUSDT,2025-08-16 03:00:00+00:00,1.4594,0.5934,0.4066
BTCUSDT,2025-08-16 04:00:00+00:00,1.4588,0.5933,0.4067
BTCUSDT,2025-08-16 05:00:00+00:00,1.4402,0.5902,0.4098
BTCUSDT,2025-08-16 06:00:00+00:00,1.4301,0.5885,0.4115
BTCUSDT,2025-08-16 07:00:00+00:00,1.4284,0.5882,0.4118
BTCUSDT,2025-08-16 08:00:00+00:00,1.4337,0.5891,0.4109
BTCUSDT,2025-08-16 09:00:00+00:00,1.4337,0.5891,0.4109
BTCUSDT,2025-08-16 10:00:00+00:00,1.4272,0.588,0.412
BTCUSDT,2025-08-16 11:00:00+00:00,1.4207,0.5869,0.4131
BTCUSDT,2025-08-16 12:00:00+00:00,1.412,0.5854,0.4146
BTCUSDT,2025-08-16 13:00:00+00:00,1.3895,0.5815,0.4185
BTCUSDT,2025-08-16 14:00:00+00:00,1.3849,0.5807,0.4193
BTCUSDT,2025-08-16 15:00:00+00:00,1.3849,0.5807,0.4193
BTCUSDT,2025-08-16 16:00:00+00:00,1.3844,0.5806,0.4194
BTCUSDT,2025-08-16 17:00:00+00:00,1.3804,0.5799,0.4201
BTCUSDT,2025-08-16 18:00:00+00:00,1.3725,0.5785,0.4215
BTCUSDT,2025-08-16 19:00:00+00:00,1.3697,0.578,0.422
BTCUSDT,2025-08-16 20:00:00+00:00,1.3719,0.5784,0.4216
BTCUSDT,2025-08-16 21:00:00+00:00,1.3719,0.5784,0.4216
BTCUSDT,2025-08-16 22:00:00+00:00,1.3714,0.5783,0.4217
BTCUSDT,2025-08-16 23:00:00+00:00,1.3889,0.5814,0.4186
BTCUSDT,2025-08-17 00:00:00+00:00,1.3929,0.5821,0.4179
BTCUSDT,2025-08-17 01:00:00+00:00,1.3941,0.5823,0.4177
BTCUSDT,2025-08-17 02:00:00+00:00,1.4004,0.5834,0.4166
BTCUSDT,2025-08-17 03:00:00+00:00,1.4073,0.5846,0.4154
BTCUSDT,2025-08-17 04:00:00+00:00,1.4131,0.5856,0.4144
BTCUSDT,2025-08-17 05:00:00+00:00,1.4027,0.5838,0.4162
BTCUSDT,2025-08-17 06:00:00+00:00,1.3901,0.5816,0.4184
BTCUSDT,2025-08-17 07:00:00+00:00,1.3821,0.5802,0.4198
BTCUSDT,2025-08-17 08:00:00+00:00,1.3895,0.5815,0.4185
BTCUSDT,2025-08-17 09:00:00+00:00,1.3987,0.5831,0.4169
BTCUSDT,2025-08-17 10:00:00+00:00,1.3878,0.5812,0.4188
BTCUSDT,2025-08-17 11:00:00+00:00,1.3883,0.5813,0.4187
BTCUSDT,2025-08-17 12:00:00+00:00,1.3832,0.5804,0.4196
BTCUSDT,2025-08-17 13:00:00+00:00,1.3652,0.5772,0.4228
BTCUSDT,2025-08-17 14:00:00+00:00,1.3613,0.5765,0.4235
BTCUSDT,2025-08-17 15:00:00+00:00,1.3669,0.5775,0.4225
BTCUSDT,2025-08-17 16:00:00+00:00,1.3776,0.5794,0.4206
BTCUSDT,2025-08-17 17:00:00+00:00,1.368,0.5777,0.4223
BTCUSDT,2025-08-17 18:00:00+00:00,1.3742,0.5788,0.4212
BTCUSDT,2025-08-17 19:00:00+00:00,1.3838,0.5805,0.4195
BTCUSDT,2025-08-17 20:00:00+00:00,1.3702,0.5781,0.4219
BTCUSDT,2025-08-17 21:00:00+00:00,1.3764,0.5792,0.4208
BTCUSDT,2025-08-17 22:00:00+00:00,1.3827,0.5803,0.4197
BTCUSDT,2025-08-17 23:00:00+00:00,1.3901,0.5816,0.4184
BTCUSDT,2025-08-18 00:00:00+00:00,1.3958,0.5826,0.4174
BTCUSDT,2025-08-18 01:00:00+00:00,1.416,0.5861,0.4139
BTCUSDT,2025-08-18 02:00:00+00:00,1.4882,0.5981,0.4019
BTCUSDT,2025-08-18 03:00:00+00:00,1.5329,0.6052,0.3948
BTCUSDT,2025-08-18 04:00:00+00:00,1.586,0.6133,0.3867
BTCUSDT,2025-08-18 05:00:00+00:00,1.6392,0.6211,0.3789
BTCUSDT,2025-08-18 06:00:00+00:00,1.6413,0.6214,0.3786
BTCUSDT,2025-08-18 07:00:00+00:00,1.6504,0.6227,0.3773
BTCUSDT,2025-08-18 08:00:00+00:00,1.6824,0.6272,0.3728
BTCUSDT,2025-08-18 09:00:00+00:00,1.7012,0.6298,0.3702
BTCUSDT,2025-08-18 10:00:00+00:00,1.7218,0.6326,0.3674
BTCUSDT,2025-08-18 11:00:00+00:00,1.7352,0.6344,0.3656
BTCUSDT,2025-08-18 12:00:00+00:00,1.7473,0.636,0.364
BTCUSDT,2025-08-18 13:00:00+00:00,1.7693,0.6389,0.3611
BTCUSDT,2025-08-18 14:00:00+00:00,1.736,0.6345,0.3655
BTCUSDT,2025-08-18 15:00:00+00:00,1.7293,0.6336,0.3664
BTCUSDT,2025-08-18 16:00:00+00:00,1.6767,0.6264,0.3736
BTCUSDT,2025-08-18 17:00:00+00:00,1.6192,0.6182,0.3818
BTCUSDT,2025-08-18 18:00:00+00:00,1.5687,0.6107,0.3893
BTCUSDT,2025-08-18 19:00:00+00:00,1.5621,0.6097,0.3903
BTCUSDT,2025-08-18 20:00:00+00:00,1.5458,0.6072,0.3928
BTCUSDT,2025-08-18 21:00:00+00:00,1.5387,0.6061,0.3939
BTCUSDT,2025-08-18 22:00:00+00:00,1.524,0.6038,0.3962
BTCUSDT,2025-08-18 23:00:00+00:00,1.5038,0.6006,0.3994
BTCUSDT,2025-08-19 00:00:00+00:00,1.4814,0.597,0.403
BTCUSDT,2025-08-19 01:00:00+00:00,1.4631,0.594,0.406
BTCUSDT,2025-08-19 02:00:00+00:00,1.4679,0.5948,0.4052
BTCUSDT,2025-08-19 03:00:00+00:00,1.4765,0.5962,0.4038
BTCUSDT,2025-08-19 04:00:00+00:00,1.4839,0.5974,0.4026
BTCUSDT,2025-08-19 05:00:00+00:00,1.5164,0.6026,0.3974
BTCUSDT,2025-08-19 06:00:00+00:00,1.5082,0.6013,0.3987
BTCUSDT,2025-08-19 07:00:00+00:00,1.5214,0.6034,0.3966
BTCUSDT,2025-08-19 08:00:00+00:00,1.5413,0.6065,0.3935
BTCUSDT,2025-08-19 09:00:00+00:00,1.5387,0.6061,0.3939
