date,crypto
2020-01-01 00:00:00+00:00,33.0
2020-01-02 00:00:00+00:00,41.0
2020-01-03 00:00:00+00:00,41.0
2020-01-04 00:00:00+00:00,39.0
2020-01-05 00:00:00+00:00,39.0
2020-01-06 00:00:00+00:00,44.0
2020-01-07 00:00:00+00:00,47.0
2020-01-08 00:00:00+00:00,44.0
2020-01-09 00:00:00+00:00,42.0
2020-01-10 00:00:00+00:00,44.0
2020-01-11 00:00:00+00:00,41.0
2020-01-12 00:00:00+00:00,39.0
2020-01-13 00:00:00+00:00,42.0
2020-01-14 00:00:00+00:00,59.0
2020-01-15 00:00:00+00:00,58.0
2020-01-16 00:00:00+00:00,54.0
2020-01-17 00:00:00+00:00,51.0
2020-01-18 00:00:00+00:00,48.0
2020-01-19 00:00:00+00:00,44.0
2020-01-20 00:00:00+00:00,49.0
2020-01-21 00:00:00+00:00,50.0
2020-01-22 00:00:00+00:00,49.0
2020-01-23 00:00:00+00:00,48.0
2020-01-24 00:00:00+00:00,43.0
2020-01-25 00:00:00+00:00,39.0
2020-01-26 00:00:00+00:00,38.0
2020-01-27 00:00:00+00:00,46.0
2020-01-28 00:00:00+00:00,51.0
2020-01-29 00:00:00+00:00,49.0
2020-01-30 00:00:00+00:00,49.0
2020-01-31 00:00:00+00:00,47.0
2020-02-01 00:00:00+00:00,43.0
2020-02-02 00:00:00+00:00,46.0
2020-02-03 00:00:00+00:00,47.0
2020-02-04 00:00:00+00:00,51.0
2020-02-05 00:00:00+00:00,53.0
2020-02-06 00:00:00+00:00,57.0
2020-02-07 00:00:00+00:00,53.0
2020-02-08 00:00:00+00:00,49.0
2020-02-09 00:00:00+00:00,58.0
2020-02-10 00:00:00+00:00,53.0
2020-02-11 00:00:00+00:00,77.0
2020-02-12 00:00:00+00:00,100.0
2020-02-13 00:00:00+00:00,82.0
2020-02-14 00:00:00+00:00,69.0
2020-02-15 00:00:00+00:00,67.0
2020-02-16 00:00:00+00:00,66.0
2020-02-17 00:00:00+00:00,66.0
2020-02-18 00:00:00+00:00,62.0
2020-02-19 00:00:00+00:00,60.0
2020-02-20 00:00:00+00:00,58.0
2020-02-21 00:00:00+00:00,51.0
2020-02-22 00:00:00+00:00,47.0
2020-02-23 00:00:00+00:00,49.0
2020-02-24 00:00:00+00:00,53.0
2020-02-25 00:00:00+00:00,53.0
2020-02-26 00:00:00+00:00,58.0
2020-02-27 00:00:00+00:00,51.0
2020-02-28 00:00:00+00:00,47.0
2020-02-29 00:00:00+00:00,44.0
2020-03-01 00:00:00+00:00,46.0
2020-03-02 00:00:00+00:00,48.0
2020-03-03 00:00:00+00:00,52.0
2020-03-04 00:00:00+00:00,59.0
2020-03-05 00:00:00+00:00,58.0
2020-03-06 00:00:00+00:00,50.0
2020-03-07 00:00:00+00:00,51.0
2020-03-08 00:00:00+00:00,52.0
2020-03-09 00:00:00+00:00,56.0
2020-03-10 00:00:00+00:00,49.0
2020-03-11 00:00:00+00:00,46.0
2020-03-12 00:00:00+00:00,66.0
2020-03-13 00:00:00+00:00,68.0
2020-03-14 00:00:00+00:00,54.0
2020-03-15 00:00:00+00:00,49.0
2020-03-16 00:00:00+00:00,52.0
2020-03-17 00:00:00+00:00,48.0
2020-03-18 00:00:00+00:00,49.0
2020-03-19 00:00:00+00:00,52.0
2020-03-20 00:00:00+00:00,51.0
2020-03-21 00:00:00+00:00,46.0
2020-03-22 00:00:00+00:00,45.0
2020-03-23 00:00:00+00:00,46.0
2020-03-24 00:00:00+00:00,48.0
2020-03-25 00:00:00+00:00,45.0
2020-03-26 00:00:00+00:00,46.0
2020-03-27 00:00:00+00:00,47.0
2020-03-28 00:00:00+00:00,47.0
2020-03-29 00:00:00+00:00,47.0
2020-03-30 00:00:00+00:00,44.0
2020-03-31 00:00:00+00:00,47.0
2020-04-01 00:00:00+00:00,47.0
2020-04-02 00:00:00+00:00,47.0
2020-04-03 00:00:00+00:00,45.0
2020-04-04 00:00:00+00:00,46.0
2020-04-05 00:00:00+00:00,44.0
2020-04-06 00:00:00+00:00,53.0
2020-04-07 00:00:00+00:00,53.0
2020-04-08 00:00:00+00:00,63.0
2020-04-09 00:00:00+00:00,57.0
2020-04-10 00:00:00+00:00,61.0
2020-04-11 00:00:00+00:00,56.0
2020-04-12 00:00:00+00:00,51.0
2020-04-13 00:00:00+00:00,58.0
2020-04-14 00:00:00+00:00,49.0
2020-04-15 00:00:00+00:00,49.0
2020-04-16 00:00:00+00:00,48.0
2020-04-17 00:00:00+00:00,52.0
2020-04-18 00:00:00+00:00,55.0
2020-04-19 00:00:00+00:00,53.0
2020-04-20 00:00:00+00:00,53.0
2020-04-21 00:00:00+00:00,56.0
2020-04-22 00:00:00+00:00,51.0
2020-04-23 00:00:00+00:00,54.0
2020-04-24 00:00:00+00:00,51.0
2020-04-25 00:00:00+00:00,57.0
2020-04-26 00:00:00+00:00,57.0
2020-04-27 00:00:00+00:00,54.0
2020-04-28 00:00:00+00:00,51.0
2020-04-29 00:00:00+00:00,61.0
2020-04-30 00:00:00+00:00,66.0
2020-05-01 00:00:00+00:00,56.0
2020-05-02 00:00:00+00:00,61.0
2020-05-03 00:00:00+00:00,58.0
2020-05-04 00:00:00+00:00,58.0
2020-05-05 00:00:00+00:00,55.0
2020-05-06 00:00:00+00:00,59.0
2020-05-07 00:00:00+00:00,67.0
2020-05-08 00:00:00+00:00,69.0
2020-05-09 00:00:00+00:00,67.0
2020-05-10 00:00:00+00:00,76.0
2020-05-11 00:00:00+00:00,65.0
2020-05-12 00:00:00+00:00,63.0
2020-05-13 00:00:00+00:00,60.0
2020-05-14 00:00:00+00:00,62.0
2020-05-15 00:00:00+00:00,61.0
2020-05-16 00:00:00+00:00,65.0
2020-05-17 00:00:00+00:00,65.0
2020-05-18 00:00:00+00:00,58.0
2020-05-19 00:00:00+00:00,58.0
2020-05-20 00:00:00+00:00,62.0
2020-05-21 00:00:00+00:00,59.0
2020-05-22 00:00:00+00:00,57.0
2020-05-23 00:00:00+00:00,62.0
2020-05-24 00:00:00+00:00,64.0
2020-05-25 00:00:00+00:00,57.0
2020-05-26 00:00:00+00:00,60.0
2020-05-27 00:00:00+00:00,55.0
2020-05-28 00:00:00+00:00,58.0
2020-05-29 00:00:00+00:00,54.0
2020-05-30 00:00:00+00:00,63.0
2020-05-31 00:00:00+00:00,59.0625
2020-06-01 00:00:00+00:00,55.125
2020-06-02 00:00:00+00:00,61.6875
2020-06-03 00:00:00+00:00,60.375
2020-06-04 00:00:00+00:00,60.375
2020-06-05 00:00:00+00:00,59.0625
2020-06-06 00:00:00+00:00,55.125
2020-06-07 00:00:00+00:00,59.0625
2020-06-08 00:00:00+00:00,60.375
2020-06-09 00:00:00+00:00,63.0
2020-06-10 00:00:00+00:00,59.0625
2020-06-11 00:00:00+00:00,55.125
2020-06-12 00:00:00+00:00,53.8125
2020-06-13 00:00:00+00:00,53.8125
2020-06-14 00:00:00+00:00,51.1875
2020-06-15 00:00:00+00:00,52.5
2020-06-16 00:00:00+00:00,53.8125
2020-06-17 00:00:00+00:00,53.8125
2020-06-18 00:00:00+00:00,56.4375
2020-06-19 00:00:00+00:00,61.6875
2020-06-20 00:00:00+00:00,53.8125
2020-06-21 00:00:00+00:00,59.0625
2020-06-22 00:00:00+00:00,59.0625
2020-06-23 00:00:00+00:00,56.4375
2020-06-24 00:00:00+00:00,59.0625
2020-06-25 00:00:00+00:00,55.125
2020-06-26 00:00:00+00:00,72.1875
2020-06-27 00:00:00+00:00,53.8125
2020-06-28 00:00:00+00:00,53.8125
2020-06-29 00:00:00+00:00,51.1875
2020-06-30 00:00:00+00:00,52.5
2020-07-01 00:00:00+00:00,53.8125
2020-07-02 00:00:00+00:00,56.4375
2020-07-03 00:00:00+00:00,55.125
2020-07-04 00:00:00+00:00,55.125
2020-07-05 00:00:00+00:00,53.8125
2020-07-06 00:00:00+00:00,55.125
2020-07-07 00:00:00+00:00,59.0625
2020-07-08 00:00:00+00:00,73.5
2020-07-09 00:00:00+00:00,69.5625
2020-07-10 00:00:00+00:00,61.6875
2020-07-11 00:00:00+00:00,63.0
2020-07-12 00:00:00+00:00,61.6875
2020-07-13 00:00:00+00:00,63.0
2020-07-14 00:00:00+00:00,65.625
2020-07-15 00:00:00+00:00,70.875
2020-07-16 00:00:00+00:00,68.25
2020-07-17 00:00:00+00:00,69.5625
2020-07-18 00:00:00+00:00,61.6875
2020-07-19 00:00:00+00:00,63.0
2020-07-20 00:00:00+00:00,60.375
2020-07-21 00:00:00+00:00,64.3125
2020-07-22 00:00:00+00:00,61.6875
2020-07-23 00:00:00+00:00,69.5625
2020-07-24 00:00:00+00:00,61.6875
2020-07-25 00:00:00+00:00,76.125
2020-07-26 00:00:00+00:00,76.125
2020-07-27 00:00:00+00:00,78.75
2020-07-28 00:00:00+00:00,76.125
2020-07-29 00:00:00+00:00,70.875
2020-07-30 00:00:00+00:00,72.1875
2020-07-31 00:00:00+00:00,76.125
2020-08-01 00:00:00+00:00,89.25
2020-08-02 00:00:00+00:00,86.625
2020-08-03 00:00:00+00:00,81.375
2020-08-04 00:00:00+00:00,77.4375
2020-08-05 00:00:00+00:00,74.8125
2020-08-06 00:00:00+00:00,74.8125
2020-08-07 00:00:00+00:00,70.875
2020-08-08 00:00:00+00:00,76.125
2020-08-09 00:00:00+00:00,80.0625
2020-08-10 00:00:00+00:00,77.4375
2020-08-11 00:00:00+00:00,80.0625
2020-08-12 00:00:00+00:00,90.5625
2020-08-13 00:00:00+00:00,87.9375
2020-08-14 00:00:00+00:00,84.0
2020-08-15 00:00:00+00:00,85.3125
2020-08-16 00:00:00+00:00,97.125
2020-08-17 00:00:00+00:00,102.375
2020-08-18 00:00:00+00:00,87.9375
2020-08-19 00:00:00+00:00,70.875
2020-08-20 00:00:00+00:00,80.0625
2020-08-21 00:00:00+00:00,84.0
2020-08-22 00:00:00+00:00,80.0625
2020-08-23 00:00:00+00:00,76.125
2020-08-24 00:00:00+00:00,73.5
2020-08-25 00:00:00+00:00,72.1875
2020-08-26 00:00:00+00:00,77.4375
2020-08-27 00:00:00+00:00,76.125
2020-08-28 00:00:00+00:00,72.1875
2020-08-29 00:00:00+00:00,70.875
2020-08-30 00:00:00+00:00,84.0
2020-08-31 00:00:00+00:00,73.5
2020-09-01 00:00:00+00:00,87.9375
2020-09-02 00:00:00+00:00,82.6875
2020-09-03 00:00:00+00:00,86.625
2020-09-04 00:00:00+00:00,73.5
2020-09-05 00:00:00+00:00,77.4375
2020-09-06 00:00:00+00:00,73.5
2020-09-07 00:00:00+00:00,65.625
2020-09-08 00:00:00+00:00,65.625
2020-09-09 00:00:00+00:00,131.25
2020-09-10 00:00:00+00:00,61.6875
2020-09-11 00:00:00+00:00,61.6875
2020-09-12 00:00:00+00:00,64.3125
2020-09-13 00:00:00+00:00,78.75
2020-09-14 00:00:00+00:00,64.3125
2020-09-15 00:00:00+00:00,68.25
2020-09-16 00:00:00+00:00,63.0
2020-09-17 00:00:00+00:00,65.625
2020-09-18 00:00:00+00:00,65.625
2020-09-19 00:00:00+00:00,66.9375
2020-09-20 00:00:00+00:00,65.625
2020-09-21 00:00:00+00:00,64.3125
2020-09-22 00:00:00+00:00,64.3125
2020-09-23 00:00:00+00:00,60.375
2020-09-24 00:00:00+00:00,61.6875
2020-09-25 00:00:00+00:00,57.75
2020-09-26 00:00:00+00:00,57.75
2020-09-27 00:00:00+00:00,53.8125
2020-09-28 00:00:00+00:00,57.75
2020-09-29 00:00:00+00:00,60.375
2020-09-30 00:00:00+00:00,57.75
2020-10-01 00:00:00+00:00,56.4375
2020-10-02 00:00:00+00:00,55.125
2020-10-03 00:00:00+00:00,53.8125
2020-10-04 00:00:00+00:00,52.5
2020-10-05 00:00:00+00:00,53.8125
2020-10-06 00:00:00+00:00,59.0625
2020-10-07 00:00:00+00:00,55.125
2020-10-08 00:00:00+00:00,53.8125
2020-10-09 00:00:00+00:00,52.5
2020-10-10 00:00:00+00:00,56.4375
2020-10-11 00:00:00+00:00,52.5
2020-10-12 00:00:00+00:00,55.125
2020-10-13 00:00:00+00:00,53.8125
2020-10-14 00:00:00+00:00,53.8125
2020-10-15 00:00:00+00:00,53.8125
2020-10-16 00:00:00+00:00,52.5
2020-10-17 00:00:00+00:00,52.5
2020-10-18 00:00:00+00:00,52.5
2020-10-19 00:00:00+00:00,53.8125
2020-10-20 00:00:00+00:00,53.8125
2020-10-21 00:00:00+00:00,66.9375
2020-10-22 00:00:00+00:00,69.5625
2020-10-23 00:00:00+00:00,60.375
2020-10-24 00:00:00+00:00,60.375
2020-10-25 00:00:00+00:00,60.375
2020-10-26 00:00:00+00:00,56.4375
2020-10-27 00:00:00+00:00,61.6875
2020-10-28 00:00:00+00:00,56.546875
2020-10-29 00:00:00+00:00,61.6875
2020-10-30 00:00:00+00:00,56.546875
2020-10-31 00:00:00+00:00,56.546875
2020-11-01 00:00:00+00:00,56.546875
2020-11-02 00:00:00+00:00,56.546875
2020-11-03 00:00:00+00:00,56.546875
2020-11-04 00:00:00+00:00,46.265625
2020-11-05 00:00:00+00:00,56.546875
2020-11-06 00:00:00+00:00,56.546875
2020-11-07 00:00:00+00:00,61.6875
2020-11-08 00:00:00+00:00,61.6875
2020-11-09 00:00:00+00:00,61.6875
2020-11-10 00:00:00+00:00,66.828125
2020-11-11 00:00:00+00:00,61.6875
2020-11-12 00:00:00+00:00,66.828125
2020-11-13 00:00:00+00:00,71.96875
2020-11-14 00:00:00+00:00,61.6875
2020-11-15 00:00:00+00:00,61.6875
2020-11-16 00:00:00+00:00,71.96875
2020-11-17 00:00:00+00:00,77.109375
2020-11-18 00:00:00+00:00,71.96875
2020-11-19 00:00:00+00:00,77.109375
2020-11-20 00:00:00+00:00,77.109375
2020-11-21 00:00:00+00:00,97.671875
2020-11-22 00:00:00+00:00,87.390625
2020-11-23 00:00:00+00:00,102.8125
2020-11-24 00:00:00+00:00,138.796875
2020-11-25 00:00:00+00:00,107.953125
2020-11-26 00:00:00+00:00,102.8125
2020-11-27 00:00:00+00:00,77.109375
2020-11-28 00:00:00+00:00,87.390625
2020-11-29 00:00:00+00:00,71.96875
2020-11-30 00:00:00+00:00,82.25
2020-12-01 00:00:00+00:00,87.390625
2020-12-02 00:00:00+00:00,77.109375
2020-12-03 00:00:00+00:00,82.25
2020-12-04 00:00:00+00:00,82.25
2020-12-05 00:00:00+00:00,71.96875
2020-12-06 00:00:00+00:00,77.109375
2020-12-07 00:00:00+00:00,82.25
2020-12-08 00:00:00+00:00,71.96875
2020-12-09 00:00:00+00:00,77.109375
2020-12-10 00:00:00+00:00,82.25
2020-12-11 00:00:00+00:00,71.96875
2020-12-12 00:00:00+00:00,71.96875
2020-12-13 00:00:00+00:00,77.109375
2020-12-14 00:00:00+00:00,71.96875
2020-12-15 00:00:00+00:00,77.109375
2020-12-16 00:00:00+00:00,82.25
2020-12-17 00:00:00+00:00,113.09375
2020-12-18 00:00:00+00:00,97.671875
2020-12-19 00:00:00+00:00,97.671875
2020-12-20 00:00:00+00:00,107.953125
2020-12-21 00:00:00+00:00,102.8125
2020-12-22 00:00:00+00:00,92.53125
2020-12-23 00:00:00+00:00,102.8125
2020-12-24 00:00:00+00:00,92.53125
2020-12-25 00:00:00+00:00,92.53125
2020-12-26 00:00:00+00:00,102.8125
2020-12-27 00:00:00+00:00,118.234375
2020-12-28 00:00:00+00:00,113.09375
2020-12-29 00:00:00+00:00,118.234375
2020-12-30 00:00:00+00:00,128.515625
2020-12-31 00:00:00+00:00,107.953125
2021-01-01 00:00:00+00:00,123.375
2021-01-02 00:00:00+00:00,174.78125
2021-01-03 00:00:00+00:00,221.046875
2021-01-04 00:00:00+00:00,195.34375
2021-01-05 00:00:00+00:00,190.203125
2021-01-06 00:00:00+00:00,210.765625
2021-01-07 00:00:00+00:00,272.453125
2021-01-08 00:00:00+00:00,226.1875
2021-01-09 00:00:00+00:00,205.625
2021-01-10 00:00:00+00:00,226.1875
2021-01-11 00:00:00+00:00,236.46875
2021-01-12 00:00:00+00:00,174.78125
2021-01-13 00:00:00+00:00,169.640625
2021-01-14 00:00:00+00:00,179.921875
2021-01-15 00:00:00+00:00,174.78125
2021-01-16 00:00:00+00:00,200.484375
2021-01-17 00:00:00+00:00,185.0625
2021-01-18 00:00:00+00:00,174.78125
2021-01-19 00:00:00+00:00,174.78125
2021-01-20 00:00:00+00:00,169.640625
2021-01-21 00:00:00+00:00,164.5
2021-01-22 00:00:00+00:00,159.359375
2021-01-23 00:00:00+00:00,154.21875
2021-01-24 00:00:00+00:00,159.359375
2021-01-25 00:00:00+00:00,159.359375
2021-01-26 00:00:00+00:00,143.9375
2021-01-27 00:00:00+00:00,154.21875
2021-01-28 00:00:00+00:00,210.765625
2021-01-29 00:00:00+00:00,514.0625
2021-01-30 00:00:00+00:00,339.28125
2021-01-31 00:00:00+00:00,313.578125
2021-02-01 00:00:00+00:00,282.734375
2021-02-02 00:00:00+00:00,251.890625
2021-02-03 00:00:00+00:00,267.3125
2021-02-04 00:00:00+00:00,339.28125
2021-02-05 00:00:00+00:00,339.28125
2021-02-06 00:00:00+00:00,329.0
2021-02-07 00:00:00+00:00,370.125
2021-02-08 00:00:00+00:00,380.40625
2021-02-09 00:00:00+00:00,431.8125
2021-02-10 00:00:00+00:00,375.265625
2021-02-11 00:00:00+00:00,416.390625
2021-02-12 00:00:00+00:00,400.96875
2021-02-13 00:00:00+00:00,431.8125
2021-02-14 00:00:00+00:00,385.546875
2021-02-15 00:00:00+00:00,370.125
2021-02-16 00:00:00+00:00,323.859375
2021-02-17 00:00:00+00:00,344.421875
2021-02-18 00:00:00+00:00,354.703125
2021-02-19 00:00:00+00:00,406.109375
2021-02-20 00:00:00+00:00,472.9375
2021-02-21 00:00:00+00:00,426.671875
2021-02-22 00:00:00+00:00,385.546875
2021-02-23 00:00:00+00:00,411.25
2021-02-24 00:00:00+00:00,308.4375
2021-02-25 00:00:00+00:00,308.4375
2021-02-26 00:00:00+00:00,262.171875
2021-02-27 00:00:00+00:00,303.296875
2021-02-28 00:00:00+00:00,298.15625
2021-03-01 00:00:00+00:00,277.59375
2021-03-02 00:00:00+00:00,267.3125
2021-03-03 00:00:00+00:00,277.59375
2021-03-04 00:00:00+00:00,251.890625
2021-03-05 00:00:00+00:00,231.328125
2021-03-06 00:00:00+00:00,236.46875
2021-03-07 00:00:00+00:00,267.3125
2021-03-08 00:00:00+00:00,241.609375
2021-03-09 00:00:00+00:00,303.296875
2021-03-10 00:00:00+00:00,272.453125
2021-03-11 00:00:00+00:00,282.734375
2021-03-12 00:00:00+00:00,308.4375
2021-03-13 00:00:00+00:00,370.125
2021-03-14 00:00:00+00:00,375.265625
2021-03-15 00:00:00+00:00,370.125
2021-03-16 00:00:00+00:00,344.421875
2021-03-17 00:00:00+00:00,323.859375
2021-03-18 00:00:00+00:00,354.703125
2021-03-19 00:00:00+00:00,323.859375
2021-03-20 00:00:00+00:00,339.28125
2021-03-21 00:00:00+00:00,329.0
2021-03-22 00:00:00+00:00,334.140625
2021-03-23 00:00:00+00:00,303.296875
2021-03-24 00:00:00+00:00,308.4375
2021-03-25 00:00:00+00:00,287.875
2021-03-26 00:00:00+00:00,272.453125
2021-03-27 00:00:00+00:00,301.1324013157895
2021-03-28 00:00:00+00:00,301.1324013157895
2021-03-29 00:00:00+00:00,315.4720394736842
2021-03-30 00:00:00+00:00,329.81167763157896
2021-03-31 00:00:00+00:00,329.81167763157896
2021-04-01 00:00:00+00:00,329.81167763157896
2021-04-02 00:00:00+00:00,358.4909539473684
2021-04-03 00:00:00+00:00,401.5098684210526
2021-04-04 00:00:00+00:00,401.5098684210526
2021-04-05 00:00:00+00:00,430.1891447368421
2021-04-06 00:00:00+00:00,415.84950657894734
2021-04-07 00:00:00+00:00,387.17023026315786
2021-04-08 00:00:00+00:00,358.4909539473684
2021-04-09 00:00:00+00:00,358.4909539473684
2021-04-10 00:00:00+00:00,415.84950657894734
2021-04-11 00:00:00+00:00,430.1891447368421
2021-04-12 00:00:00+00:00,387.17023026315786
2021-04-13 00:00:00+00:00,458.86842105263156
2021-04-14 00:00:00+00:00,516.2269736842105
2021-04-15 00:00:00+00:00,516.2269736842105
2021-04-16 00:00:00+00:00,731.3215460526316
2021-04-17 00:00:00+00:00,716.9819078947368
2021-04-18 00:00:00+00:00,817.359375
2021-04-19 00:00:00+00:00,745.6611842105262
2021-04-20 00:00:00+00:00,831.6990131578947
2021-04-21 00:00:00+00:00,688.3026315789473
2021-04-22 00:00:00+00:00,645.2837171052631
2021-04-23 00:00:00+00:00,760.000822368421
2021-04-24 00:00:00+00:00,516.2269736842105
2021-04-25 00:00:00+00:00,501.8873355263158
2021-04-26 00:00:00+00:00,501.8873355263158
2021-04-27 00:00:00+00:00,530.5666118421052
2021-04-28 00:00:00+00:00,501.8873355263158
2021-04-29 00:00:00+00:00,487.54769736842104
2021-04-30 00:00:00+00:00,516.2269736842105
2021-05-01 00:00:00+00:00,516.2269736842105
2021-05-02 00:00:00+00:00,530.5666118421052
2021-05-03 00:00:00+00:00,616.6044407894736
2021-05-04 00:00:00+00:00,731.3215460526316
2021-05-05 00:00:00+00:00,831.6990131578947
2021-05-06 00:00:00+00:00,860.3782894736842
2021-05-07 00:00:00+00:00,860.3782894736842
2021-05-08 00:00:00+00:00,1003.7746710526316
2021-05-09 00:00:00+00:00,1018.1143092105262
2021-05-10 00:00:00+00:00,1018.1143092105262
2021-05-11 00:00:00+00:00,989.4350328947368
2021-05-12 00:00:00+00:00,917.7368421052631
2021-05-13 00:00:00+00:00,975.0953947368421
2021-05-14 00:00:00+00:00,860.3782894736842
2021-05-15 00:00:00+00:00,903.3972039473684
2021-05-16 00:00:00+00:00,846.0386513157895
2021-05-17 00:00:00+00:00,731.3215460526316
2021-05-18 00:00:00+00:00,702.6422697368421
2021-05-19 00:00:00+00:00,1433.9638157894735
2021-05-20 00:00:00+00:00,831.6990131578947
2021-05-21 00:00:00+00:00,731.3215460526316
2021-05-22 00:00:00+00:00,602.264802631579
2021-05-23 00:00:00+00:00,774.3404605263157
2021-05-24 00:00:00+00:00,616.6044407894736
2021-05-25 00:00:00+00:00,530.5666118421052
2021-05-26 00:00:00+00:00,544.90625
2021-05-27 00:00:00+00:00,473.2080592105263
2021-05-28 00:00:00+00:00,487.54769736842104
2021-05-29 00:00:00+00:00,444.5287828947368
2021-05-30 00:00:00+00:00,415.84950657894734
2021-05-31 00:00:00+00:00,387.17023026315786
2021-06-01 00:00:00+00:00,444.5287828947368
2021-06-02 00:00:00+00:00,415.84950657894734
2021-06-03 00:00:00+00:00,401.5098684210526
2021-06-04 00:00:00+00:00,387.17023026315786
2021-06-05 00:00:00+00:00,415.84950657894734
2021-06-06 00:00:00+00:00,401.5098684210526
2021-06-07 00:00:00+00:00,387.17023026315786
2021-06-08 00:00:00+00:00,444.5287828947368
2021-06-09 00:00:00+00:00,344.15131578947364
2021-06-10 00:00:00+00:00,329.81167763157896
2021-06-11 00:00:00+00:00,329.81167763157896
2021-06-12 00:00:00+00:00,301.1324013157895
2021-06-13 00:00:00+00:00,301.1324013157895
2021-06-14 00:00:00+00:00,301.1324013157895
2021-06-15 00:00:00+00:00,315.4720394736842
2021-06-16 00:00:00+00:00,301.1324013157895
2021-06-17 00:00:00+00:00,315.4720394736842
2021-06-18 00:00:00+00:00,301.1324013157895
2021-06-19 00:00:00+00:00,301.1324013157895
2021-06-20 00:00:00+00:00,315.4720394736842
2021-06-21 00:00:00+00:00,401.5098684210526
2021-06-22 00:00:00+00:00,444.5287828947368
2021-06-23 00:00:00+00:00,286.79276315789474
2021-06-24 00:00:00+00:00,258.11348684210526
2021-06-25 00:00:00+00:00,272.453125
2021-06-26 00:00:00+00:00,272.453125
2021-06-27 00:00:00+00:00,258.11348684210526
2021-06-28 00:00:00+00:00,258.11348684210526
2021-06-29 00:00:00+00:00,272.453125
2021-06-30 00:00:00+00:00,243.77384868421052
2021-07-01 00:00:00+00:00,243.77384868421052
2021-07-02 00:00:00+00:00,243.77384868421052
2021-07-03 00:00:00+00:00,229.43421052631578
2021-07-04 00:00:00+00:00,258.11348684210526
2021-07-05 00:00:00+00:00,258.11348684210526
2021-07-06 00:00:00+00:00,243.77384868421052
2021-07-07 00:00:00+00:00,229.43421052631578
2021-07-08 00:00:00+00:00,229.43421052631578
2021-07-09 00:00:00+00:00,215.09457236842104
2021-07-10 00:00:00+00:00,215.09457236842104
2021-07-11 00:00:00+00:00,200.7549342105263
2021-07-12 00:00:00+00:00,215.09457236842104
2021-07-13 00:00:00+00:00,229.43421052631578
2021-07-14 00:00:00+00:00,229.43421052631578
2021-07-15 00:00:00+00:00,229.43421052631578
2021-07-16 00:00:00+00:00,215.09457236842104
2021-07-17 00:00:00+00:00,215.09457236842104
2021-07-18 00:00:00+00:00,215.09457236842104
2021-07-19 00:00:00+00:00,229.43421052631578
2021-07-20 00:00:00+00:00,258.11348684210526
2021-07-21 00:00:00+00:00,229.43421052631578
2021-07-22 00:00:00+00:00,215.09457236842104
2021-07-23 00:00:00+00:00,215.09457236842104
2021-07-24 00:00:00+00:00,258.11348684210526
2021-07-25 00:00:00+00:00,243.77384868421052
2021-07-26 00:00:00+00:00,344.15131578947364
2021-07-27 00:00:00+00:00,258.11348684210526
2021-07-28 00:00:00+00:00,243.77384868421052
2021-07-29 00:00:00+00:00,258.11348684210526
2021-07-30 00:00:00+00:00,243.77384868421052
2021-07-31 00:00:00+00:00,258.11348684210526
2021-08-01 00:00:00+00:00,258.11348684210526
2021-08-02 00:00:00+00:00,229.43421052631578
2021-08-03 00:00:00+00:00,215.09457236842104
2021-08-04 00:00:00+00:00,229.43421052631578
2021-08-05 00:00:00+00:00,301.1324013157895
2021-08-06 00:00:00+00:00,272.453125
2021-08-07 00:00:00+00:00,329.81167763157896
2021-08-08 00:00:00+00:00,315.4720394736842
2021-08-09 00:00:00+00:00,315.4720394736842
2021-08-10 00:00:00+00:00,315.4720394736842
2021-08-11 00:00:00+00:00,387.17023026315786
2021-08-12 00:00:00+00:00,344.15131578947364
2021-08-13 00:00:00+00:00,329.81167763157896
2021-08-14 00:00:00+00:00,329.81167763157896
2021-08-15 00:00:00+00:00,329.81167763157896
2021-08-16 00:00:00+00:00,344.15131578947364
2021-08-17 00:00:00+00:00,329.81167763157896
2021-08-18 00:00:00+00:00,315.4720394736842
2021-08-19 00:00:00+00:00,329.81167763157896
2021-08-20 00:00:00+00:00,372.8305921052631
2021-08-21 00:00:00+00:00,344.15131578947364
2021-08-22 00:00:00+00:00,358.4909539473684
2021-08-23 00:00:00+00:00,415.84950657894734
2021-08-24 00:00:00+00:00,415.84950657894734
2021-08-25 00:00:00+00:00,346.5412554824561
2021-08-26 00:00:00+00:00,346.5412554824561
2021-08-27 00:00:00+00:00,332.6796052631579
2021-08-28 00:00:00+00:00,346.5412554824561
2021-08-29 00:00:00+00:00,346.5412554824561
2021-08-30 00:00:00+00:00,346.5412554824561
2021-08-31 00:00:00+00:00,346.5412554824561
2021-09-01 00:00:00+00:00,360.4029057017544
2021-09-02 00:00:00+00:00,374.2645559210526
2021-09-03 00:00:00+00:00,388.12620614035086
2021-09-04 00:00:00+00:00,401.9878563596491
2021-09-05 00:00:00+00:00,401.9878563596491
2021-09-06 00:00:00+00:00,415.84950657894734
2021-09-07 00:00:00+00:00,609.9126096491227
2021-09-08 00:00:00+00:00,429.71115679824555
2021-09-09 00:00:00+00:00,388.12620614035086
2021-09-10 00:00:00+00:00,374.2645559210526
2021-09-11 00:00:00+00:00,346.5412554824561
2021-09-12 00:00:00+00:00,346.5412554824561
2021-09-13 00:00:00+00:00,360.4029057017544
2021-09-14 00:00:00+00:00,346.5412554824561
2021-09-15 00:00:00+00:00,332.6796052631579
2021-09-16 00:00:00+00:00,360.4029057017544
2021-09-17 00:00:00+00:00,332.6796052631579
2021-09-18 00:00:00+00:00,304.95630482456136
2021-09-19 00:00:00+00:00,304.95630482456136
2021-09-20 00:00:00+00:00,388.12620614035086
2021-09-21 00:00:00+00:00,374.2645559210526
2021-09-22 00:00:00+00:00,318.8179550438596
2021-09-23 00:00:00+00:00,318.8179550438596
2021-09-24 00:00:00+00:00,388.12620614035086
2021-09-25 00:00:00+00:00,304.95630482456136
2021-09-26 00:00:00+00:00,291.09465460526314
2021-09-27 00:00:00+00:00,291.09465460526314
2021-09-28 00:00:00+00:00,291.09465460526314
2021-09-29 00:00:00+00:00,277.2330043859649
2021-09-30 00:00:00+00:00,277.2330043859649
2021-10-01 00:00:00+00:00,318.8179550438596
2021-10-02 00:00:00+00:00,304.95630482456136
2021-10-03 00:00:00+00:00,304.95630482456136
2021-10-04 00:00:00+00:00,318.8179550438596
2021-10-05 00:00:00+00:00,360.4029057017544
2021-10-06 00:00:00+00:00,415.84950657894734
2021-10-07 00:00:00+00:00,457.4344572368421
2021-10-08 00:00:00+00:00,401.9878563596491
2021-10-09 00:00:00+00:00,401.9878563596491
2021-10-10 00:00:00+00:00,374.2645559210526
2021-10-11 00:00:00+00:00,388.12620614035086
2021-10-12 00:00:00+00:00,374.2645559210526
2021-10-13 00:00:00+00:00,346.5412554824561
2021-10-14 00:00:00+00:00,388.12620614035086
2021-10-15 00:00:00+00:00,401.9878563596491
2021-10-16 00:00:00+00:00,388.12620614035086
2021-10-17 00:00:00+00:00,374.2645559210526
2021-10-18 00:00:00+00:00,374.2645559210526
2021-10-19 00:00:00+00:00,401.9878563596491
2021-10-20 00:00:00+00:00,457.4344572368421
2021-10-21 00:00:00+00:00,443.5728070175438
2021-10-22 00:00:00+00:00,429.71115679824555
2021-10-23 00:00:00+00:00,401.9878563596491
2021-10-24 00:00:00+00:00,457.4344572368421
2021-10-25 00:00:00+00:00,526.7427083333333
2021-10-26 00:00:00+00:00,540.6043585526315
2021-10-27 00:00:00+00:00,762.3907620614034
2021-10-28 00:00:00+00:00,803.9757127192981
2021-10-29 00:00:00+00:00,803.9757127192981
2021-10-30 00:00:00+00:00,790.1140624999999
2021-10-31 00:00:00+00:00,803.9757127192981
2021-11-01 00:00:00+00:00,790.1140624999999
2021-11-02 00:00:00+00:00,831.6990131578947
2021-11-03 00:00:00+00:00,776.2524122807017
2021-11-04 00:00:00+00:00,748.5291118421052
2021-11-05 00:00:00+00:00,679.220860745614
2021-11-06 00:00:00+00:00,665.3592105263158
2021-11-07 00:00:00+00:00,665.3592105263158
2021-11-08 00:00:00+00:00,706.9441611842104
2021-11-09 00:00:00+00:00,776.2524122807017
2021-11-10 00:00:00+00:00,776.2524122807017
2021-11-11 00:00:00+00:00,679.220860745614
2021-11-12 00:00:00+00:00,623.774259868421
2021-11-13 00:00:00+00:00,637.6359100877193
2021-11-14 00:00:00+00:00,651.4975603070175
2021-11-15 00:00:00+00:00,651.4975603070175
2021-11-16 00:00:00+00:00,720.8058114035088
2021-11-17 00:00:00+00:00,693.0825109649122
2021-11-18 00:00:00+00:00,734.667461622807
2021-11-19 00:00:00+00:00,651.4975603070175
2021-11-20 00:00:00+00:00,637.6359100877193
2021-11-21 00:00:00+00:00,706.9441611842104
2021-11-22 00:00:00+00:00,637.6359100877193
2021-11-23 00:00:00+00:00,748.5291118421052
2021-11-24 00:00:00+00:00,831.6990131578947
2021-11-25 00:00:00+00:00,748.5291118421052
2021-11-26 00:00:00+00:00,720.8058114035088
2021-11-27 00:00:00+00:00,623.774259868421
2021-11-28 00:00:00+00:00,609.9126096491227
2021-11-29 00:00:00+00:00,679.220860745614
2021-11-30 00:00:00+00:00,665.3592105263158
2021-12-01 00:00:00+00:00,609.9126096491227
2021-12-02 00:00:00+00:00,609.9126096491227
2021-12-03 00:00:00+00:00,609.9126096491227
2021-12-04 00:00:00+00:00,956.4538651315788
2021-12-05 00:00:00+00:00,596.0509594298245
2021-12-06 00:00:00+00:00,609.9126096491227
2021-12-07 00:00:00+00:00,554.4660087719298
2021-12-08 00:00:00+00:00,582.1893092105263
2021-12-09 00:00:00+00:00,540.6043585526315
2021-12-10 00:00:00+00:00,512.881058114035
2021-12-11 00:00:00+00:00,485.1577576754386
2021-12-12 00:00:00+00:00,485.1577576754386
2021-12-13 00:00:00+00:00,499.0194078947368
2021-12-14 00:00:00+00:00,582.1893092105263
2021-12-15 00:00:00+00:00,540.6043585526315
2021-12-16 00:00:00+00:00,485.1577576754386
2021-12-17 00:00:00+00:00,485.1577576754386
2021-12-18 00:00:00+00:00,443.5728070175438
2021-12-19 00:00:00+00:00,457.4344572368421
2021-12-20 00:00:00+00:00,443.5728070175438
2021-12-21 00:00:00+00:00,471.2961074561403
2021-12-22 00:00:00+00:00,485.1577576754386
2021-12-23 00:00:00+00:00,512.881058114035
2021-12-24 00:00:00+00:00,512.881058114035
2021-12-25 00:00:00+00:00,512.881058114035
2021-12-26 00:00:00+00:00,568.3276589912281
2021-12-27 00:00:00+00:00,554.4660087719298
2021-12-28 00:00:00+00:00,582.1893092105263
2021-12-29 00:00:00+00:00,526.7427083333333
2021-12-30 00:00:00+00:00,512.881058114035
2021-12-31 00:00:00+00:00,471.2961074561403
2022-01-01 00:00:00+00:00,582.1893092105263
2022-01-02 00:00:00+00:00,679.220860745614
2022-01-03 00:00:00+00:00,623.774259868421
2022-01-04 00:00:00+00:00,1386.1650219298244
2022-01-05 00:00:00+00:00,596.0509594298245
2022-01-06 00:00:00+00:00,623.774259868421
2022-01-07 00:00:00+00:00,706.9441611842104
2022-01-08 00:00:00+00:00,665.3592105263158
2022-01-09 00:00:00+00:00,623.774259868421
2022-01-10 00:00:00+00:00,609.9126096491227
2022-01-11 00:00:00+00:00,596.0509594298245
2022-01-12 00:00:00+00:00,623.774259868421
2022-01-13 00:00:00+00:00,1178.2402686403507
2022-01-14 00:00:00+00:00,471.2961074561403
2022-01-15 00:00:00+00:00,568.3276589912281
2022-01-16 00:00:00+00:00,1108.9320175438595
2022-01-17 00:00:00+00:00,526.7427083333333
2022-01-18 00:00:00+00:00,540.6043585526315
2022-01-19 00:00:00+00:00,526.7427083333333
2022-01-20 00:00:00+00:00,554.4660087719298
2022-01-21 00:00:00+00:00,764.2639580369843
2022-01-22 00:00:00+00:00,944.0907716927453
2022-01-23 00:00:00+00:00,644.3794155998103
2022-01-24 00:00:00+00:00,1498.556780464675
2022-01-25 00:00:00+00:00,539.480440967283
2022-01-26 00:00:00+00:00,554.4660087719298
2022-01-27 00:00:00+00:00,509.50930535798955
2022-01-28 00:00:00+00:00,539.480440967283
2022-01-29 00:00:00+00:00,554.4660087719298
2022-01-30 00:00:00+00:00,524.4948731626363
2022-01-31 00:00:00+00:00,509.50930535798955
2022-02-01 00:00:00+00:00,629.3938477951635
2022-02-02 00:00:00+00:00,584.4371443812232
2022-02-03 00:00:00+00:00,539.480440967283
2022-02-04 00:00:00+00:00,479.538169748696
2022-02-05 00:00:00+00:00,524.4948731626363
2022-02-06 00:00:00+00:00,494.52373755334276
2022-02-07 00:00:00+00:00,584.4371443812232
2022-02-08 00:00:00+00:00,569.4515765765765
2022-02-09 00:00:00+00:00,584.4371443812232
2022-02-10 00:00:00+00:00,449.5670341394025
2022-02-11 00:00:00+00:00,509.50930535798955
2022-02-12 00:00:00+00:00,449.5670341394025
2022-02-13 00:00:00+00:00,464.5526019440493
2022-02-14 00:00:00+00:00,464.5526019440493
2022-02-15 00:00:00+00:00,509.50930535798955
2022-02-16 00:00:00+00:00,509.50930535798955
2022-02-17 00:00:00+00:00,494.52373755334276
2022-02-18 00:00:00+00:00,464.5526019440493
2022-02-19 00:00:00+00:00,479.538169748696
2022-02-20 00:00:00+00:00,479.538169748696
2022-02-21 00:00:00+00:00,464.5526019440493
2022-02-22 00:00:00+00:00,479.538169748696
2022-02-23 00:00:00+00:00,449.5670341394025
2022-02-24 00:00:00+00:00,479.538169748696
2022-02-25 00:00:00+00:00,389.6247629208155
2022-02-26 00:00:00+00:00,374.63919511616876
2022-02-27 00:00:00+00:00,374.63919511616876
2022-02-28 00:00:00+00:00,419.595898530109
2022-03-01 00:00:00+00:00,464.5526019440493
2022-03-02 00:00:00+00:00,419.595898530109
2022-03-03 00:00:00+00:00,389.6247629208155
2022-03-04 00:00:00+00:00,389.6247629208155
2022-03-05 00:00:00+00:00,374.63919511616876
2022-03-06 00:00:00+00:00,359.65362731152203
2022-03-07 00:00:00+00:00,374.63919511616876
2022-03-08 00:00:00+00:00,389.6247629208155
2022-03-09 00:00:00+00:00,464.5526019440493
2022-03-10 00:00:00+00:00,419.595898530109
2022-03-11 00:00:00+00:00,389.6247629208155
2022-03-12 00:00:00+00:00,374.63919511616876
2022-03-13 00:00:00+00:00,344.66805950687524
2022-03-14 00:00:00+00:00,359.65362731152203
2022-03-15 00:00:00+00:00,344.66805950687524
2022-03-16 00:00:00+00:00,359.65362731152203
2022-03-17 00:00:00+00:00,374.63919511616876
2022-03-18 00:00:00+00:00,374.63919511616876
2022-03-19 00:00:00+00:00,374.63919511616876
2022-03-20 00:00:00+00:00,344.66805950687524
2022-03-21 00:00:00+00:00,359.65362731152203
2022-03-22 00:00:00+00:00,389.6247629208155
2022-03-23 00:00:00+00:00,404.6103307254623
2022-03-24 00:00:00+00:00,389.6247629208155
2022-03-25 00:00:00+00:00,389.6247629208155
2022-03-26 00:00:00+00:00,344.66805950687524
2022-03-27 00:00:00+00:00,419.595898530109
2022-03-28 00:00:00+00:00,464.5526019440493
2022-03-29 00:00:00+00:00,464.5526019440493
2022-03-30 00:00:00+00:00,449.5670341394025
2022-03-31 00:00:00+00:00,464.5526019440493
2022-04-01 00:00:00+00:00,434.58146633475576
2022-04-02 00:00:00+00:00,419.595898530109
2022-04-03 00:00:00+00:00,404.6103307254623
2022-04-04 00:00:00+00:00,419.595898530109
2022-04-05 00:00:00+00:00,404.6103307254623
2022-04-06 00:00:00+00:00,434.58146633475576
2022-04-07 00:00:00+00:00,374.63919511616876
2022-04-08 00:00:00+00:00,359.65362731152203
2022-04-09 00:00:00+00:00,329.6824917022285
2022-04-10 00:00:00+00:00,359.65362731152203
2022-04-11 00:00:00+00:00,404.6103307254623
2022-04-12 00:00:00+00:00,374.63919511616876
2022-04-13 00:00:00+00:00,359.65362731152203
2022-04-14 00:00:00+00:00,359.65362731152203
2022-04-15 00:00:00+00:00,344.66805950687524
2022-04-16 00:00:00+00:00,329.6824917022285
2022-04-17 00:00:00+00:00,329.6824917022285
2022-04-18 00:00:00+00:00,374.63919511616876
2022-04-19 00:00:00+00:00,374.63919511616876
2022-04-20 00:00:00+00:00,359.65362731152203
2022-04-21 00:00:00+00:00,344.66805950687524
2022-04-22 00:00:00+00:00,329.6824917022285
2022-04-23 00:00:00+00:00,314.69692389758177
2022-04-24 00:00:00+00:00,299.71135609293503
2022-04-25 00:00:00+00:00,344.66805950687524
2022-04-26 00:00:00+00:00,344.66805950687524
2022-04-27 00:00:00+00:00,329.6824917022285
2022-04-28 00:00:00+00:00,344.66805950687524
2022-04-29 00:00:00+00:00,344.66805950687524
2022-04-30 00:00:00+00:00,329.6824917022285
2022-05-01 00:00:00+00:00,344.66805950687524
2022-05-02 00:00:00+00:00,344.66805950687524
2022-05-03 00:00:00+00:00,329.6824917022285
2022-05-04 00:00:00+00:00,329.6824917022285
2022-05-05 00:00:00+00:00,344.66805950687524
2022-05-06 00:00:00+00:00,329.6824917022285
2022-05-07 00:00:00+00:00,299.71135609293503
2022-05-08 00:00:00+00:00,314.69692389758177
2022-05-09 00:00:00+00:00,464.5526019440493
2022-05-10 00:00:00+00:00,434.58146633475576
2022-05-11 00:00:00+00:00,779.249525841631
2022-05-12 00:00:00+00:00,1093.9464497392128
2022-05-13 00:00:00+00:00,929.1052038880986
2022-05-14 00:00:00+00:00,719.3072546230441
2022-05-15 00:00:00+00:00,539.480440967283
2022-05-16 00:00:00+00:00,464.5526019440493
2022-05-17 00:00:00+00:00,434.58146633475576
2022-05-18 00:00:00+00:00,404.6103307254623
2022-05-19 00:00:00+00:00,374.63919511616876
2022-05-20 00:00:00+00:00,344.66805950687524
2022-05-21 00:00:00+00:00,314.69692389758177
2022-05-22 00:00:00+00:00,314.69692389758177
2022-05-23 00:00:00+00:00,344.66805950687524
2022-05-24 00:00:00+00:00,329.6824917022285
2022-05-25 00:00:00+00:00,314.69692389758177
2022-05-26 00:00:00+00:00,359.65362731152203
2022-05-27 00:00:00+00:00,329.6824917022285
2022-05-28 00:00:00+00:00,314.69692389758177
2022-05-29 00:00:00+00:00,284.72578828828824
2022-05-30 00:00:00+00:00,314.69692389758177
2022-05-31 00:00:00+00:00,314.69692389758177
2022-06-01 00:00:00+00:00,284.72578828828824
2022-06-02 00:00:00+00:00,269.7402204836415
2022-06-03 00:00:00+00:00,254.75465267899477
2022-06-04 00:00:00+00:00,239.769084874348
2022-06-05 00:00:00+00:00,239.769084874348
2022-06-06 00:00:00+00:00,284.72578828828824
2022-06-07 00:00:00+00:00,299.71135609293503
2022-06-08 00:00:00+00:00,269.7402204836415
2022-06-09 00:00:00+00:00,254.75465267899477
2022-06-10 00:00:00+00:00,254.75465267899477
2022-06-11 00:00:00+00:00,254.75465267899477
2022-06-12 00:00:00+00:00,299.71135609293503
2022-06-13 00:00:00+00:00,539.480440967283
2022-06-14 00:00:00+00:00,434.58146633475576
2022-06-15 00:00:00+00:00,419.595898530109
2022-06-16 00:00:00+00:00,329.6824917022285
2022-06-17 00:00:00+00:00,299.71135609293503
2022-06-18 00:00:00+00:00,389.6247629208155
2022-06-19 00:00:00+00:00,344.66805950687524
2022-06-20 00:00:00+00:00,294.1167441125335
2022-06-21 00:00:00+00:00,294.1167441125335
2022-06-22 00:00:00+00:00,266.5432993519835
2022-06-23 00:00:00+00:00,266.5432993519835
2022-06-24 00:00:00+00:00,257.35215109846683
2022-06-25 00:00:00+00:00,234.37428046467517
2022-06-26 00:00:00+00:00,243.5654287181918
2022-06-27 00:00:00+00:00,271.13887347874186
2022-06-28 00:00:00+00:00,252.7565769717085
2022-06-29 00:00:00+00:00,252.7565769717085
2022-06-30 00:00:00+00:00,266.5432993519835
2022-07-01 00:00:00+00:00,257.35215109846683
2022-07-02 00:00:00+00:00,238.9698545914335
2022-07-03 00:00:00+00:00,220.58755808440014
2022-07-04 00:00:00+00:00,243.5654287181918
2022-07-05 00:00:00+00:00,248.16100284495016
2022-07-06 00:00:00+00:00,238.9698545914335
2022-07-07 00:00:00+00:00,243.5654287181918
2022-07-08 00:00:00+00:00,229.77870633791682
2022-07-09 00:00:00+00:00,215.99198395764182
2022-07-10 00:00:00+00:00,202.2052615773668
2022-07-11 00:00:00+00:00,225.18313221115847
2022-07-12 00:00:00+00:00,225.18313221115847
2022-07-13 00:00:00+00:00,238.9698545914335
2022-07-14 00:00:00+00:00,261.94772522522516
2022-07-15 00:00:00+00:00,234.37428046467517
2022-07-16 00:00:00+00:00,229.77870633791682
2022-07-17 00:00:00+00:00,225.18313221115847
2022-07-18 00:00:00+00:00,275.7344476055002
2022-07-19 00:00:00+00:00,275.7344476055002
2022-07-20 00:00:00+00:00,252.7565769717085
2022-07-21 00:00:00+00:00,243.5654287181918
2022-07-22 00:00:00+00:00,234.37428046467517
2022-07-23 00:00:00+00:00,220.58755808440014
2022-07-24 00:00:00+00:00,211.39640983088347
2022-07-25 00:00:00+00:00,234.37428046467517
2022-07-26 00:00:00+00:00,238.9698545914335
2022-07-27 00:00:00+00:00,238.9698545914335
2022-07-28 00:00:00+00:00,261.94772522522516
2022-07-29 00:00:00+00:00,238.9698545914335
2022-07-30 00:00:00+00:00,220.58755808440014
2022-07-31 00:00:00+00:00,225.18313221115847
2022-08-01 00:00:00+00:00,248.16100284495016
2022-08-02 00:00:00+00:00,229.77870633791682
2022-08-03 00:00:00+00:00,243.5654287181918
2022-08-04 00:00:00+00:00,238.9698545914335
2022-08-05 00:00:00+00:00,225.18313221115847
2022-08-06 00:00:00+00:00,211.39640983088347
2022-08-07 00:00:00+00:00,206.80083570412512
2022-08-08 00:00:00+00:00,248.16100284495016
2022-08-09 00:00:00+00:00,225.18313221115847
2022-08-10 00:00:00+00:00,234.37428046467517
2022-08-11 00:00:00+00:00,248.16100284495016
2022-08-12 00:00:00+00:00,215.99198395764182
2022-08-13 00:00:00+00:00,206.80083570412512
2022-08-14 00:00:00+00:00,238.9698545914335
2022-08-15 00:00:00+00:00,248.16100284495016
2022-08-16 00:00:00+00:00,243.5654287181918
2022-08-17 00:00:00+00:00,238.9698545914335
2022-08-18 00:00:00+00:00,238.9698545914335
2022-08-19 00:00:00+00:00,275.7344476055002
2022-08-20 00:00:00+00:00,229.77870633791682
2022-08-21 00:00:00+00:00,220.58755808440014
2022-08-22 00:00:00+00:00,248.16100284495016
2022-08-23 00:00:00+00:00,229.77870633791682
2022-08-24 00:00:00+00:00,229.77870633791682
2022-08-25 00:00:00+00:00,234.37428046467517
2022-08-26 00:00:00+00:00,225.18313221115847
2022-08-27 00:00:00+00:00,225.18313221115847
2022-08-28 00:00:00+00:00,202.2052615773668
2022-08-29 00:00:00+00:00,229.77870633791682
2022-08-30 00:00:00+00:00,229.77870633791682
2022-08-31 00:00:00+00:00,225.18313221115847
2022-09-01 00:00:00+00:00,220.58755808440014
2022-09-02 00:00:00+00:00,340.07248538011686
2022-09-03 00:00:00+00:00,193.01411332385013
2022-09-04 00:00:00+00:00,188.41853919709177
2022-09-05 00:00:00+00:00,211.39640983088347
2022-09-06 00:00:00+00:00,225.18313221115847
2022-09-07 00:00:00+00:00,229.77870633791682
2022-09-08 00:00:00+00:00,225.18313221115847
2022-09-09 00:00:00+00:00,229.77870633791682
2022-09-10 00:00:00+00:00,206.80083570412512
2022-09-11 00:00:00+00:00,197.60968745060848
2022-09-12 00:00:00+00:00,234.37428046467517
2022-09-13 00:00:00+00:00,238.9698545914335
2022-09-14 00:00:00+00:00,234.37428046467517
2022-09-15 00:00:00+00:00,238.9698545914335
2022-09-16 00:00:00+00:00,234.37428046467517
2022-09-17 00:00:00+00:00,206.80083570412512
2022-09-18 00:00:00+00:00,193.01411332385013
2022-09-19 00:00:00+00:00,225.18313221115847
2022-09-20 00:00:00+00:00,220.58755808440014
2022-09-21 00:00:00+00:00,238.9698545914335
2022-09-22 00:00:00+00:00,220.58755808440014
2022-09-23 00:00:00+00:00,206.80083570412512
2022-09-24 00:00:00+00:00,188.41853919709177
2022-09-25 00:00:00+00:00,193.01411332385013
2022-09-26 00:00:00+00:00,211.39640983088347
2022-09-27 00:00:00+00:00,220.58755808440014
2022-09-28 00:00:00+00:00,211.39640983088347
2022-09-29 00:00:00+00:00,211.39640983088347
2022-09-30 00:00:00+00:00,193.01411332385013
2022-10-01 00:00:00+00:00,193.01411332385013
2022-10-02 00:00:00+00:00,179.22739094357513
2022-10-03 00:00:00+00:00,215.99198395764182
2022-10-04 00:00:00+00:00,215.99198395764182
2022-10-05 00:00:00+00:00,211.39640983088347
2022-10-06 00:00:00+00:00,206.80083570412512
2022-10-07 00:00:00+00:00,206.80083570412512
2022-10-08 00:00:00+00:00,188.41853919709177
2022-10-09 00:00:00+00:00,183.82296507033345
2022-10-10 00:00:00+00:00,202.2052615773668
2022-10-11 00:00:00+00:00,206.80083570412512
2022-10-12 00:00:00+00:00,215.99198395764182
2022-10-13 00:00:00+00:00,211.39640983088347
2022-10-14 00:00:00+00:00,197.60968745060848
2022-10-15 00:00:00+00:00,183.82296507033345
2022-10-16 00:00:00+00:00,174.63181681681678
2022-10-17 00:00:00+00:00,202.2052615773668
2022-10-18 00:00:00+00:00,215.99198395764182
2022-10-19 00:00:00+00:00,206.80083570412512
2022-10-20 00:00:00+00:00,193.01411332385013
2022-10-21 00:00:00+00:00,183.82296507033345
2022-10-22 00:00:00+00:00,174.63181681681678
2022-10-23 00:00:00+00:00,174.63181681681678
2022-10-24 00:00:00+00:00,193.01411332385013
2022-10-25 00:00:00+00:00,206.80083570412512
2022-10-26 00:00:00+00:00,220.58755808440014
2022-10-27 00:00:00+00:00,206.80083570412512
2022-10-28 00:00:00+00:00,206.80083570412512
2022-10-29 00:00:00+00:00,211.39640983088347
2022-10-30 00:00:00+00:00,193.01411332385013
2022-10-31 00:00:00+00:00,197.60968745060848
2022-11-01 00:00:00+00:00,220.58755808440014
2022-11-02 00:00:00+00:00,215.99198395764182
2022-11-03 00:00:00+00:00,220.58755808440014
2022-11-04 00:00:00+00:00,225.18313221115847
2022-11-05 00:00:00+00:00,215.99198395764182
2022-11-06 00:00:00+00:00,193.01411332385013
2022-11-07 00:00:00+00:00,229.77870633791682
2022-11-08 00:00:00+00:00,321.69018887308357
2022-11-09 00:00:00+00:00,459.55741267583363
2022-11-10 00:00:00+00:00,409.0060972814919
2022-11-11 00:00:00+00:00,363.0503560139086
2022-11-12 00:00:00+00:00,376.83707839418355
2022-11-13 00:00:00+00:00,395.21937490121695
2022-11-14 00:00:00+00:00,404.4105231547336
2022-11-15 00:00:00+00:00,340.07248538011686
2022-11-16 00:00:00+00:00,353.8592077603919
2022-11-17 00:00:00+00:00,339.7048394499762
2022-11-18 00:00:00+00:00,290.16455036352136
2022-11-19 00:00:00+00:00,230.0084850442547
2022-11-20 00:00:00+00:00,254.77862958748216
2022-11-21 00:00:00+00:00,283.0873662083135
2022-11-22 00:00:00+00:00,251.24003750987825
2022-11-23 00:00:00+00:00,233.54707712185865
2022-11-24 00:00:00+00:00,205.2383405010273
2022-11-25 00:00:00+00:00,184.0067880354038
2022-11-26 00:00:00+00:00,180.46819595779985
2022-11-27 00:00:00+00:00,180.46819595779985
2022-11-28 00:00:00+00:00,215.85411673383905
2022-11-29 00:00:00+00:00,219.39270881144296
2022-11-30 00:00:00+00:00,226.4698929666508
2022-12-01 00:00:00+00:00,212.31552465623514
2022-12-02 00:00:00+00:00,212.31552465623514
2022-12-03 00:00:00+00:00,176.92960388019594
2022-12-04 00:00:00+00:00,187.5453801130077
2022-12-05 00:00:00+00:00,208.7769325786312
2022-12-06 00:00:00+00:00,205.2383405010273
2022-12-07 00:00:00+00:00,208.7769325786312
2022-12-08 00:00:00+00:00,201.69974842342336
2022-12-09 00:00:00+00:00,180.46819595779985
2022-12-10 00:00:00+00:00,162.77523556978028
2022-12-11 00:00:00+00:00,173.39101180259203
2022-12-12 00:00:00+00:00,187.5453801130077
2022-12-13 00:00:00+00:00,230.0084850442547
2022-12-14 00:00:00+00:00,222.9313008890469
2022-12-15 00:00:00+00:00,222.9313008890469
2022-12-16 00:00:00+00:00,215.85411673383905
2022-12-17 00:00:00+00:00,201.69974842342336
2022-12-18 00:00:00+00:00,166.3138276473842
2022-12-19 00:00:00+00:00,194.62256426821554
2022-12-20 00:00:00+00:00,187.5453801130077
2022-12-21 00:00:00+00:00,187.5453801130077
2022-12-22 00:00:00+00:00,194.62256426821554
2022-12-23 00:00:00+00:00,176.92960388019594
2022-12-24 00:00:00+00:00,166.3138276473842
2022-12-25 00:00:00+00:00,162.77523556978028
2022-12-26 00:00:00+00:00,169.8524197249881
2022-12-27 00:00:00+00:00,180.46819595779985
2022-12-28 00:00:00+00:00,187.5453801130077
2022-12-29 00:00:00+00:00,191.0839721906116
2022-12-30 00:00:00+00:00,187.5453801130077
2022-12-31 00:00:00+00:00,173.39101180259203
2023-01-01 00:00:00+00:00,162.77523556978028
2023-01-02 00:00:00+00:00,184.0067880354038
2023-01-03 00:00:00+00:00,194.62256426821554
2023-01-04 00:00:00+00:00,205.2383405010273
2023-01-05 00:00:00+00:00,198.16115634581945
2023-01-06 00:00:00+00:00,198.16115634581945
2023-01-07 00:00:00+00:00,184.0067880354038
2023-01-08 00:00:00+00:00,184.0067880354038
2023-01-09 00:00:00+00:00,230.0084850442547
2023-01-10 00:00:00+00:00,212.31552465623514
2023-01-11 00:00:00+00:00,205.2383405010273
2023-01-12 00:00:00+00:00,219.39270881144296
2023-01-13 00:00:00+00:00,219.39270881144296
2023-01-14 00:00:00+00:00,261.85581374269
2023-01-15 00:00:00+00:00,208.7769325786312
2023-01-16 00:00:00+00:00,226.4698929666508
2023-01-17 00:00:00+00:00,219.39270881144296
2023-01-18 00:00:00+00:00,226.4698929666508
2023-01-19 00:00:00+00:00,205.2383405010273
2023-01-20 00:00:00+00:00,233.54707712185865
2023-01-21 00:00:00+00:00,233.54707712185865
2023-01-22 00:00:00+00:00,212.31552465623514
2023-01-23 00:00:00+00:00,222.9313008890469
2023-01-24 00:00:00+00:00,208.7769325786312
2023-01-25 00:00:00+00:00,212.31552465623514
2023-01-26 00:00:00+00:00,212.31552465623514
2023-01-27 00:00:00+00:00,194.62256426821554
2023-01-28 00:00:00+00:00,187.5453801130077
2023-01-29 00:00:00+00:00,201.69974842342336
2023-01-30 00:00:00+00:00,198.16115634581945
2023-01-31 00:00:00+00:00,208.7769325786312
2023-02-01 00:00:00+00:00,208.7769325786312
2023-02-02 00:00:00+00:00,230.0084850442547
2023-02-03 00:00:00+00:00,201.69974842342336
2023-02-04 00:00:00+00:00,194.62256426821554
2023-02-05 00:00:00+00:00,198.16115634581945
2023-02-06 00:00:00+00:00,215.85411673383905
2023-02-07 00:00:00+00:00,230.0084850442547
2023-02-08 00:00:00+00:00,226.4698929666508
2023-02-09 00:00:00+00:00,226.4698929666508
2023-02-10 00:00:00+00:00,208.7769325786312
2023-02-11 00:00:00+00:00,184.0067880354038
2023-02-12 00:00:00+00:00,176.92960388019594
2023-02-13 00:00:00+00:00,194.62256426821554
2023-02-14 00:00:00+00:00,184.0067880354038
2023-02-15 00:00:00+00:00,215.85411673383905
2023-02-16 00:00:00+00:00,237.08566919946256
2023-02-17 00:00:00+00:00,198.16115634581945
2023-02-18 00:00:00+00:00,187.5453801130077
2023-02-19 00:00:00+00:00,198.16115634581945
2023-02-20 00:00:00+00:00,205.2383405010273
2023-02-21 00:00:00+00:00,212.31552465623514
2023-02-22 00:00:00+00:00,205.2383405010273
2023-02-23 00:00:00+00:00,198.16115634581945
2023-02-24 00:00:00+00:00,194.62256426821554
2023-02-25 00:00:00+00:00,187.5453801130077
2023-02-26 00:00:00+00:00,180.46819595779985
2023-02-27 00:00:00+00:00,194.62256426821554
2023-02-28 00:00:00+00:00,184.0067880354038
2023-03-01 00:00:00+00:00,180.46819595779985
2023-03-02 00:00:00+00:00,176.92960388019594
2023-03-03 00:00:00+00:00,205.2383405010273
2023-03-04 00:00:00+00:00,173.39101180259203
2023-03-05 00:00:00+00:00,173.39101180259203
2023-03-06 00:00:00+00:00,187.5453801130077
2023-03-07 00:00:00+00:00,184.0067880354038
2023-03-08 00:00:00+00:00,194.62256426821554
2023-03-09 00:00:00+00:00,219.39270881144296
2023-03-10 00:00:00+00:00,237.08566919946256
2023-03-11 00:00:00+00:00,219.39270881144296
2023-03-12 00:00:00+00:00,208.7769325786312
2023-03-13 00:00:00+00:00,240.62426127706647
2023-03-14 00:00:00+00:00,244.1628533546704
2023-03-15 00:00:00+00:00,212.31552465623514
2023-03-16 00:00:00+00:00,205.2383405010273
2023-03-17 00:00:00+00:00,215.85411673383905
2023-03-18 00:00:00+00:00,219.39270881144296
2023-03-19 00:00:00+00:00,201.69974842342336
2023-03-20 00:00:00+00:00,212.31552465623514
2023-03-21 00:00:00+00:00,208.7769325786312
2023-03-22 00:00:00+00:00,212.31552465623514
2023-03-23 00:00:00+00:00,219.39270881144296
2023-03-24 00:00:00+00:00,208.7769325786312
2023-03-25 00:00:00+00:00,187.5453801130077
2023-03-26 00:00:00+00:00,184.0067880354038
2023-03-27 00:00:00+00:00,201.69974842342336
2023-03-28 00:00:00+00:00,208.7769325786312
2023-03-29 00:00:00+00:00,219.39270881144296
2023-03-30 00:00:00+00:00,201.69974842342336
2023-03-31 00:00:00+00:00,187.5453801130077
2023-04-01 00:00:00+00:00,184.0067880354038
2023-04-02 00:00:00+00:00,184.0067880354038
2023-04-03 00:00:00+00:00,198.16115634581945
2023-04-04 00:00:00+00:00,208.7769325786312
2023-04-05 00:00:00+00:00,201.69974842342336
2023-04-06 00:00:00+00:00,194.62256426821554
2023-04-07 00:00:00+00:00,187.5453801130077
2023-04-08 00:00:00+00:00,180.46819595779985
2023-04-09 00:00:00+00:00,176.92960388019594
2023-04-10 00:00:00+00:00,184.0067880354038
2023-04-11 00:00:00+00:00,212.31552465623514
2023-04-12 00:00:00+00:00,205.2383405010273
2023-04-13 00:00:00+00:00,205.2383405010273
2023-04-14 00:00:00+00:00,219.39270881144296
2023-04-15 00:00:00+00:00,191.0839721906116
2023-04-16 00:00:00+00:00,201.4128355522663
2023-04-17 00:00:00+00:00,211.74169891392097
2023-04-18 00:00:00+00:00,214.32391475433465
2023-04-19 00:00:00+00:00,232.39942563723034
2023-04-20 00:00:00+00:00,201.4128355522663
2023-04-21 00:00:00+00:00,196.24840387143894
2023-04-22 00:00:00+00:00,160.09738210564757
2023-04-23 00:00:00+00:00,178.17289298854325
2023-04-24 00:00:00+00:00,188.50175635019792
2023-04-25 00:00:00+00:00,201.4128355522663
2023-04-26 00:00:00+00:00,201.4128355522663
2023-04-27 00:00:00+00:00,191.0839721906116
2023-04-28 00:00:00+00:00,180.75510882895693
2023-04-29 00:00:00+00:00,167.84402962688858
2023-04-30 00:00:00+00:00,175.59067714812957
2023-05-01 00:00:00+00:00,198.83061971185262
2023-05-02 00:00:00+00:00,185.91954050978427
2023-05-03 00:00:00+00:00,188.50175635019792
2023-05-04 00:00:00+00:00,185.91954050978427
2023-05-05 00:00:00+00:00,201.4128355522663
2023-05-06 00:00:00+00:00,191.0839721906116
2023-05-07 00:00:00+00:00,180.75510882895693
2023-05-08 00:00:00+00:00,198.83061971185262
2023-05-09 00:00:00+00:00,193.66618803102529
2023-05-10 00:00:00+00:00,196.24840387143894
2023-05-11 00:00:00+00:00,185.91954050978427
2023-05-12 00:00:00+00:00,183.3373246693706
2023-05-13 00:00:00+00:00,162.67959794606122
2023-05-14 00:00:00+00:00,160.09738210564757
2023-05-15 00:00:00+00:00,180.75510882895693
2023-05-16 00:00:00+00:00,178.17289298854325
2023-05-17 00:00:00+00:00,175.59067714812957
2023-05-18 00:00:00+00:00,175.59067714812957
2023-05-19 00:00:00+00:00,160.09738210564757
2023-05-20 00:00:00+00:00,157.5151662652339
2023-05-21 00:00:00+00:00,157.5151662652339
2023-05-22 00:00:00+00:00,180.75510882895693
2023-05-23 00:00:00+00:00,183.3373246693706
2023-05-24 00:00:00+00:00,173.00846130771592
2023-05-25 00:00:00+00:00,170.42624546730224
2023-05-26 00:00:00+00:00,165.2618137864749
2023-05-27 00:00:00+00:00,157.5151662652339
2023-05-28 00:00:00+00:00,165.2618137864749
2023-05-29 00:00:00+00:00,160.09738210564757
2023-05-30 00:00:00+00:00,178.17289298854325
2023-05-31 00:00:00+00:00,178.17289298854325
2023-06-01 00:00:00+00:00,170.42624546730224
2023-06-02 00:00:00+00:00,162.67959794606122
2023-06-03 00:00:00+00:00,154.93295042482023
2023-06-04 00:00:00+00:00,154.93295042482023
2023-06-05 00:00:00+00:00,198.83061971185262
2023-06-06 00:00:00+00:00,188.50175635019792
2023-06-07 00:00:00+00:00,178.17289298854325
2023-06-08 00:00:00+00:00,173.00846130771592
2023-06-09 00:00:00+00:00,175.59067714812957
2023-06-10 00:00:00+00:00,258.221584041367
2023-06-11 00:00:00+00:00,173.00846130771592
2023-06-12 00:00:00+00:00,185.91954050978427
2023-06-13 00:00:00+00:00,183.3373246693706
2023-06-14 00:00:00+00:00,180.75510882895693
2023-06-15 00:00:00+00:00,188.50175635019792
2023-06-16 00:00:00+00:00,170.42624546730224
2023-06-17 00:00:00+00:00,160.09738210564757
2023-06-18 00:00:00+00:00,157.5151662652339
2023-06-19 00:00:00+00:00,160.09738210564757
2023-06-20 00:00:00+00:00,180.75510882895693
2023-06-21 00:00:00+00:00,203.99505139267995
2023-06-22 00:00:00+00:00,180.75510882895693
2023-06-23 00:00:00+00:00,170.42624546730224
2023-06-24 00:00:00+00:00,167.84402962688858
2023-06-25 00:00:00+00:00,165.2618137864749
2023-06-26 00:00:00+00:00,167.84402962688858
2023-06-27 00:00:00+00:00,180.75510882895693
2023-06-28 00:00:00+00:00,167.84402962688858
2023-06-29 00:00:00+00:00,175.59067714812957
2023-06-30 00:00:00+00:00,173.00846130771592
2023-07-01 00:00:00+00:00,157.5151662652339
2023-07-02 00:00:00+00:00,162.67959794606122
2023-07-03 00:00:00+00:00,178.17289298854325
2023-07-04 00:00:00+00:00,170.42624546730224
2023-07-05 00:00:00+00:00,165.2618137864749
2023-07-06 00:00:00+00:00,165.2618137864749
2023-07-07 00:00:00+00:00,167.84402962688858
2023-07-08 00:00:00+00:00,152.35073458440655
2023-07-09 00:00:00+00:00,162.67959794606122
2023-07-10 00:00:00+00:00,170.42624546730224
2023-07-11 00:00:00+00:00,167.84402962688858
2023-07-12 00:00:00+00:00,167.84402962688858
2023-07-13 00:00:00+00:00,224.65277811598932
2023-07-14 00:00:00+00:00,234.981641477644
2023-07-15 00:00:00+00:00,185.91954050978427
2023-07-16 00:00:00+00:00,183.3373246693706
2023-07-17 00:00:00+00:00,191.0839721906116
2023-07-18 00:00:00+00:00,191.0839721906116
2023-07-19 00:00:00+00:00,191.0839721906116
2023-07-20 00:00:00+00:00,198.83061971185262
2023-07-21 00:00:00+00:00,178.17289298854325
2023-07-22 00:00:00+00:00,175.59067714812957
2023-07-23 00:00:00+00:00,178.17289298854325
2023-07-24 00:00:00+00:00,185.91954050978427
2023-07-25 00:00:00+00:00,185.91954050978427
2023-07-26 00:00:00+00:00,191.0839721906116
2023-07-27 00:00:00+00:00,185.91954050978427
2023-07-28 00:00:00+00:00,183.3373246693706
2023-07-29 00:00:00+00:00,173.00846130771592
2023-07-30 00:00:00+00:00,175.59067714812957
2023-07-31 00:00:00+00:00,180.75510882895693
2023-08-01 00:00:00+00:00,188.50175635019792
2023-08-02 00:00:00+00:00,188.50175635019792
2023-08-03 00:00:00+00:00,167.84402962688858
2023-08-04 00:00:00+00:00,183.3373246693706
2023-08-05 00:00:00+00:00,170.42624546730224
2023-08-06 00:00:00+00:00,165.2618137864749
2023-08-07 00:00:00+00:00,175.59067714812957
2023-08-08 00:00:00+00:00,183.3373246693706
2023-08-09 00:00:00+00:00,173.00846130771592
2023-08-10 00:00:00+00:00,175.59067714812957
2023-08-11 00:00:00+00:00,170.42624546730224
2023-08-12 00:00:00+00:00,160.09738210564757
2023-08-13 00:00:00+00:00,167.84402962688858
2023-08-14 00:00:00+00:00,178.17289298854325
2023-08-15 00:00:00+00:00,185.91954050978427
2023-08-16 00:00:00+00:00,193.66618803102529
2023-08-17 00:00:00+00:00,206.57726723309364
2023-08-18 00:00:00+00:00,211.74169891392097
2023-08-19 00:00:00+00:00,162.67959794606122
2023-08-20 00:00:00+00:00,154.93295042482023
2023-08-21 00:00:00+00:00,183.3373246693706
2023-08-22 00:00:00+00:00,180.75510882895693
2023-08-23 00:00:00+00:00,175.59067714812957
2023-08-24 00:00:00+00:00,173.00846130771592
2023-08-25 00:00:00+00:00,160.09738210564757
2023-08-26 00:00:00+00:00,160.09738210564757
2023-08-27 00:00:00+00:00,160.09738210564757
2023-08-28 00:00:00+00:00,170.42624546730224
2023-08-29 00:00:00+00:00,183.3373246693706
2023-08-30 00:00:00+00:00,198.83061971185262
2023-08-31 00:00:00+00:00,178.17289298854325
2023-09-01 00:00:00+00:00,162.67959794606122
2023-09-02 00:00:00+00:00,144.60408706316554
2023-09-03 00:00:00+00:00,154.93295042482023
2023-09-04 00:00:00+00:00,160.09738210564757
2023-09-05 00:00:00+00:00,157.5151662652339
2023-09-06 00:00:00+00:00,162.67959794606122
2023-09-07 00:00:00+00:00,162.67959794606122
2023-09-08 00:00:00+00:00,154.93295042482023
2023-09-09 00:00:00+00:00,147.18630290357922
2023-09-10 00:00:00+00:00,149.76851874399287
2023-09-11 00:00:00+00:00,157.5151662652339
2023-09-12 00:00:00+00:00,160.09738210564757
2023-09-13 00:00:00+00:00,163.73595897168502
2023-09-14 00:00:00+00:00,160.09738210564757
2023-09-15 00:00:00+00:00,156.45880523961014
2023-09-16 00:00:00+00:00,145.5430746414978
2023-09-17 00:00:00+00:00,141.90449777546036
2023-09-18 00:00:00+00:00,156.45880523961014
2023-09-19 00:00:00+00:00,160.09738210564757
2023-09-20 00:00:00+00:00,160.09738210564757
2023-09-21 00:00:00+00:00,152.8202283735727
2023-09-22 00:00:00+00:00,145.5430746414978
2023-09-23 00:00:00+00:00,141.90449777546036
2023-09-24 00:00:00+00:00,134.62734404338545
2023-09-25 00:00:00+00:00,160.09738210564757
2023-09-26 00:00:00+00:00,178.2902664358348
2023-09-27 00:00:00+00:00,171.0131127037599
2023-09-28 00:00:00+00:00,160.09738210564757
2023-09-29 00:00:00+00:00,160.09738210564757
2023-09-30 00:00:00+00:00,141.90449777546036
2023-10-01 00:00:00+00:00,141.90449777546036
2023-10-02 00:00:00+00:00,163.73595897168502
2023-10-03 00:00:00+00:00,156.45880523961014
2023-10-04 00:00:00+00:00,156.45880523961014
2023-10-05 00:00:00+00:00,141.90449777546036
2023-10-06 00:00:00+00:00,145.5430746414978
2023-10-07 00:00:00+00:00,141.90449777546036
2023-10-08 00:00:00+00:00,138.2659209094229
2023-10-09 00:00:00+00:00,152.8202283735727
2023-10-10 00:00:00+00:00,160.09738210564757
2023-10-11 00:00:00+00:00,160.09738210564757
2023-10-12 00:00:00+00:00,156.45880523961014
2023-10-13 00:00:00+00:00,145.5430746414978
2023-10-14 00:00:00+00:00,141.90449777546036
2023-10-15 00:00:00+00:00,138.2659209094229
2023-10-16 00:00:00+00:00,160.09738210564757
2023-10-17 00:00:00+00:00,156.45880523961014
2023-10-18 00:00:00+00:00,156.45880523961014
2023-10-19 00:00:00+00:00,149.18165150753524
2023-10-20 00:00:00+00:00,181.92884330187223
2023-10-21 00:00:00+00:00,156.45880523961014
2023-10-22 00:00:00+00:00,160.09738210564757
2023-10-23 00:00:00+00:00,196.48315076602202
2023-10-24 00:00:00+00:00,236.50749629243393
2023-10-25 00:00:00+00:00,218.3146119622467
2023-10-26 00:00:00+00:00,207.39888136413435
2023-10-27 00:00:00+00:00,174.65168956979736
2023-10-28 00:00:00+00:00,163.73595897168502
2023-10-29 00:00:00+00:00,167.37453583772248
2023-10-30 00:00:00+00:00,174.65168956979736
2023-10-31 00:00:00+00:00,196.48315076602202
2023-11-01 00:00:00+00:00,200.12172763205947
2023-11-02 00:00:00+00:00,236.50749629243393
2023-11-03 00:00:00+00:00,232.86891942639647
2023-11-04 00:00:00+00:00,221.95318882828414
2023-11-05 00:00:00+00:00,200.12172763205947
2023-11-06 00:00:00+00:00,207.39888136413435
2023-11-07 00:00:00+00:00,200.12172763205947
2023-11-08 00:00:00+00:00,203.7603044980969
2023-11-09 00:00:00+00:00,232.86891942639647
2023-11-10 00:00:00+00:00,243.7846500245088
2023-11-11 00:00:00+00:00,221.95318882828414
2023-11-12 00:00:00+00:00,214.67603509620926
2023-11-13 00:00:00+00:00,221.95318882828414
2023-11-14 00:00:00+00:00,221.95318882828414
2023-11-15 00:00:00+00:00,218.3146119622467
2023-11-16 00:00:00+00:00,218.3146119622467
2023-11-17 00:00:00+00:00,203.7603044980969
2023-11-18 00:00:00+00:00,203.7603044980969
2023-11-19 00:00:00+00:00,192.84457389998457
2023-11-20 00:00:00+00:00,225.5917656943216
2023-11-21 00:00:00+00:00,218.3146119622467
2023-11-22 00:00:00+00:00,214.67603509620926
2023-11-23 00:00:00+00:00,192.84457389998457
2023-11-24 00:00:00+00:00,196.48315076602202
2023-11-25 00:00:00+00:00,192.84457389998457
2023-11-26 00:00:00+00:00,196.48315076602202
2023-11-27 00:00:00+00:00,203.7603044980969
2023-11-28 00:00:00+00:00,203.7603044980969
2023-11-29 00:00:00+00:00,203.7603044980969
2023-11-30 00:00:00+00:00,196.48315076602202
2023-12-01 00:00:00+00:00,200.12172763205947
2023-12-02 00:00:00+00:00,200.12172763205947
2023-12-03 00:00:00+00:00,203.7603044980969
2023-12-04 00:00:00+00:00,261.97753435469605
2023-12-05 00:00:00+00:00,261.97753435469605
2023-12-06 00:00:00+00:00,287.44757241695817
2023-12-07 00:00:00+00:00,254.70038062262114
2023-12-08 00:00:00+00:00,298.36330301507047
2023-12-09 00:00:00+00:00,276.5318418188458
2023-12-10 00:00:00+00:00,243.7846500245088
2023-12-11 00:00:00+00:00,251.06180375658369
2023-12-12 00:00:00+00:00,240.14607315847135
2023-12-13 00:00:00+00:00,243.7846500245088
2023-12-14 00:00:00+00:00,265.6161112207335
2023-12-15 00:00:00+00:00,254.70038062262114
2023-12-16 00:00:00+00:00,232.86891942639647
2023-12-17 00:00:00+00:00,229.23034256035902
2023-12-18 00:00:00+00:00,261.97753435469605
2023-12-19 00:00:00+00:00,247.42322689054626
2023-12-20 00:00:00+00:00,251.06180375658369
2023-12-21 00:00:00+00:00,276.5318418188458
2023-12-22 00:00:00+00:00,265.6161112207335
2023-12-23 00:00:00+00:00,243.7846500245088
2023-12-24 00:00:00+00:00,291.0861492829956
2023-12-25 00:00:00+00:00,258.3389574886586
2023-12-26 00:00:00+00:00,276.5318418188458
2023-12-27 00:00:00+00:00,276.5318418188458
2023-12-28 00:00:00+00:00,287.44757241695817
2023-12-29 00:00:00+00:00,276.5318418188458
2023-12-30 00:00:00+00:00,247.42322689054626
2023-12-31 00:00:00+00:00,243.7846500245088
2024-01-01 00:00:00+00:00,258.3389574886586
2024-01-02 00:00:00+00:00,312.9176104792203
2024-01-03 00:00:00+00:00,363.85768660374447
2024-01-04 00:00:00+00:00,305.6404567471454
2024-01-05 00:00:00+00:00,272.89326495280835
2024-01-06 00:00:00+00:00,272.89326495280835
2024-01-07 00:00:00+00:00,265.6161112207335
2024-01-08 00:00:00+00:00,291.0861492829956
2024-01-09 00:00:00+00:00,294.724726149033
2024-01-10 00:00:00+00:00,316.5561873452577
2024-01-11 00:00:00+00:00,338.38764854148235
2024-01-12 00:00:00+00:00,280.17041868488326
2024-01-13 00:00:00+00:00,247.42322689054626
2024-01-14 00:00:00+00:00,243.7846500245088
2024-01-15 00:00:00+00:00,236.50749629243393
2024-01-16 00:00:00+00:00,258.3389574886586
2024-01-17 00:00:00+00:00,240.14607315847135
2024-01-18 00:00:00+00:00,254.70038062262114
2024-01-19 00:00:00+00:00,247.42322689054626
2024-01-20 00:00:00+00:00,225.5917656943216
2024-01-21 00:00:00+00:00,229.23034256035902
2024-01-22 00:00:00+00:00,236.50749629243393
2024-01-23 00:00:00+00:00,243.7846500245088
2024-01-24 00:00:00+00:00,232.86891942639647
2024-01-25 00:00:00+00:00,229.23034256035902
2024-01-26 00:00:00+00:00,225.5917656943216
2024-01-27 00:00:00+00:00,221.95318882828414
2024-01-28 00:00:00+00:00,211.0374582301718
2024-01-29 00:00:00+00:00,229.23034256035902
2024-01-30 00:00:00+00:00,243.7846500245088
2024-01-31 00:00:00+00:00,225.5917656943216
2024-02-01 00:00:00+00:00,221.95318882828414
2024-02-02 00:00:00+00:00,221.95318882828414
2024-02-03 00:00:00+00:00,207.39888136413435
2024-02-04 00:00:00+00:00,203.7603044980969
2024-02-05 00:00:00+00:00,218.3146119622467
2024-02-06 00:00:00+00:00,225.5917656943216
2024-02-07 00:00:00+00:00,221.95318882828414
2024-02-08 00:00:00+00:00,243.7846500245088
2024-02-09 00:00:00+00:00,254.70038062262117
2024-02-10 00:00:00+00:00,230.44320151570486
2024-02-11 00:00:00+00:00,236.50749629243393
2024-02-12 00:00:00+00:00,254.70038062262117
2024-02-13 00:00:00+00:00,291.0861492829956
2024-02-14 00:00:00+00:00,291.0861492829956
2024-02-15 00:00:00+00:00,291.0861492829956
2024-02-16 00:00:00+00:00,278.9575597295375
2024-02-17 00:00:00+00:00,260.7646753993502
2024-02-18 00:00:00+00:00,272.8932649528084
2024-02-19 00:00:00+00:00,303.21473883645376
2024-02-20 00:00:00+00:00,291.0861492829956
2024-02-21 00:00:00+00:00,272.8932649528084
2024-02-22 00:00:00+00:00,272.8932649528084
2024-02-23 00:00:00+00:00,266.8289701760793
2024-02-24 00:00:00+00:00,260.7646753993502
2024-02-25 00:00:00+00:00,272.8932649528084
2024-02-26 00:00:00+00:00,309.27903361318283
2024-02-27 00:00:00+00:00,363.8576866037445
2024-02-28 00:00:00+00:00,436.62922392449343
2024-02-29 00:00:00+00:00,454.82210825468064
2024-03-01 00:00:00+00:00,412.3720448175771
2024-03-02 00:00:00+00:00,454.82210825468064
2024-03-03 00:00:00+00:00,442.6935187012225
2024-03-04 00:00:00+00:00,509.40076124524234
2024-03-05 00:00:00+00:00,606.4294776729075
2024-03-06 00:00:00+00:00,485.143582138326
2024-03-07 00:00:00+00:00,485.143582138326
2024-03-08 00:00:00+00:00,479.0792873615969
2024-03-09 00:00:00+00:00,503.3364664685132
2024-03-10 00:00:00+00:00,485.143582138326
2024-03-11 00:00:00+00:00,497.27217169178414
2024-03-12 00:00:00+00:00,491.20787691505507
2024-03-13 00:00:00+00:00,497.27217169178414
2024-03-14 00:00:00+00:00,466.9506978081388
2024-03-15 00:00:00+00:00,448.7578134779516
2024-03-16 00:00:00+00:00,430.56492914776436
2024-03-17 00:00:00+00:00,412.3720448175771
2024-03-18 00:00:00+00:00,418.43633959430616
2024-03-19 00:00:00+00:00,436.62922392449343
2024-03-20 00:00:00+00:00,400.24345526411895
2024-03-21 00:00:00+00:00,357.79339182701545
2024-03-22 00:00:00+00:00,333.5362127200991
2024-03-23 00:00:00+00:00,333.5362127200991
2024-03-24 00:00:00+00:00,357.79339182701545
2024-03-25 00:00:00+00:00,424.50063437103523
2024-03-26 00:00:00+00:00,394.1791604873899
2024-03-27 00:00:00+00:00,394.1791604873899
2024-03-28 00:00:00+00:00,424.50063437103523
2024-03-29 00:00:00+00:00,394.1791604873899
2024-03-30 00:00:00+00:00,375.98627615720267
2024-03-31 00:00:00+00:00,369.9219813804736
2024-04-01 00:00:00+00:00,357.79339182701545
2024-04-02 00:00:00+00:00,363.8576866037445
2024-04-03 00:00:00+00:00,363.8576866037445
2024-04-04 00:00:00+00:00,327.47191794337004
2024-04-05 00:00:00+00:00,303.21473883645376
2024-04-06 00:00:00+00:00,291.0861492829956
2024-04-07 00:00:00+00:00,303.21473883645376
2024-04-08 00:00:00+00:00,327.47191794337004
2024-04-09 00:00:00+00:00,321.407623166641
2024-04-10 00:00:00+00:00,315.3433283899119
2024-04-11 00:00:00+00:00,309.27903361318283
2024-04-12 00:00:00+00:00,363.8576866037445
2024-04-13 00:00:00+00:00,388.1148657106608
2024-04-14 00:00:00+00:00,333.5362127200991
2024-04-15 00:00:00+00:00,309.27903361318283
2024-04-16 00:00:00+00:00,285.02185450626655
2024-04-17 00:00:00+00:00,272.8932649528084
2024-04-18 00:00:00+00:00,272.8932649528084
2024-04-19 00:00:00+00:00,291.0861492829956
2024-04-20 00:00:00+00:00,272.8932649528084
2024-04-21 00:00:00+00:00,266.8289701760793
2024-04-22 00:00:00+00:00,266.8289701760793
2024-04-23 00:00:00+00:00,260.7646753993502
2024-04-24 00:00:00+00:00,278.9575597295375
2024-04-25 00:00:00+00:00,254.70038062262117
2024-04-26 00:00:00+00:00,242.571791069163
2024-04-27 00:00:00+00:00,248.63608584589207
2024-04-28 00:00:00+00:00,242.571791069163
2024-04-29 00:00:00+00:00,254.70038062262117
2024-04-30 00:00:00+00:00,260.7646753993502
2024-05-01 00:00:00+00:00,266.8289701760793
2024-05-02 00:00:00+00:00,236.50749629243393
2024-05-03 00:00:00+00:00,224.3789067389758
2024-05-04 00:00:00+00:00,224.3789067389758
2024-05-05 00:00:00+00:00,224.3789067389758
2024-05-06 00:00:00+00:00,236.50749629243393
2024-05-07 00:00:00+00:00,224.3789067389758
2024-05-08 00:00:00+00:00,206.18602240878855
2024-05-09 00:00:00+00:00,212.25031718551762
2024-05-10 00:00:00+00:00,224.3789067389758
2024-05-11 00:00:00+00:00,200.12172763205947
2024-05-12 00:00:00+00:00,187.99313807860133
2024-05-13 00:00:00+00:00,224.3789067389758
2024-05-14 00:00:00+00:00,236.50749629243393
2024-05-15 00:00:00+00:00,242.571791069163
2024-05-16 00:00:00+00:00,248.63608584589207
2024-05-17 00:00:00+00:00,236.50749629243393
2024-05-18 00:00:00+00:00,230.44320151570486
2024-05-19 00:00:00+00:00,230.44320151570486
2024-05-20 00:00:00+00:00,272.8932649528084
2024-05-21 00:00:00+00:00,303.21473883645376
2024-05-22 00:00:00+00:00,272.8932649528084
2024-05-23 00:00:00+00:00,278.9575597295375
2024-05-24 00:00:00+00:00,248.63608584589207
2024-05-25 00:00:00+00:00,242.571791069163
2024-05-26 00:00:00+00:00,260.7646753993502
2024-05-27 00:00:00+00:00,303.21473883645376
2024-05-28 00:00:00+00:00,327.47191794337004
2024-05-29 00:00:00+00:00,297.1504440597247
2024-05-30 00:00:00+00:00,272.8932649528084
2024-05-31 00:00:00+00:00,242.571791069163
2024-06-01 00:00:00+00:00,236.50749629243393
2024-06-02 00:00:00+00:00,242.571791069163
2024-06-03 00:00:00+00:00,266.8289701760793
2024-06-04 00:00:00+00:00,285.02185450626655
2024-06-05 00:00:00+00:00,333.5362127200991
2024-06-06 00:00:00+00:00,272.8932649528084
2024-06-07 00:00:00+00:00,291.0861492829956
2024-06-08 00:00:00+00:00,266.8289701760793
2024-06-09 00:00:00+00:00,248.63608584589207
2024-06-10 00:00:00+00:00,248.63608584589207
2024-06-11 00:00:00+00:00,291.0861492829956
2024-06-12 00:00:00+00:00,272.8932649528084
2024-06-13 00:00:00+00:00,260.7646753993502
2024-06-14 00:00:00+00:00,254.70038062262117
2024-06-15 00:00:00+00:00,224.3789067389758
2024-06-16 00:00:00+00:00,212.25031718551762
2024-06-17 00:00:00+00:00,248.63608584589207
2024-06-18 00:00:00+00:00,285.02185450626655
2024-06-19 00:00:00+00:00,248.63608584589207
2024-06-20 00:00:00+00:00,248.63608584589207
2024-06-21 00:00:00+00:00,224.3789067389758
2024-06-22 00:00:00+00:00,218.31461196224672
2024-06-23 00:00:00+00:00,212.25031718551762
2024-06-24 00:00:00+00:00,242.571791069163
2024-06-25 00:00:00+00:00,230.44320151570486
2024-06-26 00:00:00+00:00,212.25031718551762
2024-06-27 00:00:00+00:00,224.3789067389758
2024-06-28 00:00:00+00:00,212.25031718551762
2024-06-29 00:00:00+00:00,194.0574328553304
2024-06-30 00:00:00+00:00,194.0574328553304
2024-07-01 00:00:00+00:00,230.44320151570486
2024-07-02 00:00:00+00:00,218.31461196224672
2024-07-03 00:00:00+00:00,224.3789067389758
2024-07-04 00:00:00+00:00,248.63608584589207
2024-07-05 00:00:00+00:00,285.02185450626655
2024-07-06 00:00:00+00:00,224.3789067389758
2024-07-07 00:00:00+00:00,212.25031718551762
2024-07-08 00:00:00+00:00,230.44320151570486
2024-07-09 00:00:00+00:00,208.83915137360754
2024-07-10 00:00:00+00:00,237.64455156307062
2024-07-11 00:00:00+00:00,230.44320151570486
2024-07-12 00:00:00+00:00,216.0405014209733
2024-07-13 00:00:00+00:00,201.63780132624174
2024-07-14 00:00:00+00:00,244.8459016104364
2024-07-15 00:00:00+00:00,230.44320151570486
2024-07-16 00:00:00+00:00,244.8459016104364
2024-07-17 00:00:00+00:00,244.8459016104364
2024-07-18 00:00:00+00:00,237.64455156307062
2024-07-19 00:00:00+00:00,259.24860170516797
2024-07-20 00:00:00+00:00,273.6513017998995
2024-07-21 00:00:00+00:00,252.04725165780218
2024-07-22 00:00:00+00:00,252.04725165780218
2024-07-23 00:00:00+00:00,237.64455156307062
2024-07-24 00:00:00+00:00,259.24860170516797
2024-07-25 00:00:00+00:00,266.44995175253376
2024-07-26 00:00:00+00:00,223.2418514683391
2024-07-27 00:00:00+00:00,244.8459016104364
2024-07-28 00:00:00+00:00,237.64455156307062
2024-07-29 00:00:00+00:00,230.44320151570486
2024-07-30 00:00:00+00:00,223.2418514683391
2024-07-31 00:00:00+00:00,223.2418514683391
2024-08-01 00:00:00+00:00,223.2418514683391
2024-08-02 00:00:00+00:00,208.83915137360754
2024-08-03 00:00:00+00:00,216.0405014209733
2024-08-04 00:00:00+00:00,216.0405014209733
2024-08-05 00:00:00+00:00,396.07425260511775
2024-08-06 00:00:00+00:00,244.8459016104364
2024-08-07 00:00:00+00:00,230.44320151570486
2024-08-08 00:00:00+00:00,230.44320151570486
2024-08-09 00:00:00+00:00,208.83915137360754
2024-08-10 00:00:00+00:00,194.43645127887598
2024-08-11 00:00:00+00:00,194.43645127887598
2024-08-12 00:00:00+00:00,208.83915137360754
2024-08-13 00:00:00+00:00,216.0405014209733
2024-08-14 00:00:00+00:00,223.2418514683391
2024-08-15 00:00:00+00:00,208.83915137360754
2024-08-16 00:00:00+00:00,201.63780132624174
2024-08-17 00:00:00+00:00,194.43645127887598
2024-08-18 00:00:00+00:00,194.43645127887598
2024-08-19 00:00:00+00:00,223.2418514683391
2024-08-20 00:00:00+00:00,230.44320151570486
2024-08-21 00:00:00+00:00,216.0405014209733
2024-08-22 00:00:00+00:00,201.63780132624174
2024-08-23 00:00:00+00:00,216.0405014209733
2024-08-24 00:00:00+00:00,216.0405014209733
2024-08-25 00:00:00+00:00,208.83915137360754
2024-08-26 00:00:00+00:00,230.44320151570486
2024-08-27 00:00:00+00:00,230.44320151570486
2024-08-28 00:00:00+00:00,223.2418514683391
2024-08-29 00:00:00+00:00,223.2418514683391
2024-08-30 00:00:00+00:00,216.0405014209733
2024-08-31 00:00:00+00:00,201.63780132624174
2024-09-01 00:00:00+00:00,194.43645127887598
2024-09-02 00:00:00+00:00,208.83915137360754
2024-09-03 00:00:00+00:00,208.83915137360754
2024-09-04 00:00:00+00:00,208.83915137360754
2024-09-05 00:00:00+00:00,201.63780132624174
2024-09-06 00:00:00+00:00,216.0405014209733
2024-09-07 00:00:00+00:00,201.63780132624174
2024-09-08 00:00:00+00:00,194.43645127887598
2024-09-09 00:00:00+00:00,201.63780132624174
2024-09-10 00:00:00+00:00,201.63780132624174
2024-09-11 00:00:00+00:00,194.43645127887598
2024-09-12 00:00:00+00:00,208.83915137360754
2024-09-13 00:00:00+00:00,201.63780132624174
2024-09-14 00:00:00+00:00,208.83915137360754
2024-09-15 00:00:00+00:00,187.23510123151019
2024-09-16 00:00:00+00:00,201.63780132624174
2024-09-17 00:00:00+00:00,223.2418514683391
2024-09-18 00:00:00+00:00,208.83915137360754
2024-09-19 00:00:00+00:00,230.44320151570486
2024-09-20 00:00:00+00:00,216.0405014209733
2024-09-21 00:00:00+00:00,216.0405014209733
2024-09-22 00:00:00+00:00,208.83915137360754
2024-09-23 00:00:00+00:00,230.44320151570486
2024-09-24 00:00:00+00:00,223.2418514683391
2024-09-25 00:00:00+00:00,237.64455156307062
2024-09-26 00:00:00+00:00,259.24860170516797
2024-09-27 00:00:00+00:00,244.8459016104364
2024-09-28 00:00:00+00:00,216.0405014209733
2024-09-29 00:00:00+00:00,216.0405014209733
2024-09-30 00:00:00+00:00,223.2418514683391
2024-10-01 00:00:00+00:00,223.2418514683391
2024-10-02 00:00:00+00:00,208.83915137360754
2024-10-03 00:00:00+00:00,201.63780132624174
2024-10-04 00:00:00+00:00,223.2418514683391
2024-10-05 00:00:00+00:00,201.63780132624174
2024-10-06 00:00:00+00:00,180.03375118414442
2024-10-07 00:00:00+00:00,208.83915137360754
2024-10-08 00:00:00+00:00,216.0405014209733
2024-10-09 00:00:00+00:00,201.63780132624174
2024-10-10 00:00:00+00:00,201.63780132624174
2024-10-11 00:00:00+00:00,201.63780132624174
2024-10-12 00:00:00+00:00,194.43645127887598
2024-10-13 00:00:00+00:00,208.83915137360754
2024-10-14 00:00:00+00:00,230.44320151570486
2024-10-15 00:00:00+00:00,230.44320151570486
2024-10-16 00:00:00+00:00,223.2418514683391
2024-10-17 00:00:00+00:00,216.0405014209733
2024-10-18 00:00:00+00:00,223.2418514683391
2024-10-19 00:00:00+00:00,208.83915137360754
2024-10-20 00:00:00+00:00,208.83915137360754
2024-10-21 00:00:00+00:00,216.0405014209733
2024-10-22 00:00:00+00:00,216.0405014209733
2024-10-23 00:00:00+00:00,223.2418514683391
2024-10-24 00:00:00+00:00,216.0405014209733
2024-10-25 00:00:00+00:00,208.83915137360754
2024-10-26 00:00:00+00:00,194.43645127887598
2024-10-27 00:00:00+00:00,194.43645127887598
2024-10-28 00:00:00+00:00,201.63780132624174
2024-10-29 00:00:00+00:00,259.24860170516797
2024-10-30 00:00:00+00:00,230.44320151570486
2024-10-31 00:00:00+00:00,223.2418514683391
2024-11-01 00:00:00+00:00,216.0405014209733
2024-11-02 00:00:00+00:00,201.63780132624174
2024-11-03 00:00:00+00:00,208.83915137360754
2024-11-04 00:00:00+00:00,266.44995175253376
2024-11-05 00:00:00+00:00,237.64455156307062
2024-11-06 00:00:00+00:00,345.66480227355726
2024-11-07 00:00:00+00:00,324.06075213145994
2024-11-08 00:00:00+00:00,302.4567019893626
2024-11-09 00:00:00+00:00,295.2553519419968
2024-11-10 00:00:00+00:00,446.4837029366782
2024-11-11 00:00:00+00:00,525.6985534577017
2024-11-12 00:00:00+00:00,583.3093538366279
2024-11-13 00:00:00+00:00,554.5039536471648
2024-11-14 00:00:00+00:00,511.29585336297015
2024-11-15 00:00:00+00:00,446.4837029366782
2024-11-16 00:00:00+00:00,468.0877530787755
2024-11-17 00:00:00+00:00,432.0810028419466
2024-11-18 00:00:00+00:00,475.28910312614124
2024-11-19 00:00:00+00:00,453.6850529840439
2024-11-20 00:00:00+00:00,482.49045317350703
2024-11-21 00:00:00+00:00,568.9066537418963
2024-11-22 00:00:00+00:00,597.7120539313595
2024-11-23 00:00:00+00:00,590.5107038839936
2024-11-24 00:00:00+00:00,554.5039536471648
2024-11-25 00:00:00+00:00,504.09450331560436
2024-11-26 00:00:00+00:00,475.28910312614124
2024-11-27 00:00:00+00:00,453.6850529840439
2024-11-28 00:00:00+00:00,424.8796527945808
2024-11-29 00:00:00+00:00,453.6850529840439
2024-11-30 00:00:00+00:00,496.8931532682386
2024-12-01 00:00:00+00:00,540.1012535524333
2024-12-02 00:00:00+00:00,640.9201542155541
2024-12-03 00:00:00+00:00,619.3161040734568
2024-12-04 00:00:00+00:00,640.9201542155541
2024-12-05 00:00:00+00:00,720.1350047365777
2024-12-06 00:00:00+00:00,640.1200042102913
2024-12-07 00:00:00+00:00,600.1125039471481
2024-12-08 00:00:00+00:00,610.1143790129339
2024-12-09 00:00:00+00:00,600.1125039471481
2024-12-10 00:00:00+00:00,590.1106288813623
2024-12-11 00:00:00+00:00,490.0918782235043
2024-12-12 00:00:00+00:00,490.0918782235043
2024-12-13 00:00:00+00:00,450.08437796036105
2024-12-14 00:00:00+00:00,430.0806278287895
2024-12-15 00:00:00+00:00,410.07687769721787
2024-12-16 00:00:00+00:00,460.0862530261469
2024-12-17 00:00:00+00:00,510.0956283550759
2024-12-18 00:00:00+00:00,450.08437796036105
2024-12-19 00:00:00+00:00,500.0937532892901
2024-12-20 00:00:00+00:00,550.1031286182191
2024-12-21 00:00:00+00:00,410.07687769721787
2024-12-22 00:00:00+00:00,390.07312756564625
2024-12-23 00:00:00+00:00,380.07125249986046
2024-12-24 00:00:00+00:00,380.07125249986046
2024-12-25 00:00:00+00:00,370.0693774340747
2024-12-26 00:00:00+00:00,360.06750236828884
2024-12-27 00:00:00+00:00,360.06750236828884
2024-12-28 00:00:00+00:00,340.0637522367173
2024-12-29 00:00:00+00:00,350.06562730250306
2024-12-30 00:00:00+00:00,360.06750236828884
2024-12-31 00:00:00+00:00,360.06750236828884
2025-01-01 00:00:00+00:00,370.0693774340747
2025-01-02 00:00:00+00:00,430.0806278287895
2025-01-03 00:00:00+00:00,410.07687769721787
2025-01-04 00:00:00+00:00,390.07312756564625
2025-01-05 00:00:00+00:00,390.07312756564625
2025-01-06 00:00:00+00:00,400.0750026314321
2025-01-07 00:00:00+00:00,430.0806278287895
2025-01-08 00:00:00+00:00,400.0750026314321
2025-01-09 00:00:00+00:00,390.07312756564625
2025-01-10 00:00:00+00:00,340.0637522367173
2025-01-11 00:00:00+00:00,320.06000210514566
2025-01-12 00:00:00+00:00,330.06187717093144
2025-01-13 00:00:00+00:00,370.0693774340747
2025-01-14 00:00:00+00:00,380.07125249986046
2025-01-15 00:00:00+00:00,420.07875276300365
2025-01-16 00:00:00+00:00,490.0918782235043
2025-01-17 00:00:00+00:00,520.0975034208617
2025-01-18 00:00:00+00:00,670.1256294076487
2025-01-19 00:00:00+00:00,1000.1875065785802
2025-01-20 00:00:00+00:00,970.1818813812228
2025-01-21 00:00:00+00:00,720.1350047365777
2025-01-22 00:00:00+00:00,580.1087538155765
2025-01-23 00:00:00+00:00,640.1200042102913
2025-01-24 00:00:00+00:00,580.1087538155765
2025-01-25 00:00:00+00:00,460.0862530261469
2025-01-26 00:00:00+00:00,470.0881280919327
2025-01-27 00:00:00+00:00,550.1031286182191
2025-01-28 00:00:00+00:00,440.08250289457527
2025-01-29 00:00:00+00:00,410.07687769721787
2025-01-30 00:00:00+00:00,410.07687769721787
2025-01-31 00:00:00+00:00,380.07125249986046
2025-02-01 00:00:00+00:00,380.07125249986046
2025-02-02 00:00:00+00:00,500.0937532892901
2025-02-03 00:00:00+00:00,610.1143790129339
2025-02-04 00:00:00+00:00,430.0806278287895
2025-02-05 00:00:00+00:00,370.0693774340747
2025-02-06 00:00:00+00:00,370.0693774340747
2025-02-07 00:00:00+00:00,340.0637522367173
2025-02-08 00:00:00+00:00,310.0581270393599
2025-02-09 00:00:00+00:00,320.06000210514566
2025-02-10 00:00:00+00:00,310.0581270393599
2025-02-11 00:00:00+00:00,330.06187717093144
2025-02-12 00:00:00+00:00,330.06187717093144
2025-02-13 00:00:00+00:00,320.06000210514566
2025-02-14 00:00:00+00:00,320.06000210514566
2025-02-15 00:00:00+00:00,310.0581270393599
2025-02-16 00:00:00+00:00,310.0581270393599
2025-02-17 00:00:00+00:00,340.0637522367173
2025-02-18 00:00:00+00:00,370.0693774340747
2025-02-19 00:00:00+00:00,330.06187717093144
2025-02-20 00:00:00+00:00,370.0693774340747
2025-02-21 00:00:00+00:00,360.06750236828884
2025-02-22 00:00:00+00:00,340.0637522367173
2025-02-23 00:00:00+00:00,290.05437690778825
2025-02-24 00:00:00+00:00,350.06562730250306
2025-02-25 00:00:00+00:00,440.08250289457527
2025-02-26 00:00:00+00:00,370.0693774340747
2025-02-27 00:00:00+00:00,370.0693774340747
2025-02-28 00:00:00+00:00,400.0750026314321
2025-03-01 00:00:00+00:00,290.05437690778825
2025-03-02 00:00:00+00:00,510.0956283550759
2025-03-03 00:00:00+00:00,490.0918782235043
2025-03-04 00:00:00+00:00,410.07687769721787
2025-03-05 00:00:00+00:00,360.06750236828884
2025-03-06 00:00:00+00:00,370.0693774340747
2025-03-07 00:00:00+00:00,590.1106288813623
2025-03-08 00:00:00+00:00,350.06562730250306
2025-03-09 00:00:00+00:00,320.06000210514566
2025-03-10 00:00:00+00:00,350.06562730250306
2025-03-11 00:00:00+00:00,310.0581270393599
2025-03-12 00:00:00+00:00,280.05250184200247
2025-03-13 00:00:00+00:00,260.04875171043085
2025-03-14 00:00:00+00:00,260.04875171043085
2025-03-15 00:00:00+00:00,250.04687664464504
2025-03-16 00:00:00+00:00,240.04500157885923
2025-03-17 00:00:00+00:00,260.04875171043085
2025-03-18 00:00:00+00:00,260.04875171043085
2025-03-19 00:00:00+00:00,280.05250184200247
2025-03-20 00:00:00+00:00,270.05062677621663
2025-03-21 00:00:00+00:00,240.04500157885923
2025-03-22 00:00:00+00:00,230.04312651307345
2025-03-23 00:00:00+00:00,240.04500157885923
2025-03-24 00:00:00+00:00,260.04875171043085
2025-03-25 00:00:00+00:00,260.04875171043085
2025-03-26 00:00:00+00:00,270.05062677621663
2025-03-27 00:00:00+00:00,230.04312651307345
2025-03-28 00:00:00+00:00,240.04500157885923
2025-03-29 00:00:00+00:00,210.03937638150182
2025-03-30 00:00:00+00:00,280.05250184200247
2025-03-31 00:00:00+00:00,290.05437690778825
2025-04-01 00:00:00+00:00,250.04687664464504
2025-04-02 00:00:00+00:00,240.04500157885923
2025-04-03 00:00:00+00:00,250.04687664464504
2025-04-04 00:00:00+00:00,250.04687664464504
2025-04-05 00:00:00+00:00,240.04500157885923
2025-04-06 00:00:00+00:00,270.05062677621663
2025-04-07 00:00:00+00:00,320.06000210514566
2025-04-08 00:00:00+00:00,260.04875171043085
2025-04-09 00:00:00+00:00,270.05062677621663
2025-04-10 00:00:00+00:00,240.04500157885923
2025-04-11 00:00:00+00:00,250.04687664464504
2025-04-12 00:00:00+00:00,240.04500157885923
2025-04-13 00:00:00+00:00,240.04500157885923
2025-04-14 00:00:00+00:00,250.04687664464504
2025-04-15 00:00:00+00:00,230.04312651307345
2025-04-16 00:00:00+00:00,230.04312651307345
2025-04-17 00:00:00+00:00,210.03937638150182
2025-04-18 00:00:00+00:00,200.03750131571604
2025-04-19 00:00:00+00:00,190.03562624993023
2025-04-20 00:00:00+00:00,190.03562624993023
2025-04-21 00:00:00+00:00,210.03937638150182
2025-04-22 00:00:00+00:00,250.04687664464504
2025-04-23 00:00:00+00:00,260.04875171043085
2025-04-24 00:00:00+00:00,240.04500157885923
2025-04-25 00:00:00+00:00,230.04312651307345
2025-04-26 00:00:00+00:00,220.04125144728764
2025-04-27 00:00:00+00:00,210.03937638150182
2025-04-28 00:00:00+00:00,240.04500157885923
2025-04-29 00:00:00+00:00,230.04312651307345
2025-04-30 00:00:00+00:00,230.04312651307345
2025-05-01 00:00:00+00:00,240.04500157885923
2025-05-02 00:00:00+00:00,210.03937638150182
2025-05-03 00:00:00+00:00,200.03750131571604
2025-05-04 00:00:00+00:00,220.04125144728764
2025-05-05 00:00:00+00:00,229.20963692425795
2025-05-06 00:00:00+00:00,229.20963692425795
2025-05-07 00:00:00+00:00,220.04125144728764
2025-05-08 00:00:00+00:00,265.8831788321392
2025-05-09 00:00:00+00:00,293.3883352630502
2025-05-10 00:00:00+00:00,265.8831788321392
2025-05-11 00:00:00+00:00,256.7147933551689
2025-05-12 00:00:00+00:00,293.3883352630502
2025-05-13 00:00:00+00:00,293.3883352630502
2025-05-14 00:00:00+00:00,275.05156430910955
2025-05-15 00:00:00+00:00,265.8831788321392
2025-05-16 00:00:00+00:00,247.54640787819858
2025-05-17 00:00:00+00:00,229.20963692425795
2025-05-18 00:00:00+00:00,210.87286597031732
2025-05-19 00:00:00+00:00,229.20963692425795
2025-05-20 00:00:00+00:00,238.37802240122826
2025-05-21 00:00:00+00:00,247.54640787819858
2025-05-22 00:00:00+00:00,348.39864812487207
2025-05-23 00:00:00+00:00,284.21994978607984
2025-05-24 00:00:00+00:00,238.37802240122826
2025-05-25 00:00:00+00:00,220.04125144728764
2025-05-26 00:00:00+00:00,247.54640787819858
2025-05-27 00:00:00+00:00,275.05156430910955
2025-05-28 00:00:00+00:00,293.3883352630502
2025-05-29 00:00:00+00:00,284.21994978607984
2025-05-30 00:00:00+00:00,256.7147933551689
2025-05-31 00:00:00+00:00,238.37802240122826
2025-06-01 00:00:00+00:00,210.87286597031732
2025-06-02 00:00:00+00:00,229.20963692425795
2025-06-03 00:00:00+00:00,229.20963692425795
2025-06-04 00:00:00+00:00,229.20963692425795
2025-06-05 00:00:00+00:00,265.8831788321392
2025-06-06 00:00:00+00:00,247.54640787819858
2025-06-07 00:00:00+00:00,238.37802240122826
2025-06-08 00:00:00+00:00,229.20963692425795
2025-06-09 00:00:00+00:00,284.21994978607984
2025-06-10 00:00:00+00:00,275.05156430910955
2025-06-11 00:00:00+00:00,265.8831788321392
2025-06-12 00:00:00+00:00,247.54640787819858
2025-06-13 00:00:00+00:00,256.7147933551689
2025-06-14 00:00:00+00:00,220.04125144728764
2025-06-15 00:00:00+00:00,210.87286597031732
2025-06-16 00:00:00+00:00,238.37802240122826
2025-06-17 00:00:00+00:00,229.20963692425795
2025-06-18 00:00:00+00:00,238.37802240122826
2025-06-19 00:00:00+00:00,229.20963692425795
2025-06-20 00:00:00+00:00,247.54640787819858
2025-06-21 00:00:00+00:00,220.04125144728764
2025-06-22 00:00:00+00:00,229.20963692425795
2025-06-23 00:00:00+00:00,238.37802240122826
2025-06-24 00:00:00+00:00,238.37802240122826
2025-06-25 00:00:00+00:00,238.37802240122826
2025-06-26 00:00:00+00:00,229.20963692425795
2025-06-27 00:00:00+00:00,220.04125144728764
2025-06-28 00:00:00+00:00,220.04125144728764
2025-06-29 00:00:00+00:00,220.04125144728764
2025-06-30 00:00:00+00:00,247.54640787819858
2025-07-01 00:00:00+00:00,229.20963692425795
2025-07-02 00:00:00+00:00,238.37802240122826
2025-07-03 00:00:00+00:00,238.37802240122826
2025-07-04 00:00:00+00:00,220.04125144728764
2025-07-05 00:00:00+00:00,201.704480493347
2025-07-06 00:00:00+00:00,265.8831788321392
2025-07-07 00:00:00+00:00,238.37802240122826
2025-07-08 00:00:00+00:00,238.37802240122826
2025-07-09 00:00:00+00:00,265.8831788321392
2025-07-10 00:00:00+00:00,320.89349169396115
2025-07-11 00:00:00+00:00,375.90380455578304
2025-07-12 00:00:00+00:00,293.3883352630502
2025-07-13 00:00:00+00:00,284.21994978607984
2025-07-14 00:00:00+00:00,375.90380455578304
2025-07-15 00:00:00+00:00,330.06187717093144
2025-07-16 00:00:00+00:00,412.5773464636643
2025-07-17 00:00:00+00:00,513.4295867103378
2025-07-18 00:00:00+00:00,495.09281575639716
2025-07-19 00:00:00+00:00,467.58765932548624
2025-07-20 00:00:00+00:00,522.5979721873082
2025-07-21 00:00:00+00:00,504.2612012333675
2025-07-22 00:00:00+00:00,430.9141174176049
2025-07-23 00:00:00+00:00,421.74573194063464
2025-07-24 00:00:00+00:00,375.90380455578304
2025-07-25 00:00:00+00:00,339.2302626479018
2025-07-26 00:00:00+00:00,320.89349169396115
2025-07-27 00:00:00+00:00,330.06187717093144
2025-07-28 00:00:00+00:00,339.2302626479018
2025-07-29 00:00:00+00:00,394.24057550972367
2025-07-30 00:00:00+00:00,495.09281575639716
2025-07-31 00:00:00+00:00,412.5773464636643
2025-08-01 00:00:00+00:00,421.74573194063464
2025-08-02 00:00:00+00:00,476.75604480245653
2025-08-03 00:00:00+00:00,467.58765932548624
2025-08-04 00:00:00+00:00,504.2612012333675
2025-08-05 00:00:00+00:00,467.58765932548624
2025-08-06 00:00:00+00:00,485.9244302794269
2025-08-07 00:00:00+00:00,540.9347431412488
2025-08-08 00:00:00+00:00,550.1031286182191
2025-08-09 00:00:00+00:00,614.2818269570113
2025-08-10 00:00:00+00:00,605.113441480041
2025-08-11 00:00:00+00:00,641.7869833879223
2025-08-12 00:00:00+00:00,760.9759945885364
2025-08-13 00:00:00+00:00,834.3230784042989
2025-08-14 00:00:00+00:00,916.8385476970318
2025-08-15 00:00:00+00:00,870.9966203121802
2025-08-16 00:00:00+00:00,843.4914638812693
2025-08-17 00:00:00+00:00,825.1546929273286
2025-08-18 00:00:00+00:00,834.3230784042989
2025-08-19 00:00:00+00:00,870.9966203121802
