height,hash,timestamp,tx_count,size_bytes,weight,version,bits,merkle_root,nonce,prev_block,mediantime
910537,000000000000000000009f56fcf2aaec924f73be2dce0adcbf0aa2398f9878ef,2025-08-18 02:12:10+00:00,1473,2092567,3993709,704004096,386018483,6cef90dc4f83254106d1fac0ad9d2fe567fcafe1e71bd806f9f1876a0e60dafc,1559699790,,2025-08-18 01:40:16+00:00
910538,00000000000000000000992c4a11f09bca0c0f70cf8f54add6d7e363949eeaeb,2025-08-18 02:24:24+00:00,1665,2099112,3994044,1006632960,386018483,efcd044eb3b92d77f6acda26b22241608ecfe8a10a629135ee14e47f7f02cda0,1269295142,,2025-08-18 01:42:06+00:00
910539,00000000000000000001317a987c20a118f9b1fa0cbdfdcb1645afbfa227f61e,2025-08-18 02:27:33+00:00,968,1136938,2217535,706150400,386018483,a8e62aaa378cdaeecf20459ab62bff0c80a1c4a30a923bc5afd6c77f2b687276,4042557956,,2025-08-18 01:45:37+00:00
910540,000000000000000000005090ed004f7f26f6d9c5778217ae5bc11d93f88ba1f4,2025-08-18 02:27:44+00:00,1489,1205823,3993972,536903680,386018483,afa339293b74060523ab077b6bd64a4e66aa94c518f7293db146ba6232131d91,1745512590,,2025-08-18 01:51:04+00:00
910541,0000000000000000000117a24e9fb2a2ed60c3fdcec0017f639a23bc9eb8ad34,2025-08-18 02:27:57+00:00,4821,1664973,3993813,537460736,386018483,e23629f9fc8c39b30484732ba2b182f20e9a8995d5ce1e40a61eb2ebe2ad0c2c,700203160,,2025-08-18 02:06:26+00:00
910542,000000000000000000002b45ebf716cb93fb1c1a5be4b95864c803863241173f,2025-08-18 02:30:49+00:00,2929,2362020,3993330,537387008,386018483,e94c8ad67500213a6ecf247d02b6f62ab540178add4e3fb27806aaf11b3bcd59,1025269305,,2025-08-18 02:12:10+00:00
910543,0000000000000000000125ccbdffe8ce62db91a189511e69dd65ad14969aaad9,2025-08-18 02:33:08+00:00,4278,1793474,3993830,538968064,386018483,447659fdd2f4a3e912cbd28522afc077618376219f6ae01aa3874b55974d2773,3241363219,,2025-08-18 02:24:24+00:00
910544,0000000000000000000218455cc45a74bb628405aef7178950ea74fade298bd3,2025-08-18 02:37:47+00:00,783,1055464,1990771,536928256,386018483,1d3b15e9b7c451aced4ba56ce7042efbae59c6ca0dbe0fd864aa5ee50ff8b29e,1946154100,,2025-08-18 02:27:33+00:00
910545,00000000000000000000801adfccb171f340b0e7e89ab4f0648f3492c70280d3,2025-08-18 02:46:03+00:00,3003,1734959,3993557,668377088,386018483,d606ba5c80b6c8c2aa52a6cd0e8c9384e8520e36378ba64d46a0a4c6b8857ea1,2124231704,,2025-08-18 02:27:44+00:00
910546,00000000000000000000cad7aa47416e2e0322fd9b48374ad43961cde56f8710,2025-08-18 02:53:17+00:00,3487,1739132,3993488,581607424,386018483,b10dbda9c0e7fea32f8f34065c75a72b7cf6545bf87cd352da1c07b024f64ee8,2096841265,,2025-08-18 02:27:57+00:00
910547,000000000000000000009a96359c7f5bb60209a614459584c687e7a4b2e14759,2025-08-18 03:14:35+00:00,2549,1480885,3993445,605691904,386018483,f63ebd1d0e273b29aa9eb598baeb12fce67246219b2a56f2fb85cb4a920a9535,1276074532,,2025-08-18 02:30:49+00:00
910548,00000000000000000000392a04a016e654e022fc63208d47a79abdec65544283,2025-08-18 03:27:18+00:00,3862,1605090,3994098,537083904,386018483,5961201b5db37f2c0abff7eb11c841da62a55a176657204c69f21292ec1e19cb,1992186425,,2025-08-18 02:33:08+00:00
910549,00000000000000000001153b303391b0346be3459fa5c0afffbec54b3e31c780,2025-08-18 03:34:15+00:00,1139,663700,1598137,838860800,386018483,9656799f0f7b215cb6b8aef5ee5eab808d0fbe5f2c1ef0a87771406fd416b87e,264610345,,2025-08-18 02:37:47+00:00
910550,0000000000000000000094d5be34b6c95a7fddb58ca37fbf06ac33d6b653bdf4,2025-08-18 03:52:04+00:00,2357,1460517,3993417,537346048,386018483,1bb68559ecd87c77ebad0c4efebf432ae467203214aed00ffc796c3de5b857bd,2897850735,,2025-08-18 02:46:03+00:00
910551,000000000000000000011fb9ac884918f3a833339df50d7873090a043673ca29,2025-08-18 04:09:53+00:00,3408,1588123,3993394,568197120,386018483,2fbca381b54e437d9e5903860af03dbbe55a53c3cd364842e1ec7d68107b3fdc,1248637207,,2025-08-18 02:53:17+00:00
910552,00000000000000000000895d95a05722981ddd2352fe03088bf3db54364d3480,2025-08-18 04:23:18+00:00,2993,1719490,3993502,775127040,386018483,fc3db3dbe90e001e66d9f8fbe920292a297563a0ba42d0fb6d2cad45e9d9a425,305567008,,2025-08-18 03:14:35+00:00
910553,0000000000000000000093f1ec462e1e2b73ffb276c0fc7a4470e5171cc00ea4,2025-08-18 04:34:39+00:00,3329,1879453,3993715,556187648,386018483,8f5277e60a436d450a48c5690351b5949691a996b872a34628ec991db93e8870,2785096225,,2025-08-18 03:27:18+00:00
910554,00000000000000000000f548bed3e36744984bb74188b7b116f7472a41fc9ce5,2025-08-18 05:02:09+00:00,2926,1597342,3993781,536870912,386018483,89ad7b8a9e745940aa60d176af8a380fabca29c0c3000e179a76e4b79890d4e2,3062835547,,2025-08-18 03:34:15+00:00
910555,00000000000000000000428a258e75637758a8a9ecfc0b1f1965da61fe4c6fa8,2025-08-18 05:14:49+00:00,2382,1298536,2928247,545259520,386018483,9fd57073a2b16256f8fb8e2b3fdf6f39d58a6570a72393f0e73689df3bdb25a0,3731021580,,2025-08-18 03:52:04+00:00
910556,00000000000000000001dbf3cdda6f11435d7f0fc6848fff286ea0b1e12c3c70,2025-08-18 05:18:00+00:00,4820,1750445,3993209,567205888,386018483,526845aa4dc83cd6fc96e2b26da58698df77389f70fe39deb3e8b77f0a26a45b,3983744696,,2025-08-18 04:09:53+00:00
910557,00000000000000000000706f8594a4e3d63ff5413eb4cc78de164373c0ec8a39,2025-08-18 05:34:16+00:00,3156,1665820,3993661,537395200,386018483,9debd1bc765e3e8ce9c74851b01fb7e6ed1ab1f239eeed46c3f256aa755e61bf,589392154,,2025-08-18 04:23:18+00:00
910558,0000000000000000000175a86244a5131ea5456b54a9643b6e08fc14dee69994,2025-08-18 05:39:49+00:00,5604,1660604,3993719,536977408,386018483,a934c6ac5fc82ea9e76c45bedca031d9574d2f99417846b6e51f8113ce588e00,2927651050,,2025-08-18 04:34:39+00:00
910559,00000000000000000001d93528fe9feb0cb16318bf37d19626ff7fef2fb7fff0,2025-08-18 05:43:05+00:00,4809,1704921,3993615,537608192,386018483,9e3db37e7d58c525a34e3c47efe760f23843f8c398ff673912a48c6287310df3,3284647008,,2025-08-18 05:02:09+00:00
910560,000000000000000000009d65abac26f131d7761a951b8199055769650d19b2d6,2025-08-18 05:46:41+00:00,4725,1717591,3994069,536920064,386018483,55fdb792cde045de80175d15ff4438fc2b194667947511cda07d324a41d37965,2757494543,,2025-08-18 05:14:49+00:00
910561,00000000000000000000dabe05003731819eff6cd516482ffd1de5a263b8277c,2025-08-18 05:48:26+00:00,1315,2039932,3993544,570425344,386018483,4818bd079b5a915e1edeabd32f03ec4becb385fcd58d87a774644e5f6b03edbb,3576531806,,2025-08-18 05:18:00+00:00
910562,000000000000000000018aae9fe0264a5036e8ff8bc544e411968d21fa92378f,2025-08-18 06:07:38+00:00,2529,1309947,3317070,536936448,386018483,85552c5d226b27c8c971fe1f34fb22af21a48c6142be9874be1dc9ac627c605d,2456480656,,2025-08-18 05:34:16+00:00
910563,00000000000000000000fcf7da8df993497297b43004ca1aef088d9b0992e9f0,2025-08-18 06:16:31+00:00,4667,1693551,3993183,537657344,386018483,cfa6468254f450bd50ca84c88c549f982739505fa77619491fe63cd57b3dafee,2726462302,,2025-08-18 05:39:49+00:00
910564,00000000000000000000de70b2ddf96364e7663f174a6a54d4230e2294402b55,2025-08-18 06:48:57+00:00,3107,1669855,3993652,537001984,386018483,d2968b5599acd1f80ad6b0574bc85c89b320d04ca030116c3541196b2aed8c37,1113087746,,2025-08-18 05:43:05+00:00
910565,00000000000000000001ce80ffe65903b52e69f5fd8180a7285229413f2ef35d,2025-08-18 07:06:26+00:00,3207,1641358,3993397,537337856,386018483,3dae76e856476cc867b83899c1087ef59cf466fd85a538bee81823d55ea8e234,1713410427,,2025-08-18 05:46:41+00:00
910566,000000000000000000010127ad9076354864e686c171f262659bec823bec69dc,2025-08-18 07:09:30+00:00,2375,1754565,3993516,630726656,386018483,b587f79b13f141c862e68688374756c7ebf25c1a0d890a114e09891bb8a868de,4091442553,,2025-08-18 05:48:26+00:00
910567,000000000000000000013995ac15f1f52818a2395db0c66fcb983a4ec083e165,2025-08-18 07:18:50+00:00,3518,1643144,3993302,706330624,386018483,c1f27aa4d2703dcc9d2455ff84dece0abc02dd48210ee12b13105242b013465b,3390939472,,2025-08-18 06:07:38+00:00
910568,00000000000000000001ceeca301c77fb24f349c746a5adcc38dc7cefe41321e,2025-08-18 07:20:35+00:00,4385,1689542,3993416,635781120,386018483,06739904a2fde8da0dfce053a425aeb1b3e6446a3beaa8433051bc248718f34a,2805241162,,2025-08-18 06:16:31+00:00
910569,0000000000000000000054df42ba65baec12f0a545327a6b1206c11b73ca5f07,2025-08-18 07:35:33+00:00,2417,1447026,3993864,771751936,386018483,a13c788deb9aa4f7a364b04e4b0726b2a347a154dd542a156124e56397563b8a,2553098509,,2025-08-18 06:48:57+00:00
910570,000000000000000000015fc388d2eb01cdf84348bfa417515a87b1ca8ee50737,2025-08-18 08:10:43+00:00,3161,1557304,3994030,631078912,386018483,ee5c46dd7749023f418f8ae2d01e5d2927d4713f6d21329063f259242bfdb44b,3874455076,,2025-08-18 07:06:26+00:00
910571,000000000000000000013850542f1c3f622618b5c83eb1ec9ff2d93971796184,2025-08-18 08:11:13+00:00,2219,1626890,3993479,721289216,386018483,fb4da005bba63a6207e4d4e13b87a9118f69beb57ff6721960a82fad534271e6,1365092296,,2025-08-18 07:09:30+00:00
910572,0000000000000000000101be6d0b7815c4fab2157da8d971eb77290042cc9957,2025-08-18 08:14:57+00:00,4352,1694788,3993646,605601792,386018483,98a27231558bfbc5ef723b64ece5fbe8430d3c1cbc49abd8e445e11918e2eac9,4151384808,,2025-08-18 07:18:50+00:00
910573,00000000000000000001fffd54a5125325a4f60c83183f3dad0fb4670fe41931,2025-08-18 08:22:22+00:00,4156,1638551,3993578,581533696,386018483,92d4d8ddc1d32e05dc94404d4cf6099067c2b2128ef121260c4fc77febc528d7,769183049,,2025-08-18 07:20:35+00:00
910574,00000000000000000000e6194843a39456462b3d67806ea8d1110e4478201716,2025-08-18 08:28:32+00:00,3167,1891248,3993462,621527040,386018483,313be9006d4a9b326d94eb290059eed82233626269da0de233ed96beb8c05616,3145200250,,2025-08-18 07:35:33+00:00
910575,000000000000000000005f0d83af8e14320c511470569c6df370ba8ecb36f3ab,2025-08-18 08:39:46+00:00,2173,1140271,2815675,536870912,386018483,607c8d17c693dddbfaf9a467a5e46cc5f5358cf428d8f43f667e69ca7e49c15d,1125177344,,2025-08-18 08:10:43+00:00
910576,00000000000000000000a906348536fc42bb72f815f25ea0efd91742780d70df,2025-08-18 08:43:44+00:00,3718,1970166,3993246,872415232,386018483,abbf1714b7d48f47ca7c050cab501920c4880c215a314dc5505f9ae3d46d07da,2377665543,,2025-08-18 08:11:13+00:00
910577,0000000000000000000056bf5495111662d8d524f77a3b37027f6dba9e7d331f,2025-08-18 08:44:28+00:00,236,145551,331260,556883968,386018483,c17d4892a5bcd2a073f241928637d8cead85be97eb6161feb6b1991f618dd831,4184915836,,2025-08-18 08:14:57+00:00
910578,0000000000000000000062d469b47de53c27b5595bbe7aee0fba85097c648bb5,2025-08-18 08:55:56+00:00,2312,1670747,3993683,537575424,386018483,1699ca3322ef00c767d26483a44af18f7f3037dbda93c35ac2a377e53310e180,3478335074,,2025-08-18 08:22:22+00:00
910579,0000000000000000000052a5517c16abe48147d3ccf5e8f080b49b952a93094a,2025-08-18 09:12:16+00:00,4029,1634458,3993277,561504256,386018483,b4bdb7fd78422f9cabf6110824f74bd113b9667f5989b7021de130cec5e2d68c,2667638790,,2025-08-18 08:28:32+00:00
910580,00000000000000000001d3edb140fda46dced57ffdf35bb2996ba775a5dd3041,2025-08-18 09:22:52+00:00,4369,1635262,3993832,597868544,386018483,4e1c2ef663fa7b72db430ff3c5fda2eb922d609a54f088159d9a5f36484f9529,240837689,,2025-08-18 08:39:46+00:00
910581,00000000000000000001a87bebbd3659c2fb2782846ef6624d43d0830cb36085,2025-08-18 09:26:32+00:00,4615,1813493,3993629,537067520,386018483,43e71732f4bd5d60f072a7f5db37e51dc031ac6cfc04a591e84fde515ce66230,2159494981,,2025-08-18 08:43:44+00:00
910582,0000000000000000000116ad7267b6980868a3aa4e5234cd2e962c091f7dcd69,2025-08-18 09:33:22+00:00,3950,1657998,3993621,1073676288,386018483,7832fe3ada84f5e52724fe66e48d1400d307e3d01b930b80f5ee20a4250078e2,1758206018,,2025-08-18 08:44:28+00:00
910583,00000000000000000001d27a080c12b1a71fe4b6dc9cdab75cef8c5dff85fec7,2025-08-18 09:45:36+00:00,1679,740009,1757213,536928256,386018483,2e792c2cef045706d5335c8039561f523024913ad225a3c1fb6af60ff9b7d1af,84814846,,2025-08-18 08:55:56+00:00
910584,0000000000000000000192a49544b21352a1902bfaac49b1a9e8c064180885e9,2025-08-18 09:42:05+00:00,3751,2363812,3993691,537280512,386018483,be633a29400e78c8fb61d725abdf36d7afc8cb72b705b0172aff9292a5f239b1,2901414244,,2025-08-18 09:12:16+00:00
910585,000000000000000000019ee6252952eb5e8c8c45cd61c35477a0d21a7e78d535,2025-08-18 10:06:25+00:00,3484,1588561,3993589,611246080,386018483,20e19847bcebac0b0d892b8e0b4788e3967800615ea686f461d2920c61494f93,1357426306,,2025-08-18 09:22:52+00:00
910586,00000000000000000001d13b30bc72483fb95dc62b44132afda1b0668ce4f113,2025-08-18 10:26:37+00:00,3549,1586232,3993915,547356672,386018483,b09cc4dbf663579f899a01af5cd0a5f8067b736456ad5569ebd319cbb537bbd1,3852746858,,2025-08-18 09:26:32+00:00
