date,BTC
2020-01-01 00:00:00+00:00,26.0
2020-01-02 00:00:00+00:00,28.0
2020-01-03 00:00:00+00:00,28.0
2020-01-04 00:00:00+00:00,27.0
2020-01-05 00:00:00+00:00,27.0
2020-01-06 00:00:00+00:00,29.0
2020-01-07 00:00:00+00:00,37.0
2020-01-08 00:00:00+00:00,43.0
2020-01-09 00:00:00+00:00,32.0
2020-01-10 00:00:00+00:00,29.0
2020-01-11 00:00:00+00:00,34.0
2020-01-12 00:00:00+00:00,27.0
2020-01-13 00:00:00+00:00,29.0
2020-01-14 00:00:00+00:00,40.0
2020-01-15 00:00:00+00:00,39.0
2020-01-16 00:00:00+00:00,30.0
2020-01-17 00:00:00+00:00,34.0
2020-01-18 00:00:00+00:00,33.0
2020-01-19 00:00:00+00:00,33.0
2020-01-20 00:00:00+00:00,30.0
2020-01-21 00:00:00+00:00,29.0
2020-01-22 00:00:00+00:00,27.0
2020-01-23 00:00:00+00:00,29.0
2020-01-24 00:00:00+00:00,26.0
2020-01-25 00:00:00+00:00,27.0
2020-01-26 00:00:00+00:00,26.0
2020-01-27 00:00:00+00:00,29.0
2020-01-28 00:00:00+00:00,34.0
2020-01-29 00:00:00+00:00,36.0
2020-01-30 00:00:00+00:00,35.0
2020-01-31 00:00:00+00:00,33.0
2020-02-01 00:00:00+00:00,29.0
2020-02-02 00:00:00+00:00,29.0
2020-02-03 00:00:00+00:00,30.0
2020-02-04 00:00:00+00:00,29.0
2020-02-05 00:00:00+00:00,34.0
2020-02-06 00:00:00+00:00,40.0
2020-02-07 00:00:00+00:00,38.0
2020-02-08 00:00:00+00:00,33.0
2020-02-09 00:00:00+00:00,45.0
2020-02-10 00:00:00+00:00,40.0
2020-02-11 00:00:00+00:00,39.0
2020-02-12 00:00:00+00:00,45.0
2020-02-13 00:00:00+00:00,41.0
2020-02-14 00:00:00+00:00,35.0
2020-02-15 00:00:00+00:00,35.0
2020-02-16 00:00:00+00:00,34.0
2020-02-17 00:00:00+00:00,37.0
2020-02-18 00:00:00+00:00,37.0
2020-02-19 00:00:00+00:00,37.0
2020-02-20 00:00:00+00:00,33.0
2020-02-21 00:00:00+00:00,30.0
2020-02-22 00:00:00+00:00,31.0
2020-02-23 00:00:00+00:00,29.0
2020-02-24 00:00:00+00:00,32.0
2020-02-25 00:00:00+00:00,33.0
2020-02-26 00:00:00+00:00,38.0
2020-02-27 00:00:00+00:00,37.0
2020-02-28 00:00:00+00:00,35.0
2020-02-29 00:00:00+00:00,28.0
2020-03-01 00:00:00+00:00,30.0
2020-03-02 00:00:00+00:00,31.0
2020-03-03 00:00:00+00:00,29.0
2020-03-04 00:00:00+00:00,29.0
2020-03-05 00:00:00+00:00,32.0
2020-03-06 00:00:00+00:00,35.0
2020-03-07 00:00:00+00:00,29.0
2020-03-08 00:00:00+00:00,30.0
2020-03-09 00:00:00+00:00,50.0
2020-03-10 00:00:00+00:00,40.0
2020-03-11 00:00:00+00:00,36.0
2020-03-12 00:00:00+00:00,72.0
2020-03-13 00:00:00+00:00,100.0
2020-03-14 00:00:00+00:00,65.0
2020-03-15 00:00:00+00:00,56.0
2020-03-16 00:00:00+00:00,68.0
2020-03-17 00:00:00+00:00,54.0
2020-03-18 00:00:00+00:00,49.0
2020-03-19 00:00:00+00:00,55.0
2020-03-20 00:00:00+00:00,59.0
2020-03-21 00:00:00+00:00,46.0
2020-03-22 00:00:00+00:00,44.0
2020-03-23 00:00:00+00:00,45.0
2020-03-24 00:00:00+00:00,47.0
2020-03-25 00:00:00+00:00,43.0
2020-03-26 00:00:00+00:00,40.0
2020-03-27 00:00:00+00:00,37.0
2020-03-28 00:00:00+00:00,39.0
2020-03-29 00:00:00+00:00,36.0
2020-03-30 00:00:00+00:00,36.0
2020-03-31 00:00:00+00:00,35.0
2020-04-01 00:00:00+00:00,32.0
2020-04-02 00:00:00+00:00,39.0
2020-04-03 00:00:00+00:00,38.0
2020-04-04 00:00:00+00:00,33.0
2020-04-05 00:00:00+00:00,30.0
2020-04-06 00:00:00+00:00,40.0
2020-04-07 00:00:00+00:00,40.0
2020-04-08 00:00:00+00:00,35.0
2020-04-09 00:00:00+00:00,34.0
2020-04-10 00:00:00+00:00,36.0
2020-04-11 00:00:00+00:00,32.0
2020-04-12 00:00:00+00:00,33.0
2020-04-13 00:00:00+00:00,37.0
2020-04-14 00:00:00+00:00,32.0
2020-04-15 00:00:00+00:00,34.0
2020-04-16 00:00:00+00:00,36.0
2020-04-17 00:00:00+00:00,34.0
2020-04-18 00:00:00+00:00,33.0
2020-04-19 00:00:00+00:00,32.0
2020-04-20 00:00:00+00:00,34.0
2020-04-21 00:00:00+00:00,35.0
2020-04-22 00:00:00+00:00,32.0
2020-04-23 00:00:00+00:00,37.0
2020-04-24 00:00:00+00:00,37.0
2020-04-25 00:00:00+00:00,34.0
2020-04-26 00:00:00+00:00,35.0
2020-04-27 00:00:00+00:00,40.0
2020-04-28 00:00:00+00:00,38.0
2020-04-29 00:00:00+00:00,57.0
2020-04-30 00:00:00+00:00,67.0
2020-05-01 00:00:00+00:00,50.0
2020-05-02 00:00:00+00:00,46.0
2020-05-03 00:00:00+00:00,48.0
2020-05-04 00:00:00+00:00,45.0
2020-05-05 00:00:00+00:00,44.0
2020-05-06 00:00:00+00:00,49.0
2020-05-07 00:00:00+00:00,62.0
2020-05-08 00:00:00+00:00,67.0
2020-05-09 00:00:00+00:00,57.0
2020-05-10 00:00:00+00:00,71.0
2020-05-11 00:00:00+00:00,80.0
2020-05-12 00:00:00+00:00,62.0
2020-05-13 00:00:00+00:00,53.0
2020-05-14 00:00:00+00:00,59.0
2020-05-15 00:00:00+00:00,50.0
2020-05-16 00:00:00+00:00,44.0
2020-05-17 00:00:00+00:00,47.0
2020-05-18 00:00:00+00:00,47.0
2020-05-19 00:00:00+00:00,43.0
2020-05-20 00:00:00+00:00,44.0
2020-05-21 00:00:00+00:00,49.0
2020-05-22 00:00:00+00:00,43.0
2020-05-23 00:00:00+00:00,38.0
2020-05-24 00:00:00+00:00,40.0
2020-05-25 00:00:00+00:00,44.0
2020-05-26 00:00:00+00:00,39.0
2020-05-27 00:00:00+00:00,41.0
2020-05-28 00:00:00+00:00,40.0
2020-05-29 00:00:00+00:00,40.0
2020-05-30 00:00:00+00:00,37.0
2020-05-31 00:00:00+00:00,35.57692307692308
2020-06-01 00:00:00+00:00,38.42307692307693
2020-06-02 00:00:00+00:00,56.21153846153847
2020-06-03 00:00:00+00:00,46.96153846153846
2020-06-04 00:00:00+00:00,41.269230769230774
2020-06-05 00:00:00+00:00,39.84615384615385
2020-06-06 00:00:00+00:00,38.42307692307693
2020-06-07 00:00:00+00:00,37.0
2020-06-08 00:00:00+00:00,34.86538461538461
2020-06-09 00:00:00+00:00,35.57692307692308
2020-06-10 00:00:00+00:00,39.84615384615385
2020-06-11 00:00:00+00:00,39.84615384615385
2020-06-12 00:00:00+00:00,34.86538461538461
2020-06-13 00:00:00+00:00,30.596153846153847
2020-06-14 00:00:00+00:00,34.15384615384615
2020-06-15 00:00:00+00:00,37.71153846153846
2020-06-16 00:00:00+00:00,34.15384615384615
2020-06-17 00:00:00+00:00,32.019230769230774
2020-06-18 00:00:00+00:00,29.884615384615387
2020-06-19 00:00:00+00:00,29.884615384615387
2020-06-20 00:00:00+00:00,29.884615384615387
2020-06-21 00:00:00+00:00,27.03846153846154
2020-06-22 00:00:00+00:00,33.44230769230769
2020-06-23 00:00:00+00:00,34.15384615384615
2020-06-24 00:00:00+00:00,34.15384615384615
2020-06-25 00:00:00+00:00,33.44230769230769
2020-06-26 00:00:00+00:00,31.30769230769231
2020-06-27 00:00:00+00:00,30.596153846153847
2020-06-28 00:00:00+00:00,29.884615384615387
2020-06-29 00:00:00+00:00,29.884615384615387
2020-06-30 00:00:00+00:00,32.019230769230774
2020-07-01 00:00:00+00:00,31.30769230769231
2020-07-02 00:00:00+00:00,31.30769230769231
2020-07-03 00:00:00+00:00,32.019230769230774
2020-07-04 00:00:00+00:00,29.173076923076923
2020-07-05 00:00:00+00:00,27.75
2020-07-06 00:00:00+00:00,32.73076923076923
2020-07-07 00:00:00+00:00,32.019230769230774
2020-07-08 00:00:00+00:00,35.57692307692308
2020-07-09 00:00:00+00:00,32.73076923076923
2020-07-10 00:00:00+00:00,31.30769230769231
2020-07-11 00:00:00+00:00,28.461538461538463
2020-07-12 00:00:00+00:00,27.03846153846154
2020-07-13 00:00:00+00:00,31.30769230769231
2020-07-14 00:00:00+00:00,27.75
2020-07-15 00:00:00+00:00,37.71153846153846
2020-07-16 00:00:00+00:00,38.42307692307693
2020-07-17 00:00:00+00:00,29.173076923076923
2020-07-18 00:00:00+00:00,28.461538461538463
2020-07-19 00:00:00+00:00,26.326923076923077
2020-07-20 00:00:00+00:00,27.03846153846154
2020-07-21 00:00:00+00:00,29.884615384615387
2020-07-22 00:00:00+00:00,29.173076923076923
2020-07-23 00:00:00+00:00,35.57692307692308
2020-07-24 00:00:00+00:00,32.73076923076923
2020-07-25 00:00:00+00:00,34.15384615384615
2020-07-26 00:00:00+00:00,42.69230769230769
2020-07-27 00:00:00+00:00,65.46153846153847
2020-07-28 00:00:00+00:00,71.15384615384616
2020-07-29 00:00:00+00:00,52.65384615384615
2020-07-30 00:00:00+00:00,48.38461538461539
2020-07-31 00:00:00+00:00,48.38461538461539
2020-08-01 00:00:00+00:00,59.05769230769231
2020-08-02 00:00:00+00:00,61.90384615384615
2020-08-03 00:00:00+00:00,51.94230769230769
2020-08-04 00:00:00+00:00,47.67307692307693
2020-08-05 00:00:00+00:00,47.67307692307693
2020-08-06 00:00:00+00:00,49.09615384615385
2020-08-07 00:00:00+00:00,46.25
2020-08-08 00:00:00+00:00,44.82692307692308
2020-08-09 00:00:00+00:00,41.269230769230774
2020-08-10 00:00:00+00:00,52.65384615384615
2020-08-11 00:00:00+00:00,46.25
2020-08-12 00:00:00+00:00,44.82692307692308
2020-08-13 00:00:00+00:00,42.69230769230769
2020-08-14 00:00:00+00:00,41.269230769230774
2020-08-15 00:00:00+00:00,41.269230769230774
2020-08-16 00:00:00+00:00,41.98076923076923
2020-08-17 00:00:00+00:00,49.80769230769231
2020-08-18 00:00:00+00:00,50.519230769230774
2020-08-19 00:00:00+00:00,42.69230769230769
2020-08-20 00:00:00+00:00,41.98076923076923
2020-08-21 00:00:00+00:00,38.42307692307693
2020-08-22 00:00:00+00:00,34.15384615384615
2020-08-23 00:00:00+00:00,32.019230769230774
2020-08-24 00:00:00+00:00,37.71153846153846
2020-08-25 00:00:00+00:00,37.71153846153846
2020-08-26 00:00:00+00:00,35.57692307692308
2020-08-27 00:00:00+00:00,35.57692307692308
2020-08-28 00:00:00+00:00,34.15384615384615
2020-08-29 00:00:00+00:00,31.30769230769231
2020-08-30 00:00:00+00:00,31.30769230769231
2020-08-31 00:00:00+00:00,37.0
2020-09-01 00:00:00+00:00,41.269230769230774
2020-09-02 00:00:00+00:00,39.84615384615385
2020-09-03 00:00:00+00:00,44.82692307692308
2020-09-04 00:00:00+00:00,50.519230769230774
2020-09-05 00:00:00+00:00,43.40384615384615
2020-09-06 00:00:00+00:00,38.42307692307693
2020-09-07 00:00:00+00:00,39.13461538461539
2020-09-08 00:00:00+00:00,39.84615384615385
2020-09-09 00:00:00+00:00,35.57692307692308
2020-09-10 00:00:00+00:00,33.44230769230769
2020-09-11 00:00:00+00:00,30.596153846153847
2020-09-12 00:00:00+00:00,29.173076923076923
2020-09-13 00:00:00+00:00,29.173076923076923
2020-09-14 00:00:00+00:00,32.019230769230774
2020-09-15 00:00:00+00:00,35.57692307692308
2020-09-16 00:00:00+00:00,34.86538461538461
2020-09-17 00:00:00+00:00,32.019230769230774
2020-09-18 00:00:00+00:00,28.461538461538463
2020-09-19 00:00:00+00:00,28.461538461538463
2020-09-20 00:00:00+00:00,29.173076923076923
2020-09-21 00:00:00+00:00,33.44230769230769
2020-09-22 00:00:00+00:00,30.596153846153847
2020-09-23 00:00:00+00:00,28.461538461538463
2020-09-24 00:00:00+00:00,27.03846153846154
2020-09-25 00:00:00+00:00,27.75
2020-09-26 00:00:00+00:00,27.03846153846154
2020-09-27 00:00:00+00:00,24.192307692307693
2020-09-28 00:00:00+00:00,29.173076923076923
2020-09-29 00:00:00+00:00,27.75
2020-09-30 00:00:00+00:00,26.326923076923077
2020-10-01 00:00:00+00:00,27.75
2020-10-02 00:00:00+00:00,28.461538461538463
2020-10-03 00:00:00+00:00,27.03846153846154
2020-10-04 00:00:00+00:00,24.903846153846153
2020-10-05 00:00:00+00:00,25.615384615384617
2020-10-06 00:00:00+00:00,26.326923076923077
2020-10-07 00:00:00+00:00,26.326923076923077
2020-10-08 00:00:00+00:00,27.03846153846154
2020-10-09 00:00:00+00:00,29.884615384615387
2020-10-10 00:00:00+00:00,39.84615384615385
2020-10-11 00:00:00+00:00,28.461538461538463
2020-10-12 00:00:00+00:00,32.019230769230774
2020-10-13 00:00:00+00:00,31.30769230769231
2020-10-14 00:00:00+00:00,29.173076923076923
2020-10-15 00:00:00+00:00,28.461538461538463
2020-10-16 00:00:00+00:00,29.173076923076923
2020-10-17 00:00:00+00:00,27.75
2020-10-18 00:00:00+00:00,25.615384615384617
2020-10-19 00:00:00+00:00,32.019230769230774
2020-10-20 00:00:00+00:00,35.57692307692308
2020-10-21 00:00:00+00:00,51.94230769230769
2020-10-22 00:00:00+00:00,57.63461538461539
2020-10-23 00:00:00+00:00,45.53846153846154
2020-10-24 00:00:00+00:00,35.57692307692308
2020-10-25 00:00:00+00:00,32.73076923076923
2020-10-26 00:00:00+00:00,44.11538461538462
2020-10-27 00:00:00+00:00,50.519230769230774
2020-10-28 00:00:00+00:00,53.04519230769231
2020-10-29 00:00:00+00:00,42.941346153846155
2020-10-30 00:00:00+00:00,42.941346153846155
2020-10-31 00:00:00+00:00,45.46730769230769
2020-11-01 00:00:00+00:00,42.941346153846155
2020-11-02 00:00:00+00:00,42.941346153846155
2020-11-03 00:00:00+00:00,42.941346153846155
2020-11-04 00:00:00+00:00,37.88942307692308
2020-11-05 00:00:00+00:00,60.62307692307692
2020-11-06 00:00:00+00:00,65.675
2020-11-07 00:00:00+00:00,55.57115384615385
2020-11-08 00:00:00+00:00,50.519230769230774
2020-11-09 00:00:00+00:00,50.519230769230774
2020-11-10 00:00:00+00:00,45.46730769230769
2020-11-11 00:00:00+00:00,47.993269230769236
2020-11-12 00:00:00+00:00,53.04519230769231
2020-11-13 00:00:00+00:00,58.097115384615385
2020-11-14 00:00:00+00:00,45.46730769230769
2020-11-15 00:00:00+00:00,40.41538461538462
2020-11-16 00:00:00+00:00,55.57115384615385
2020-11-17 00:00:00+00:00,75.77884615384616
2020-11-18 00:00:00+00:00,90.93461538461538
2020-11-19 00:00:00+00:00,68.20096153846154
2020-11-20 00:00:00+00:00,75.77884615384616
2020-11-21 00:00:00+00:00,75.77884615384616
2020-11-22 00:00:00+00:00,65.675
2020-11-23 00:00:00+00:00,65.675
2020-11-24 00:00:00+00:00,83.35673076923078
2020-11-25 00:00:00+00:00,70.72692307692309
2020-11-26 00:00:00+00:00,95.98653846153847
2020-11-27 00:00:00+00:00,68.20096153846154
2020-11-28 00:00:00+00:00,63.14903846153847
2020-11-29 00:00:00+00:00,55.57115384615385
2020-11-30 00:00:00+00:00,80.83076923076923
2020-12-01 00:00:00+00:00,80.83076923076923
2020-12-02 00:00:00+00:00,60.62307692307692
2020-12-03 00:00:00+00:00,60.62307692307692
2020-12-04 00:00:00+00:00,55.57115384615385
2020-12-05 00:00:00+00:00,53.04519230769231
2020-12-06 00:00:00+00:00,47.993269230769236
2020-12-07 00:00:00+00:00,50.519230769230774
2020-12-08 00:00:00+00:00,50.519230769230774
2020-12-09 00:00:00+00:00,55.57115384615385
2020-12-10 00:00:00+00:00,47.993269230769236
2020-12-11 00:00:00+00:00,50.519230769230774
2020-12-12 00:00:00+00:00,65.675
2020-12-13 00:00:00+00:00,58.097115384615385
2020-12-14 00:00:00+00:00,50.519230769230774
2020-12-15 00:00:00+00:00,53.04519230769231
2020-12-16 00:00:00+00:00,95.98653846153847
2020-12-17 00:00:00+00:00,143.9798076923077
2020-12-18 00:00:00+00:00,90.93461538461538
2020-12-19 00:00:00+00:00,85.88269230769231
2020-12-20 00:00:00+00:00,80.83076923076923
2020-12-21 00:00:00+00:00,83.35673076923078
2020-12-22 00:00:00+00:00,73.25288461538462
2020-12-23 00:00:00+00:00,73.25288461538462
2020-12-24 00:00:00+00:00,68.20096153846154
2020-12-25 00:00:00+00:00,75.77884615384616
2020-12-26 00:00:00+00:00,108.61634615384617
2020-12-27 00:00:00+00:00,143.9798076923077
2020-12-28 00:00:00+00:00,106.09038461538462
2020-12-29 00:00:00+00:00,85.88269230769231
2020-12-30 00:00:00+00:00,98.5125
2020-12-31 00:00:00+00:00,103.56442307692308
2021-01-01 00:00:00+00:00,101.03846153846155
2021-01-02 00:00:00+00:00,171.76538461538462
2021-01-03 00:00:00+00:00,184.39519230769233
2021-01-04 00:00:00+00:00,156.60961538461538
2021-01-05 00:00:00+00:00,126.29807692307693
2021-01-06 00:00:00+00:00,149.0317307692308
2021-01-07 00:00:00+00:00,217.23269230769233
2021-01-08 00:00:00+00:00,204.60288461538462
2021-01-09 00:00:00+00:00,156.60961538461538
2021-01-10 00:00:00+00:00,164.1875
2021-01-11 00:00:00+00:00,252.59615384615387
2021-01-12 00:00:00+00:00,166.71346153846156
2021-01-13 00:00:00+00:00,138.9278846153846
2021-01-14 00:00:00+00:00,151.55769230769232
2021-01-15 00:00:00+00:00,136.40192307692308
2021-01-16 00:00:00+00:00,121.24615384615385
2021-01-17 00:00:00+00:00,103.56442307692308
2021-01-18 00:00:00+00:00,101.03846153846155
2021-01-19 00:00:00+00:00,98.5125
2021-01-20 00:00:00+00:00,98.5125
2021-01-21 00:00:00+00:00,116.19423076923077
2021-01-22 00:00:00+00:00,133.87596153846155
2021-01-23 00:00:00+00:00,88.40865384615385
2021-01-24 00:00:00+00:00,83.35673076923078
2021-01-25 00:00:00+00:00,95.98653846153847
2021-01-26 00:00:00+00:00,80.83076923076923
2021-01-27 00:00:00+00:00,93.46057692307693
2021-01-28 00:00:00+00:00,98.5125
2021-01-29 00:00:00+00:00,154.08365384615385
2021-01-30 00:00:00+00:00,103.56442307692308
2021-01-31 00:00:00+00:00,88.40865384615385
2021-02-01 00:00:00+00:00,88.40865384615385
2021-02-02 00:00:00+00:00,85.88269230769231
2021-02-03 00:00:00+00:00,95.98653846153847
2021-02-04 00:00:00+00:00,95.98653846153847
2021-02-05 00:00:00+00:00,88.40865384615385
2021-02-06 00:00:00+00:00,111.1423076923077
2021-02-07 00:00:00+00:00,90.93461538461538
2021-02-08 00:00:00+00:00,171.76538461538462
2021-02-09 00:00:00+00:00,199.55096153846154
2021-02-10 00:00:00+00:00,133.87596153846155
2021-02-11 00:00:00+00:00,131.35
2021-02-12 00:00:00+00:00,126.29807692307693
2021-02-13 00:00:00+00:00,111.1423076923077
2021-02-14 00:00:00+00:00,121.24615384615385
2021-02-15 00:00:00+00:00,121.24615384615385
2021-02-16 00:00:00+00:00,133.87596153846155
2021-02-17 00:00:00+00:00,149.0317307692308
2021-02-18 00:00:00+00:00,136.40192307692308
2021-02-19 00:00:00+00:00,151.55769230769232
2021-02-20 00:00:00+00:00,171.76538461538462
2021-02-21 00:00:00+00:00,149.0317307692308
2021-02-22 00:00:00+00:00,181.86923076923077
2021-02-23 00:00:00+00:00,219.75865384615386
2021-02-24 00:00:00+00:00,164.1875
2021-02-25 00:00:00+00:00,128.82403846153846
2021-02-26 00:00:00+00:00,138.9278846153846
2021-02-27 00:00:00+00:00,116.19423076923077
2021-02-28 00:00:00+00:00,131.35
2021-03-01 00:00:00+00:00,126.29807692307693
2021-03-02 00:00:00+00:00,111.1423076923077
2021-03-03 00:00:00+00:00,108.61634615384617
2021-03-04 00:00:00+00:00,103.56442307692308
2021-03-05 00:00:00+00:00,98.5125
2021-03-06 00:00:00+00:00,85.88269230769231
2021-03-07 00:00:00+00:00,95.98653846153847
2021-03-08 00:00:00+00:00,95.98653846153847
2021-03-09 00:00:00+00:00,116.19423076923077
2021-03-10 00:00:00+00:00,121.24615384615385
2021-03-11 00:00:00+00:00,111.1423076923077
2021-03-12 00:00:00+00:00,108.61634615384617
2021-03-13 00:00:00+00:00,146.50576923076923
2021-03-14 00:00:00+00:00,141.45384615384617
2021-03-15 00:00:00+00:00,116.19423076923077
2021-03-16 00:00:00+00:00,111.1423076923077
2021-03-17 00:00:00+00:00,101.03846153846155
2021-03-18 00:00:00+00:00,106.09038461538462
2021-03-19 00:00:00+00:00,90.93461538461538
2021-03-20 00:00:00+00:00,85.88269230769231
2021-03-21 00:00:00+00:00,90.93461538461538
2021-03-22 00:00:00+00:00,93.46057692307693
2021-03-23 00:00:00+00:00,95.98653846153847
2021-03-24 00:00:00+00:00,106.09038461538462
2021-03-25 00:00:00+00:00,123.77211538461539
2021-03-26 00:00:00+00:00,98.5125
2021-03-27 00:00:00+00:00,88.9790322580645
2021-03-28 00:00:00+00:00,85.80120967741935
2021-03-29 00:00:00+00:00,95.33467741935483
2021-03-30 00:00:00+00:00,101.69032258064516
2021-03-31 00:00:00+00:00,95.33467741935483
2021-04-01 00:00:00+00:00,92.15685483870968
2021-04-02 00:00:00+00:00,98.5125
2021-04-03 00:00:00+00:00,95.33467741935483
2021-04-04 00:00:00+00:00,95.33467741935483
2021-04-05 00:00:00+00:00,95.33467741935483
2021-04-06 00:00:00+00:00,88.9790322580645
2021-04-07 00:00:00+00:00,92.15685483870968
2021-04-08 00:00:00+00:00,85.80120967741935
2021-04-09 00:00:00+00:00,82.6233870967742
2021-04-10 00:00:00+00:00,101.69032258064516
2021-04-11 00:00:00+00:00,88.9790322580645
2021-04-12 00:00:00+00:00,92.15685483870968
2021-04-13 00:00:00+00:00,120.75725806451612
2021-04-14 00:00:00+00:00,130.2907258064516
2021-04-15 00:00:00+00:00,104.86814516129031
2021-04-16 00:00:00+00:00,111.22379032258064
2021-04-17 00:00:00+00:00,92.15685483870968
2021-04-18 00:00:00+00:00,181.13588709677418
2021-04-19 00:00:00+00:00,136.64637096774194
2021-04-20 00:00:00+00:00,127.11290322580645
2021-04-21 00:00:00+00:00,111.22379032258064
2021-04-22 00:00:00+00:00,123.93508064516129
2021-04-23 00:00:00+00:00,187.49153225806452
2021-04-24 00:00:00+00:00,133.46854838709677
2021-04-25 00:00:00+00:00,117.57943548387097
2021-04-26 00:00:00+00:00,133.46854838709677
2021-04-27 00:00:00+00:00,111.22379032258064
2021-04-28 00:00:00+00:00,101.69032258064516
2021-04-29 00:00:00+00:00,92.15685483870968
2021-04-30 00:00:00+00:00,95.33467741935483
2021-05-01 00:00:00+00:00,95.33467741935483
2021-05-02 00:00:00+00:00,79.44556451612902
2021-05-03 00:00:00+00:00,95.33467741935483
2021-05-04 00:00:00+00:00,98.5125
2021-05-05 00:00:00+00:00,98.5125
2021-05-06 00:00:00+00:00,92.15685483870968
2021-05-07 00:00:00+00:00,85.80120967741935
2021-05-08 00:00:00+00:00,92.15685483870968
2021-05-09 00:00:00+00:00,88.9790322580645
2021-05-10 00:00:00+00:00,95.33467741935483
2021-05-11 00:00:00+00:00,85.80120967741935
2021-05-12 00:00:00+00:00,95.33467741935483
2021-05-13 00:00:00+00:00,197.025
2021-05-14 00:00:00+00:00,117.57943548387097
2021-05-15 00:00:00+00:00,104.86814516129031
2021-05-16 00:00:00+00:00,123.93508064516129
2021-05-17 00:00:00+00:00,165.2467741935484
2021-05-18 00:00:00+00:00,130.2907258064516
2021-05-19 00:00:00+00:00,317.7822580645161
2021-05-20 00:00:00+00:00,222.44758064516128
2021-05-21 00:00:00+00:00,181.13588709677418
2021-05-22 00:00:00+00:00,155.7133064516129
2021-05-23 00:00:00+00:00,187.49153225806452
2021-05-24 00:00:00+00:00,177.958064516129
2021-05-25 00:00:00+00:00,136.64637096774194
2021-05-26 00:00:00+00:00,123.93508064516129
2021-05-27 00:00:00+00:00,104.86814516129031
2021-05-28 00:00:00+00:00,114.40161290322581
2021-05-29 00:00:00+00:00,117.57943548387097
2021-05-30 00:00:00+00:00,108.04596774193548
2021-05-31 00:00:00+00:00,101.69032258064516
2021-06-01 00:00:00+00:00,95.33467741935483
2021-06-02 00:00:00+00:00,95.33467741935483
2021-06-03 00:00:00+00:00,92.15685483870968
2021-06-04 00:00:00+00:00,101.69032258064516
2021-06-05 00:00:00+00:00,88.9790322580645
2021-06-06 00:00:00+00:00,88.9790322580645
2021-06-07 00:00:00+00:00,92.15685483870968
2021-06-08 00:00:00+00:00,133.46854838709677
2021-06-09 00:00:00+00:00,117.57943548387097
2021-06-10 00:00:00+00:00,98.5125
2021-06-11 00:00:00+00:00,82.6233870967742
2021-06-12 00:00:00+00:00,79.44556451612902
2021-06-13 00:00:00+00:00,82.6233870967742
2021-06-14 00:00:00+00:00,111.22379032258064
2021-06-15 00:00:00+00:00,88.9790322580645
2021-06-16 00:00:00+00:00,82.6233870967742
2021-06-17 00:00:00+00:00,73.08991935483871
2021-06-18 00:00:00+00:00,73.08991935483871
2021-06-19 00:00:00+00:00,73.08991935483871
2021-06-20 00:00:00+00:00,79.44556451612902
2021-06-21 00:00:00+00:00,111.22379032258064
2021-06-22 00:00:00+00:00,146.17983870967743
2021-06-23 00:00:00+00:00,104.86814516129031
2021-06-24 00:00:00+00:00,85.80120967741935
2021-06-25 00:00:00+00:00,85.80120967741935
2021-06-26 00:00:00+00:00,85.80120967741935
2021-06-27 00:00:00+00:00,79.44556451612902
2021-06-28 00:00:00+00:00,79.44556451612902
2021-06-29 00:00:00+00:00,79.44556451612902
2021-06-30 00:00:00+00:00,73.08991935483871
2021-07-01 00:00:00+00:00,69.91209677419354
2021-07-02 00:00:00+00:00,66.73427419354839
2021-07-03 00:00:00+00:00,66.73427419354839
2021-07-04 00:00:00+00:00,66.73427419354839
2021-07-05 00:00:00+00:00,66.73427419354839
2021-07-06 00:00:00+00:00,63.556451612903224
2021-07-07 00:00:00+00:00,60.37862903225806
2021-07-08 00:00:00+00:00,66.73427419354839
2021-07-09 00:00:00+00:00,63.556451612903224
2021-07-10 00:00:00+00:00,60.37862903225806
2021-07-11 00:00:00+00:00,54.02298387096774
2021-07-12 00:00:00+00:00,60.37862903225806
2021-07-13 00:00:00+00:00,60.37862903225806
2021-07-14 00:00:00+00:00,60.37862903225806
2021-07-15 00:00:00+00:00,63.556451612903224
2021-07-16 00:00:00+00:00,63.556451612903224
2021-07-17 00:00:00+00:00,63.556451612903224
2021-07-18 00:00:00+00:00,57.200806451612905
2021-07-19 00:00:00+00:00,66.73427419354839
2021-07-20 00:00:00+00:00,88.9790322580645
2021-07-21 00:00:00+00:00,79.44556451612902
2021-07-22 00:00:00+00:00,73.08991935483871
2021-07-23 00:00:00+00:00,63.556451612903224
2021-07-24 00:00:00+00:00,69.91209677419354
2021-07-25 00:00:00+00:00,69.91209677419354
2021-07-26 00:00:00+00:00,130.2907258064516
2021-07-27 00:00:00+00:00,95.33467741935483
2021-07-28 00:00:00+00:00,98.5125
2021-07-29 00:00:00+00:00,76.26774193548387
2021-07-30 00:00:00+00:00,76.26774193548387
2021-07-31 00:00:00+00:00,82.6233870967742
2021-08-01 00:00:00+00:00,76.26774193548387
2021-08-02 00:00:00+00:00,73.08991935483871
2021-08-03 00:00:00+00:00,63.556451612903224
2021-08-04 00:00:00+00:00,66.73427419354839
2021-08-05 00:00:00+00:00,69.91209677419354
2021-08-06 00:00:00+00:00,79.44556451612902
2021-08-07 00:00:00+00:00,92.15685483870968
2021-08-08 00:00:00+00:00,85.80120967741935
2021-08-09 00:00:00+00:00,98.5125
2021-08-10 00:00:00+00:00,82.6233870967742
2021-08-11 00:00:00+00:00,82.6233870967742
2021-08-12 00:00:00+00:00,73.08991935483871
2021-08-13 00:00:00+00:00,82.6233870967742
2021-08-14 00:00:00+00:00,79.44556451612902
2021-08-15 00:00:00+00:00,69.91209677419354
2021-08-16 00:00:00+00:00,79.44556451612902
2021-08-17 00:00:00+00:00,76.26774193548387
2021-08-18 00:00:00+00:00,76.26774193548387
2021-08-19 00:00:00+00:00,69.91209677419354
2021-08-20 00:00:00+00:00,82.6233870967742
2021-08-21 00:00:00+00:00,79.44556451612902
2021-08-22 00:00:00+00:00,73.08991935483871
2021-08-23 00:00:00+00:00,95.33467741935483
2021-08-24 00:00:00+00:00,81.98782258064516
2021-08-25 00:00:00+00:00,76.26774193548387
2021-08-26 00:00:00+00:00,74.36104838709677
2021-08-27 00:00:00+00:00,70.54766129032258
2021-08-28 00:00:00+00:00,68.64096774193548
2021-08-29 00:00:00+00:00,62.92088709677419
2021-08-30 00:00:00+00:00,66.73427419354839
2021-08-31 00:00:00+00:00,66.73427419354839
2021-09-01 00:00:00+00:00,62.92088709677419
2021-09-02 00:00:00+00:00,70.54766129032258
2021-09-03 00:00:00+00:00,72.45435483870968
2021-09-04 00:00:00+00:00,68.64096774193548
2021-09-05 00:00:00+00:00,64.82758064516129
2021-09-06 00:00:00+00:00,72.45435483870968
2021-09-07 00:00:00+00:00,129.65516129032258
2021-09-08 00:00:00+00:00,101.05475806451612
2021-09-09 00:00:00+00:00,74.36104838709677
2021-09-10 00:00:00+00:00,72.45435483870968
2021-09-11 00:00:00+00:00,62.92088709677419
2021-09-12 00:00:00+00:00,61.01419354838709
2021-09-13 00:00:00+00:00,72.45435483870968
2021-09-14 00:00:00+00:00,62.92088709677419
2021-09-15 00:00:00+00:00,66.73427419354839
2021-09-16 00:00:00+00:00,61.01419354838709
2021-09-17 00:00:00+00:00,59.107499999999995
2021-09-18 00:00:00+00:00,59.107499999999995
2021-09-19 00:00:00+00:00,51.48072580645161
2021-09-20 00:00:00+00:00,85.80120967741935
2021-09-21 00:00:00+00:00,89.61459677419354
2021-09-22 00:00:00+00:00,78.17443548387097
2021-09-23 00:00:00+00:00,68.64096774193548
2021-09-24 00:00:00+00:00,91.52129032258064
2021-09-25 00:00:00+00:00,68.64096774193548
2021-09-26 00:00:00+00:00,62.92088709677419
2021-09-27 00:00:00+00:00,66.73427419354839
2021-09-28 00:00:00+00:00,66.73427419354839
2021-09-29 00:00:00+00:00,62.92088709677419
2021-09-30 00:00:00+00:00,61.01419354838709
2021-10-01 00:00:00+00:00,78.17443548387097
2021-10-02 00:00:00+00:00,66.73427419354839
2021-10-03 00:00:00+00:00,61.01419354838709
2021-10-04 00:00:00+00:00,66.73427419354839
2021-10-05 00:00:00+00:00,80.08112903225806
2021-10-06 00:00:00+00:00,104.86814516129031
2021-10-07 00:00:00+00:00,97.24137096774193
2021-10-08 00:00:00+00:00,81.98782258064516
2021-10-09 00:00:00+00:00,70.54766129032258
2021-10-10 00:00:00+00:00,70.54766129032258
2021-10-11 00:00:00+00:00,89.61459677419354
2021-10-12 00:00:00+00:00,89.61459677419354
2021-10-13 00:00:00+00:00,78.17443548387097
2021-10-14 00:00:00+00:00,81.98782258064516
2021-10-15 00:00:00+00:00,129.65516129032258
2021-10-16 00:00:00+00:00,99.14806451612903
2021-10-17 00:00:00+00:00,83.89451612903225
2021-10-18 00:00:00+00:00,95.33467741935483
2021-10-19 00:00:00+00:00,104.86814516129031
2021-10-20 00:00:00+00:00,146.81540322580645
2021-10-21 00:00:00+00:00,125.84177419354837
2021-10-22 00:00:00+00:00,102.96145161290322
2021-10-23 00:00:00+00:00,81.98782258064516
2021-10-24 00:00:00+00:00,76.26774193548387
2021-10-25 00:00:00+00:00,83.89451612903225
2021-10-26 00:00:00+00:00,80.08112903225806
2021-10-27 00:00:00+00:00,93.42798387096774
2021-10-28 00:00:00+00:00,83.89451612903225
2021-10-29 00:00:00+00:00,72.45435483870968
2021-10-30 00:00:00+00:00,66.73427419354839
2021-10-31 00:00:00+00:00,68.64096774193548
2021-11-01 00:00:00+00:00,72.45435483870968
2021-11-02 00:00:00+00:00,80.08112903225806
2021-11-03 00:00:00+00:00,74.36104838709677
2021-11-04 00:00:00+00:00,70.54766129032258
2021-11-05 00:00:00+00:00,66.73427419354839
2021-11-06 00:00:00+00:00,61.01419354838709
2021-11-07 00:00:00+00:00,59.107499999999995
2021-11-08 00:00:00+00:00,93.42798387096774
2021-11-09 00:00:00+00:00,106.77483870967741
2021-11-10 00:00:00+00:00,93.42798387096774
2021-11-11 00:00:00+00:00,81.98782258064516
2021-11-12 00:00:00+00:00,80.08112903225806
2021-11-13 00:00:00+00:00,68.64096774193548
2021-11-14 00:00:00+00:00,64.82758064516129
2021-11-15 00:00:00+00:00,72.45435483870968
2021-11-16 00:00:00+00:00,101.05475806451612
2021-11-17 00:00:00+00:00,85.80120967741935
2021-11-18 00:00:00+00:00,85.80120967741935
2021-11-19 00:00:00+00:00,89.61459677419354
2021-11-20 00:00:00+00:00,70.54766129032258
2021-11-21 00:00:00+00:00,68.64096774193548
2021-11-22 00:00:00+00:00,78.17443548387097
2021-11-23 00:00:00+00:00,78.17443548387097
2021-11-24 00:00:00+00:00,74.36104838709677
2021-11-25 00:00:00+00:00,72.45435483870968
2021-11-26 00:00:00+00:00,97.24137096774193
2021-11-27 00:00:00+00:00,76.26774193548387
2021-11-28 00:00:00+00:00,72.45435483870968
2021-11-29 00:00:00+00:00,80.08112903225806
2021-11-30 00:00:00+00:00,78.17443548387097
2021-12-01 00:00:00+00:00,72.45435483870968
2021-12-02 00:00:00+00:00,66.73427419354839
2021-12-03 00:00:00+00:00,76.26774193548387
2021-12-04 00:00:00+00:00,169.6957258064516
2021-12-05 00:00:00+00:00,110.5882258064516
2021-12-06 00:00:00+00:00,108.68153225806451
2021-12-07 00:00:00+00:00,91.52129032258064
2021-12-08 00:00:00+00:00,78.17443548387097
2021-12-09 00:00:00+00:00,83.89451612903225
2021-12-10 00:00:00+00:00,87.70790322580645
2021-12-11 00:00:00+00:00,74.36104838709677
2021-12-12 00:00:00+00:00,66.73427419354839
2021-12-13 00:00:00+00:00,85.80120967741935
2021-12-14 00:00:00+00:00,95.33467741935483
2021-12-15 00:00:00+00:00,83.89451612903225
2021-12-16 00:00:00+00:00,78.17443548387097
2021-12-17 00:00:00+00:00,80.08112903225806
2021-12-18 00:00:00+00:00,70.54766129032258
2021-12-19 00:00:00+00:00,66.73427419354839
2021-12-20 00:00:00+00:00,81.98782258064516
2021-12-21 00:00:00+00:00,80.08112903225806
2021-12-22 00:00:00+00:00,78.17443548387097
2021-12-23 00:00:00+00:00,78.17443548387097
2021-12-24 00:00:00+00:00,80.08112903225806
2021-12-25 00:00:00+00:00,70.54766129032258
2021-12-26 00:00:00+00:00,70.54766129032258
2021-12-27 00:00:00+00:00,72.45435483870968
2021-12-28 00:00:00+00:00,80.08112903225806
2021-12-29 00:00:00+00:00,76.26774193548387
2021-12-30 00:00:00+00:00,74.36104838709677
2021-12-31 00:00:00+00:00,70.54766129032258
2022-01-01 00:00:00+00:00,78.17443548387097
2022-01-02 00:00:00+00:00,78.17443548387097
2022-01-03 00:00:00+00:00,76.26774193548387
2022-01-04 00:00:00+00:00,150.62879032258064
2022-01-05 00:00:00+00:00,76.26774193548387
2022-01-06 00:00:00+00:00,108.68153225806451
2022-01-07 00:00:00+00:00,123.93508064516128
2022-01-08 00:00:00+00:00,112.4949193548387
2022-01-09 00:00:00+00:00,102.96145161290322
2022-01-10 00:00:00+00:00,114.4016129032258
2022-01-11 00:00:00+00:00,102.96145161290322
2022-01-12 00:00:00+00:00,97.24137096774193
2022-01-13 00:00:00+00:00,190.66935483870967
2022-01-14 00:00:00+00:00,68.64096774193548
2022-01-15 00:00:00+00:00,76.26774193548387
2022-01-16 00:00:00+00:00,137.28193548387097
2022-01-17 00:00:00+00:00,64.82758064516129
2022-01-18 00:00:00+00:00,70.54766129032258
2022-01-19 00:00:00+00:00,68.64096774193548
2022-01-20 00:00:00+00:00,78.17443548387097
2022-01-21 00:00:00+00:00,156.34887096774193
2022-01-22 00:00:00+00:00,205.72219864176571
2022-01-23 00:00:00+00:00,152.2344269949066
2022-01-24 00:00:00+00:00,411.44439728353143
2022-01-25 00:00:00+00:00,123.43331918505942
2022-01-26 00:00:00+00:00,123.43331918505942
2022-01-27 00:00:00+00:00,106.97554329371818
2022-01-28 00:00:00+00:00,102.86109932088286
2022-01-29 00:00:00+00:00,90.5177674023769
2022-01-30 00:00:00+00:00,86.4033234295416
2022-01-31 00:00:00+00:00,98.74665534804754
2022-02-01 00:00:00+00:00,94.63221137521222
2022-02-02 00:00:00+00:00,90.5177674023769
2022-02-03 00:00:00+00:00,86.4033234295416
2022-02-04 00:00:00+00:00,111.08998726655348
2022-02-05 00:00:00+00:00,106.97554329371818
2022-02-06 00:00:00+00:00,90.5177674023769
2022-02-07 00:00:00+00:00,119.31887521222411
2022-02-08 00:00:00+00:00,106.97554329371818
2022-02-09 00:00:00+00:00,90.5177674023769
2022-02-10 00:00:00+00:00,82.28887945670628
2022-02-11 00:00:00+00:00,90.5177674023769
2022-02-12 00:00:00+00:00,82.28887945670628
2022-02-13 00:00:00+00:00,78.17443548387097
2022-02-14 00:00:00+00:00,86.4033234295416
2022-02-15 00:00:00+00:00,86.4033234295416
2022-02-16 00:00:00+00:00,78.17443548387097
2022-02-17 00:00:00+00:00,86.4033234295416
2022-02-18 00:00:00+00:00,90.5177674023769
2022-02-19 00:00:00+00:00,78.17443548387097
2022-02-20 00:00:00+00:00,90.5177674023769
2022-02-21 00:00:00+00:00,98.74665534804754
2022-02-22 00:00:00+00:00,102.86109932088286
2022-02-23 00:00:00+00:00,90.5177674023769
2022-02-24 00:00:00+00:00,168.69220288624788
2022-02-25 00:00:00+00:00,111.08998726655348
2022-02-26 00:00:00+00:00,90.5177674023769
2022-02-27 00:00:00+00:00,94.63221137521222
2022-02-28 00:00:00+00:00,111.08998726655348
2022-03-01 00:00:00+00:00,127.54776315789474
2022-03-02 00:00:00+00:00,102.86109932088286
2022-03-03 00:00:00+00:00,90.5177674023769
2022-03-04 00:00:00+00:00,94.63221137521222
2022-03-05 00:00:00+00:00,82.28887945670628
2022-03-06 00:00:00+00:00,82.28887945670628
2022-03-07 00:00:00+00:00,94.63221137521222
2022-03-08 00:00:00+00:00,82.28887945670628
2022-03-09 00:00:00+00:00,102.86109932088286
2022-03-10 00:00:00+00:00,90.5177674023769
2022-03-11 00:00:00+00:00,78.17443548387097
2022-03-12 00:00:00+00:00,69.94554753820034
2022-03-13 00:00:00+00:00,69.94554753820034
2022-03-14 00:00:00+00:00,74.05999151103566
2022-03-15 00:00:00+00:00,74.05999151103566
2022-03-16 00:00:00+00:00,94.63221137521222
2022-03-17 00:00:00+00:00,78.17443548387097
2022-03-18 00:00:00+00:00,78.17443548387097
2022-03-19 00:00:00+00:00,74.05999151103566
2022-03-20 00:00:00+00:00,65.83110356536503
2022-03-21 00:00:00+00:00,69.94554753820034
2022-03-22 00:00:00+00:00,82.28887945670628
2022-03-23 00:00:00+00:00,69.94554753820034
2022-03-24 00:00:00+00:00,82.28887945670628
2022-03-25 00:00:00+00:00,86.4033234295416
2022-03-26 00:00:00+00:00,74.05999151103566
2022-03-27 00:00:00+00:00,82.28887945670628
2022-03-28 00:00:00+00:00,102.86109932088286
2022-03-29 00:00:00+00:00,90.5177674023769
2022-03-30 00:00:00+00:00,82.28887945670628
2022-03-31 00:00:00+00:00,78.17443548387097
2022-04-01 00:00:00+00:00,78.17443548387097
2022-04-02 00:00:00+00:00,69.94554753820034
2022-04-03 00:00:00+00:00,65.83110356536503
2022-04-04 00:00:00+00:00,69.94554753820034
2022-04-05 00:00:00+00:00,65.83110356536503
2022-04-06 00:00:00+00:00,82.28887945670628
2022-04-07 00:00:00+00:00,69.94554753820034
2022-04-08 00:00:00+00:00,69.94554753820034
2022-04-09 00:00:00+00:00,65.83110356536503
2022-04-10 00:00:00+00:00,65.83110356536503
2022-04-11 00:00:00+00:00,86.4033234295416
2022-04-12 00:00:00+00:00,82.28887945670628
2022-04-13 00:00:00+00:00,74.05999151103566
2022-04-14 00:00:00+00:00,69.94554753820034
2022-04-15 00:00:00+00:00,65.83110356536503
2022-04-16 00:00:00+00:00,61.71665959252971
2022-04-17 00:00:00+00:00,57.6022156196944
2022-04-18 00:00:00+00:00,78.17443548387097
2022-04-19 00:00:00+00:00,69.94554753820034
2022-04-20 00:00:00+00:00,65.83110356536503
2022-04-21 00:00:00+00:00,69.94554753820034
2022-04-22 00:00:00+00:00,65.83110356536503
2022-04-23 00:00:00+00:00,61.71665959252971
2022-04-24 00:00:00+00:00,61.71665959252971
2022-04-25 00:00:00+00:00,78.17443548387097
2022-04-26 00:00:00+00:00,74.05999151103566
2022-04-27 00:00:00+00:00,69.94554753820034
2022-04-28 00:00:00+00:00,65.83110356536503
2022-04-29 00:00:00+00:00,69.94554753820034
2022-04-30 00:00:00+00:00,69.94554753820034
2022-05-01 00:00:00+00:00,69.94554753820034
2022-05-02 00:00:00+00:00,65.83110356536503
2022-05-03 00:00:00+00:00,65.83110356536503
2022-05-04 00:00:00+00:00,74.05999151103566
2022-05-05 00:00:00+00:00,90.5177674023769
2022-05-06 00:00:00+00:00,98.74665534804754
2022-05-07 00:00:00+00:00,78.17443548387097
2022-05-08 00:00:00+00:00,94.63221137521222
2022-05-09 00:00:00+00:00,160.46331494057725
2022-05-10 00:00:00+00:00,144.005539049236
2022-05-11 00:00:00+00:00,181.0355348047538
2022-05-12 00:00:00+00:00,238.63775042444823
2022-05-13 00:00:00+00:00,172.8066468590832
2022-05-14 00:00:00+00:00,123.43331918505942
2022-05-15 00:00:00+00:00,102.86109932088286
2022-05-16 00:00:00+00:00,102.86109932088286
2022-05-17 00:00:00+00:00,90.5177674023769
2022-05-18 00:00:00+00:00,98.74665534804754
2022-05-19 00:00:00+00:00,94.63221137521222
2022-05-20 00:00:00+00:00,90.5177674023769
2022-05-21 00:00:00+00:00,78.17443548387097
2022-05-22 00:00:00+00:00,78.17443548387097
2022-05-23 00:00:00+00:00,86.4033234295416
2022-05-24 00:00:00+00:00,82.28887945670628
2022-05-25 00:00:00+00:00,74.05999151103566
2022-05-26 00:00:00+00:00,86.4033234295416
2022-05-27 00:00:00+00:00,86.4033234295416
2022-05-28 00:00:00+00:00,69.94554753820034
2022-05-29 00:00:00+00:00,65.83110356536503
2022-05-30 00:00:00+00:00,86.4033234295416
2022-05-31 00:00:00+00:00,90.5177674023769
2022-06-01 00:00:00+00:00,74.05999151103566
2022-06-02 00:00:00+00:00,69.94554753820034
2022-06-03 00:00:00+00:00,69.94554753820034
2022-06-04 00:00:00+00:00,61.71665959252971
2022-06-05 00:00:00+00:00,61.71665959252971
2022-06-06 00:00:00+00:00,78.17443548387097
2022-06-07 00:00:00+00:00,78.17443548387097
2022-06-08 00:00:00+00:00,69.94554753820034
2022-06-09 00:00:00+00:00,65.83110356536503
2022-06-10 00:00:00+00:00,69.94554753820034
2022-06-11 00:00:00+00:00,74.05999151103566
2022-06-12 00:00:00+00:00,94.63221137521222
2022-06-13 00:00:00+00:00,238.63775042444823
2022-06-14 00:00:00+00:00,205.72219864176571
2022-06-15 00:00:00+00:00,189.26442275042444
2022-06-16 00:00:00+00:00,160.46331494057725
2022-06-17 00:00:00+00:00,135.77665110356537
2022-06-18 00:00:00+00:00,238.63775042444823
2022-06-19 00:00:00+00:00,213.95108658743632
2022-06-20 00:00:00+00:00,169.0213584040747
2022-06-21 00:00:00+00:00,134.78918455008488
2022-06-22 00:00:00+00:00,119.81260848896434
2022-06-23 00:00:00+00:00,106.97554329371816
2022-06-24 00:00:00+00:00,106.97554329371816
2022-06-25 00:00:00+00:00,91.99896723259762
2022-06-26 00:00:00+00:00,87.7199455008489
2022-06-27 00:00:00+00:00,96.27798896434635
2022-06-28 00:00:00+00:00,87.7199455008489
2022-06-29 00:00:00+00:00,96.27798896434635
2022-06-30 00:00:00+00:00,115.53358675721562
2022-07-01 00:00:00+00:00,113.39407589134126
2022-07-02 00:00:00+00:00,87.7199455008489
2022-07-03 00:00:00+00:00,89.85945636672326
2022-07-04 00:00:00+00:00,89.85945636672326
2022-07-05 00:00:00+00:00,98.41749983022072
2022-07-06 00:00:00+00:00,83.44092376910017
2022-07-07 00:00:00+00:00,85.58043463497454
2022-07-08 00:00:00+00:00,87.7199455008489
2022-07-09 00:00:00+00:00,74.88288030560271
2022-07-10 00:00:00+00:00,74.88288030560271
2022-07-11 00:00:00+00:00,79.16190203735144
2022-07-12 00:00:00+00:00,81.30141290322581
2022-07-13 00:00:00+00:00,83.44092376910017
2022-07-14 00:00:00+00:00,85.58043463497454
2022-07-15 00:00:00+00:00,79.16190203735144
2022-07-16 00:00:00+00:00,72.74336943972835
2022-07-17 00:00:00+00:00,68.46434770797963
2022-07-18 00:00:00+00:00,89.85945636672326
2022-07-19 00:00:00+00:00,94.13847809847199
2022-07-20 00:00:00+00:00,109.11505415959253
2022-07-21 00:00:00+00:00,98.41749983022072
2022-07-22 00:00:00+00:00,79.16190203735144
2022-07-23 00:00:00+00:00,68.46434770797963
2022-07-24 00:00:00+00:00,64.1853259762309
2022-07-25 00:00:00+00:00,74.88288030560271
2022-07-26 00:00:00+00:00,79.16190203735144
2022-07-27 00:00:00+00:00,74.88288030560271
2022-07-28 00:00:00+00:00,83.44092376910017
2022-07-29 00:00:00+00:00,79.16190203735144
2022-07-30 00:00:00+00:00,74.88288030560271
2022-07-31 00:00:00+00:00,66.32483684210527
2022-08-01 00:00:00+00:00,77.02239117147708
2022-08-02 00:00:00+00:00,72.74336943972835
2022-08-03 00:00:00+00:00,70.60385857385398
2022-08-04 00:00:00+00:00,68.46434770797963
2022-08-05 00:00:00+00:00,66.32483684210527
2022-08-06 00:00:00+00:00,62.045815110356536
2022-08-07 00:00:00+00:00,55.627282512733444
2022-08-08 00:00:00+00:00,70.60385857385398
2022-08-09 00:00:00+00:00,66.32483684210527
2022-08-10 00:00:00+00:00,70.60385857385398
2022-08-11 00:00:00+00:00,79.16190203735144
2022-08-12 00:00:00+00:00,70.60385857385398
2022-08-13 00:00:00+00:00,68.46434770797963
2022-08-14 00:00:00+00:00,68.46434770797963
2022-08-15 00:00:00+00:00,66.32483684210527
2022-08-16 00:00:00+00:00,62.045815110356536
2022-08-17 00:00:00+00:00,68.46434770797963
2022-08-18 00:00:00+00:00,57.76679337860781
2022-08-19 00:00:00+00:00,91.99896723259762
2022-08-20 00:00:00+00:00,70.60385857385398
2022-08-21 00:00:00+00:00,64.1853259762309
2022-08-22 00:00:00+00:00,66.32483684210527
2022-08-23 00:00:00+00:00,62.045815110356536
2022-08-24 00:00:00+00:00,59.90630424448217
2022-08-25 00:00:00+00:00,55.627282512733444
2022-08-26 00:00:00+00:00,64.1853259762309
2022-08-27 00:00:00+00:00,68.46434770797963
2022-08-28 00:00:00+00:00,66.32483684210527
2022-08-29 00:00:00+00:00,72.74336943972835
2022-08-30 00:00:00+00:00,59.90630424448217
2022-08-31 00:00:00+00:00,62.045815110356536
2022-09-01 00:00:00+00:00,62.045815110356536
2022-09-02 00:00:00+00:00,59.90630424448217
2022-09-03 00:00:00+00:00,53.48777164685908
2022-09-04 00:00:00+00:00,55.627282512733444
2022-09-05 00:00:00+00:00,57.76679337860781
2022-09-06 00:00:00+00:00,66.32483684210527
2022-09-07 00:00:00+00:00,74.88288030560271
2022-09-08 00:00:00+00:00,62.045815110356536
2022-09-09 00:00:00+00:00,72.74336943972835
2022-09-10 00:00:00+00:00,62.045815110356536
2022-09-11 00:00:00+00:00,57.76679337860781
2022-09-12 00:00:00+00:00,66.32483684210527
2022-09-13 00:00:00+00:00,74.88288030560271
2022-09-14 00:00:00+00:00,70.60385857385398
2022-09-15 00:00:00+00:00,64.1853259762309
2022-09-16 00:00:00+00:00,64.1853259762309
2022-09-17 00:00:00+00:00,57.76679337860781
2022-09-18 00:00:00+00:00,57.76679337860781
2022-09-19 00:00:00+00:00,81.30141290322581
2022-09-20 00:00:00+00:00,66.32483684210527
2022-09-21 00:00:00+00:00,70.60385857385398
2022-09-22 00:00:00+00:00,68.46434770797963
2022-09-23 00:00:00+00:00,62.045815110356536
2022-09-24 00:00:00+00:00,57.76679337860781
2022-09-25 00:00:00+00:00,53.48777164685908
2022-09-26 00:00:00+00:00,62.045815110356536
2022-09-27 00:00:00+00:00,68.46434770797963
2022-09-28 00:00:00+00:00,62.045815110356536
2022-09-29 00:00:00+00:00,59.90630424448217
2022-09-30 00:00:00+00:00,59.90630424448217
2022-10-01 00:00:00+00:00,51.34826078098472
2022-10-02 00:00:00+00:00,47.069239049235996
2022-10-03 00:00:00+00:00,55.627282512733444
2022-10-04 00:00:00+00:00,57.76679337860781
2022-10-05 00:00:00+00:00,53.48777164685908
2022-10-06 00:00:00+00:00,53.48777164685908
2022-10-07 00:00:00+00:00,53.48777164685908
2022-10-08 00:00:00+00:00,44.92972818336163
2022-10-09 00:00:00+00:00,44.92972818336163
2022-10-10 00:00:00+00:00,51.34826078098472
2022-10-11 00:00:00+00:00,55.627282512733444
2022-10-12 00:00:00+00:00,51.34826078098472
2022-10-13 00:00:00+00:00,59.90630424448217
2022-10-14 00:00:00+00:00,57.76679337860781
2022-10-15 00:00:00+00:00,47.069239049235996
2022-10-16 00:00:00+00:00,42.79021731748727
2022-10-17 00:00:00+00:00,51.34826078098472
2022-10-18 00:00:00+00:00,51.34826078098472
2022-10-19 00:00:00+00:00,47.069239049235996
2022-10-20 00:00:00+00:00,49.20874991511036
2022-10-21 00:00:00+00:00,51.34826078098472
2022-10-22 00:00:00+00:00,40.650706451612905
2022-10-23 00:00:00+00:00,42.79021731748727
2022-10-24 00:00:00+00:00,47.069239049235996
2022-10-25 00:00:00+00:00,55.627282512733444
2022-10-26 00:00:00+00:00,59.90630424448217
2022-10-27 00:00:00+00:00,55.627282512733444
2022-10-28 00:00:00+00:00,53.48777164685908
2022-10-29 00:00:00+00:00,53.48777164685908
2022-10-30 00:00:00+00:00,47.069239049235996
2022-10-31 00:00:00+00:00,53.48777164685908
2022-11-01 00:00:00+00:00,49.20874991511036
2022-11-02 00:00:00+00:00,51.34826078098472
2022-11-03 00:00:00+00:00,51.34826078098472
2022-11-04 00:00:00+00:00,55.627282512733444
2022-11-05 00:00:00+00:00,53.48777164685908
2022-11-06 00:00:00+00:00,44.92972818336163
2022-11-07 00:00:00+00:00,53.48777164685908
2022-11-08 00:00:00+00:00,91.99896723259762
2022-11-09 00:00:00+00:00,149.76576061120542
2022-11-10 00:00:00+00:00,149.76576061120542
2022-11-11 00:00:00+00:00,115.53358675721562
2022-11-12 00:00:00+00:00,100.55701069609508
2022-11-13 00:00:00+00:00,96.27798896434635
2022-11-14 00:00:00+00:00,109.11505415959253
2022-11-15 00:00:00+00:00,85.58043463497454
2022-11-16 00:00:00+00:00,79.16190203735144
2022-11-17 00:00:00+00:00,75.76924909289352
2022-11-18 00:00:00+00:00,66.72217457433906
2022-11-19 00:00:00+00:00,57.67510005578462
2022-11-20 00:00:00+00:00,55.413331426146
2022-11-21 00:00:00+00:00,80.29278635217074
2022-11-22 00:00:00+00:00,74.6383647780742
2022-11-23 00:00:00+00:00,65.59129025951975
2022-11-24 00:00:00+00:00,57.67510005578462
2022-11-25 00:00:00+00:00,56.544215740965306
2022-11-26 00:00:00+00:00,48.628025537230165
2022-11-27 00:00:00+00:00,47.49714122241086
2022-11-28 00:00:00+00:00,62.19863731506184
2022-11-29 00:00:00+00:00,58.80598437060392
2022-11-30 00:00:00+00:00,58.80598437060392
2022-12-01 00:00:00+00:00,56.544215740965306
2022-12-02 00:00:00+00:00,50.889794166868775
2022-12-03 00:00:00+00:00,47.49714122241086
2022-12-04 00:00:00+00:00,42.973603963133634
2022-12-05 00:00:00+00:00,55.413331426146
2022-12-06 00:00:00+00:00,50.889794166868775
2022-12-07 00:00:00+00:00,52.02067848168809
2022-12-08 00:00:00+00:00,55.413331426146
2022-12-09 00:00:00+00:00,48.628025537230165
2022-12-10 00:00:00+00:00,42.973603963133634
2022-12-11 00:00:00+00:00,46.366256907591556
2022-12-12 00:00:00+00:00,52.02067848168809
2022-12-13 00:00:00+00:00,63.32952162988114
2022-12-14 00:00:00+00:00,62.19863731506184
2022-12-15 00:00:00+00:00,56.544215740965306
2022-12-16 00:00:00+00:00,61.06775300024253
2022-12-17 00:00:00+00:00,55.413331426146
2022-12-18 00:00:00+00:00,45.23537259277225
2022-12-19 00:00:00+00:00,55.413331426146
2022-12-20 00:00:00+00:00,52.02067848168809
2022-12-21 00:00:00+00:00,53.15156279650739
2022-12-22 00:00:00+00:00,52.02067848168809
2022-12-23 00:00:00+00:00,49.75890985204947
2022-12-24 00:00:00+00:00,44.10448827795294
2022-12-25 00:00:00+00:00,45.23537259277225
2022-12-26 00:00:00+00:00,46.366256907591556
2022-12-27 00:00:00+00:00,48.628025537230165
2022-12-28 00:00:00+00:00,49.75890985204947
2022-12-29 00:00:00+00:00,52.02067848168809
2022-12-30 00:00:00+00:00,46.366256907591556
2022-12-31 00:00:00+00:00,40.711835333495024
2023-01-01 00:00:00+00:00,42.973603963133634
2023-01-02 00:00:00+00:00,48.628025537230165
2023-01-03 00:00:00+00:00,47.49714122241086
2023-01-04 00:00:00+00:00,48.628025537230165
2023-01-05 00:00:00+00:00,46.366256907591556
2023-01-06 00:00:00+00:00,46.366256907591556
2023-01-07 00:00:00+00:00,44.10448827795294
2023-01-08 00:00:00+00:00,42.973603963133634
2023-01-09 00:00:00+00:00,55.413331426146
2023-01-10 00:00:00+00:00,49.75890985204947
2023-01-11 00:00:00+00:00,59.93686868542323
2023-01-12 00:00:00+00:00,72.3765961484356
2023-01-13 00:00:00+00:00,73.50748046325491
2023-01-14 00:00:00+00:00,101.77958833373755
2023-01-15 00:00:00+00:00,75.76924909289352
2023-01-16 00:00:00+00:00,80.29278635217074
2023-01-17 00:00:00+00:00,73.50748046325491
2023-01-18 00:00:00+00:00,73.50748046325491
2023-01-19 00:00:00+00:00,63.32952162988114
2023-01-20 00:00:00+00:00,71.24571183361628
2023-01-21 00:00:00+00:00,89.33986087072519
2023-01-22 00:00:00+00:00,74.6383647780742
2023-01-23 00:00:00+00:00,68.98394320397767
2023-01-24 00:00:00+00:00,67.85305888915838
2023-01-25 00:00:00+00:00,65.59129025951975
2023-01-26 00:00:00+00:00,65.59129025951975
2023-01-27 00:00:00+00:00,64.46040594470045
2023-01-28 00:00:00+00:00,55.413331426146
2023-01-29 00:00:00+00:00,65.59129025951975
2023-01-30 00:00:00+00:00,72.3765961484356
2023-01-31 00:00:00+00:00,63.32952162988114
2023-02-01 00:00:00+00:00,68.98394320397767
2023-02-02 00:00:00+00:00,73.50748046325491
2023-02-03 00:00:00+00:00,68.98394320397767
2023-02-04 00:00:00+00:00,56.544215740965306
2023-02-05 00:00:00+00:00,57.67510005578462
2023-02-06 00:00:00+00:00,58.80598437060392
2023-02-07 00:00:00+00:00,54.2824471113267
2023-02-08 00:00:00+00:00,55.413331426146
2023-02-09 00:00:00+00:00,58.80598437060392
2023-02-10 00:00:00+00:00,59.93686868542323
2023-02-11 00:00:00+00:00,50.889794166868775
2023-02-12 00:00:00+00:00,48.628025537230165
2023-02-13 00:00:00+00:00,56.544215740965306
2023-02-14 00:00:00+00:00,55.413331426146
2023-02-15 00:00:00+00:00,63.32952162988114
2023-02-16 00:00:00+00:00,83.68543929662866
2023-02-17 00:00:00+00:00,65.59129025951975
2023-02-18 00:00:00+00:00,58.80598437060392
2023-02-19 00:00:00+00:00,56.544215740965306
2023-02-20 00:00:00+00:00,63.32952162988114
2023-02-21 00:00:00+00:00,63.32952162988114
2023-02-22 00:00:00+00:00,58.80598437060392
2023-02-23 00:00:00+00:00,63.32952162988114
2023-02-24 00:00:00+00:00,57.67510005578462
2023-02-25 00:00:00+00:00,52.02067848168809
2023-02-26 00:00:00+00:00,50.889794166868775
2023-02-27 00:00:00+00:00,53.15156279650739
2023-02-28 00:00:00+00:00,49.75890985204947
2023-03-01 00:00:00+00:00,50.889794166868775
2023-03-02 00:00:00+00:00,49.75890985204947
2023-03-03 00:00:00+00:00,61.06775300024253
2023-03-04 00:00:00+00:00,50.889794166868775
2023-03-05 00:00:00+00:00,48.628025537230165
2023-03-06 00:00:00+00:00,48.628025537230165
2023-03-07 00:00:00+00:00,47.49714122241086
2023-03-08 00:00:00+00:00,53.15156279650739
2023-03-09 00:00:00+00:00,57.67510005578462
2023-03-10 00:00:00+00:00,79.16190203735144
2023-03-11 00:00:00+00:00,65.59129025951975
2023-03-12 00:00:00+00:00,61.06775300024253
2023-03-13 00:00:00+00:00,99.51781970409894
2023-03-14 00:00:00+00:00,113.08843148193061
2023-03-15 00:00:00+00:00,85.94720792626727
2023-03-16 00:00:00+00:00,70.11482751879699
2023-03-17 00:00:00+00:00,99.51781970409894
2023-03-18 00:00:00+00:00,96.12516675964102
2023-03-19 00:00:00+00:00,94.99428244482172
2023-03-20 00:00:00+00:00,101.77958833373755
2023-03-21 00:00:00+00:00,93.86339813000241
2023-03-22 00:00:00+00:00,92.73251381518311
2023-03-23 00:00:00+00:00,89.33986087072519
2023-03-24 00:00:00+00:00,82.55455498180935
2023-03-25 00:00:00+00:00,67.85305888915838
2023-03-26 00:00:00+00:00,63.32952162988114
2023-03-27 00:00:00+00:00,75.76924909289352
2023-03-28 00:00:00+00:00,71.24571183361628
2023-03-29 00:00:00+00:00,74.6383647780742
2023-03-30 00:00:00+00:00,76.90013340771281
2023-03-31 00:00:00+00:00,68.98394320397767
2023-04-01 00:00:00+00:00,63.32952162988114
2023-04-02 00:00:00+00:00,59.93686868542323
2023-04-03 00:00:00+00:00,67.85305888915838
2023-04-04 00:00:00+00:00,71.24571183361628
2023-04-05 00:00:00+00:00,75.76924909289352
2023-04-06 00:00:00+00:00,61.06775300024253
2023-04-07 00:00:00+00:00,59.93686868542323
2023-04-08 00:00:00+00:00,55.413331426146
2023-04-09 00:00:00+00:00,52.02067848168809
2023-04-10 00:00:00+00:00,66.72217457433906
2023-04-11 00:00:00+00:00,99.51781970409894
2023-04-12 00:00:00+00:00,85.94720792626727
2023-04-13 00:00:00+00:00,73.50748046325491
2023-04-14 00:00:00+00:00,76.90013340771281
2023-04-15 00:00:00+00:00,63.32952162988114
2023-04-16 00:00:00+00:00,56.19380088285228
2023-04-17 00:00:00+00:00,67.78934709677418
2023-04-18 00:00:00+00:00,66.89738200339558
2023-04-19 00:00:00+00:00,69.5732772835314
2023-04-20 00:00:00+00:00,65.11345181663836
2023-04-21 00:00:00+00:00,62.437556536502534
2023-04-22 00:00:00+00:00,57.08576597623089
2023-04-23 00:00:00+00:00,54.40987069609506
2023-04-24 00:00:00+00:00,60.653626349745316
2023-04-25 00:00:00+00:00,61.545591443123925
2023-04-26 00:00:00+00:00,74.03310275042443
2023-04-27 00:00:00+00:00,67.78934709677418
2023-04-28 00:00:00+00:00,61.545591443123925
2023-04-29 00:00:00+00:00,50.842010322580634
2023-04-30 00:00:00+00:00,52.62594050933785
2023-05-01 00:00:00+00:00,60.653626349745316
2023-05-02 00:00:00+00:00,58.869696162988106
2023-05-03 00:00:00+00:00,57.9777310696095
2023-05-04 00:00:00+00:00,55.30183578947367
2023-05-05 00:00:00+00:00,55.30183578947367
2023-05-06 00:00:00+00:00,52.62594050933785
2023-05-07 00:00:00+00:00,49.950045229202026
2023-05-08 00:00:00+00:00,66.00541691001696
2023-05-09 00:00:00+00:00,54.40987069609506
2023-05-10 00:00:00+00:00,62.437556536502534
2023-05-11 00:00:00+00:00,57.08576597623089
2023-05-12 00:00:00+00:00,58.869696162988106
2023-05-13 00:00:00+00:00,49.05808013582342
2023-05-14 00:00:00+00:00,46.3821848556876
2023-05-15 00:00:00+00:00,51.73397541595924
2023-05-16 00:00:00+00:00,49.950045229202026
2023-05-17 00:00:00+00:00,49.950045229202026
2023-05-18 00:00:00+00:00,51.73397541595924
2023-05-19 00:00:00+00:00,49.05808013582342
2023-05-20 00:00:00+00:00,43.70628957555177
2023-05-21 00:00:00+00:00,43.70628957555177
2023-05-22 00:00:00+00:00,47.27414994906621
2023-05-23 00:00:00+00:00,47.27414994906621
2023-05-24 00:00:00+00:00,49.05808013582342
2023-05-25 00:00:00+00:00,49.05808013582342
2023-05-26 00:00:00+00:00,46.3821848556876
2023-05-27 00:00:00+00:00,41.92235938879456
2023-05-28 00:00:00+00:00,45.49021976230899
2023-05-29 00:00:00+00:00,49.05808013582342
2023-05-30 00:00:00+00:00,49.05808013582342
2023-05-31 00:00:00+00:00,51.73397541595924
2023-06-01 00:00:00+00:00,49.05808013582342
2023-06-02 00:00:00+00:00,49.05808013582342
2023-06-03 00:00:00+00:00,42.81432448217316
2023-06-04 00:00:00+00:00,41.92235938879456
2023-06-05 00:00:00+00:00,57.9777310696095
2023-06-06 00:00:00+00:00,65.11345181663836
2023-06-07 00:00:00+00:00,57.9777310696095
2023-06-08 00:00:00+00:00,49.05808013582342
2023-06-09 00:00:00+00:00,49.05808013582342
2023-06-10 00:00:00+00:00,60.653626349745316
2023-06-11 00:00:00+00:00,49.950045229202026
2023-06-12 00:00:00+00:00,52.62594050933785
2023-06-13 00:00:00+00:00,49.05808013582342
2023-06-14 00:00:00+00:00,53.51790560271646
2023-06-15 00:00:00+00:00,59.761661256366715
2023-06-16 00:00:00+00:00,53.51790560271646
2023-06-17 00:00:00+00:00,48.166115042444815
2023-06-18 00:00:00+00:00,46.3821848556876
2023-06-19 00:00:00+00:00,49.950045229202026
2023-06-20 00:00:00+00:00,58.869696162988106
2023-06-21 00:00:00+00:00,88.30454424448216
2023-06-22 00:00:00+00:00,75.81703293718165
2023-06-23 00:00:00+00:00,73.14113765704583
2023-06-24 00:00:00+00:00,67.78934709677418
2023-06-25 00:00:00+00:00,58.869696162988106
2023-06-26 00:00:00+00:00,60.653626349745316
2023-06-27 00:00:00+00:00,57.9777310696095
2023-06-28 00:00:00+00:00,57.9777310696095
2023-06-29 00:00:00+00:00,57.9777310696095
2023-06-30 00:00:00+00:00,64.22148672325974
2023-07-01 00:00:00+00:00,53.51790560271646
2023-07-02 00:00:00+00:00,51.73397541595924
2023-07-03 00:00:00+00:00,60.653626349745316
2023-07-04 00:00:00+00:00,57.9777310696095
2023-07-05 00:00:00+00:00,56.19380088285228
2023-07-06 00:00:00+00:00,59.761661256366715
2023-07-07 00:00:00+00:00,56.19380088285228
2023-07-08 00:00:00+00:00,45.49021976230899
2023-07-09 00:00:00+00:00,45.49021976230899
2023-07-10 00:00:00+00:00,57.08576597623089
2023-07-11 00:00:00+00:00,55.30183578947367
2023-07-12 00:00:00+00:00,55.30183578947367
2023-07-13 00:00:00+00:00,67.78934709677418
2023-07-14 00:00:00+00:00,68.68131219015278
2023-07-15 00:00:00+00:00,55.30183578947367
2023-07-16 00:00:00+00:00,49.05808013582342
2023-07-17 00:00:00+00:00,55.30183578947367
2023-07-18 00:00:00+00:00,56.19380088285228
2023-07-19 00:00:00+00:00,54.40987069609506
2023-07-20 00:00:00+00:00,51.73397541595924
2023-07-21 00:00:00+00:00,49.950045229202026
2023-07-22 00:00:00+00:00,44.59825466893038
2023-07-23 00:00:00+00:00,45.49021976230899
2023-07-24 00:00:00+00:00,52.62594050933785
2023-07-25 00:00:00+00:00,52.62594050933785
2023-07-26 00:00:00+00:00,50.842010322580634
2023-07-27 00:00:00+00:00,48.166115042444815
2023-07-28 00:00:00+00:00,47.27414994906621
2023-07-29 00:00:00+00:00,44.59825466893038
2023-07-30 00:00:00+00:00,42.81432448217316
2023-07-31 00:00:00+00:00,46.3821848556876
2023-08-01 00:00:00+00:00,50.842010322580634
2023-08-02 00:00:00+00:00,49.950045229202026
2023-08-03 00:00:00+00:00,46.3821848556876
2023-08-04 00:00:00+00:00,47.27414994906621
2023-08-05 00:00:00+00:00,41.03039429541595
2023-08-06 00:00:00+00:00,43.70628957555177
2023-08-07 00:00:00+00:00,47.27414994906621
2023-08-08 00:00:00+00:00,50.842010322580634
2023-08-09 00:00:00+00:00,50.842010322580634
2023-08-10 00:00:00+00:00,49.05808013582342
2023-08-11 00:00:00+00:00,64.22148672325974
2023-08-12 00:00:00+00:00,52.62594050933785
2023-08-13 00:00:00+00:00,47.27414994906621
2023-08-14 00:00:00+00:00,51.73397541595924
2023-08-15 00:00:00+00:00,50.842010322580634
2023-08-16 00:00:00+00:00,56.19380088285228
2023-08-17 00:00:00+00:00,75.81703293718165
2023-08-18 00:00:00+00:00,89.19650933786076
2023-08-19 00:00:00+00:00,69.5732772835314
2023-08-20 00:00:00+00:00,58.869696162988106
2023-08-21 00:00:00+00:00,63.32952162988114
2023-08-22 00:00:00+00:00,60.653626349745316
2023-08-23 00:00:00+00:00,57.9777310696095
2023-08-24 00:00:00+00:00,57.08576597623089
2023-08-25 00:00:00+00:00,50.842010322580634
2023-08-26 00:00:00+00:00,45.49021976230899
2023-08-27 00:00:00+00:00,45.49021976230899
2023-08-28 00:00:00+00:00,49.950045229202026
2023-08-29 00:00:00+00:00,67.78934709677418
2023-08-30 00:00:00+00:00,57.08576597623089
2023-08-31 00:00:00+00:00,53.51790560271646
2023-09-01 00:00:00+00:00,52.62594050933785
2023-09-02 00:00:00+00:00,46.3821848556876
2023-09-03 00:00:00+00:00,42.81432448217316
2023-09-04 00:00:00+00:00,46.3821848556876
2023-09-05 00:00:00+00:00,43.70628957555177
2023-09-06 00:00:00+00:00,45.49021976230899
2023-09-07 00:00:00+00:00,44.59825466893038
2023-09-08 00:00:00+00:00,47.27414994906621
2023-09-09 00:00:00+00:00,40.138429202037344
2023-09-10 00:00:00+00:00,39.246464108658735
2023-09-11 00:00:00+00:00,49.950045229202026
2023-09-12 00:00:00+00:00,51.73397541595924
2023-09-13 00:00:00+00:00,47.754438845500836
2023-09-14 00:00:00+00:00,45.76467056027164
2023-09-15 00:00:00+00:00,47.754438845500836
2023-09-16 00:00:00+00:00,41.78513398981323
2023-09-17 00:00:00+00:00,37.80559741935483
2023-09-18 00:00:00+00:00,51.73397541595924
2023-09-19 00:00:00+00:00,51.73397541595924
2023-09-20 00:00:00+00:00,47.754438845500836
2023-09-21 00:00:00+00:00,47.754438845500836
2023-09-22 00:00:00+00:00,43.774902275042436
2023-09-23 00:00:00+00:00,35.81582913412563
2023-09-24 00:00:00+00:00,35.81582913412563
2023-09-25 00:00:00+00:00,43.774902275042436
2023-09-26 00:00:00+00:00,45.76467056027164
2023-09-27 00:00:00+00:00,45.76467056027164
2023-09-28 00:00:00+00:00,47.754438845500836
2023-09-29 00:00:00+00:00,47.754438845500836
2023-09-30 00:00:00+00:00,41.78513398981323
2023-10-01 00:00:00+00:00,45.76467056027164
2023-10-02 00:00:00+00:00,55.71351198641764
2023-10-03 00:00:00+00:00,47.754438845500836
2023-10-04 00:00:00+00:00,47.754438845500836
2023-10-05 00:00:00+00:00,49.74420713073004
2023-10-06 00:00:00+00:00,43.774902275042436
2023-10-07 00:00:00+00:00,45.76467056027164
2023-10-08 00:00:00+00:00,59.69304855687605
2023-10-09 00:00:00+00:00,53.72374370118844
2023-10-10 00:00:00+00:00,45.76467056027164
2023-10-11 00:00:00+00:00,47.754438845500836
2023-10-12 00:00:00+00:00,45.76467056027164
2023-10-13 00:00:00+00:00,49.74420713073004
2023-10-14 00:00:00+00:00,43.774902275042436
2023-10-15 00:00:00+00:00,39.79536570458403
2023-10-16 00:00:00+00:00,65.66235341256365
2023-10-17 00:00:00+00:00,53.72374370118844
2023-10-18 00:00:00+00:00,49.74420713073004
2023-10-19 00:00:00+00:00,49.74420713073004
2023-10-20 00:00:00+00:00,67.65212169779285
2023-10-21 00:00:00+00:00,57.70328027164685
2023-10-22 00:00:00+00:00,55.71351198641764
2023-10-23 00:00:00+00:00,91.52934112054328
2023-10-24 00:00:00+00:00,151.22238967741933
2023-10-25 00:00:00+00:00,99.48841426146008
2023-10-26 00:00:00+00:00,83.57026797962646
2023-10-27 00:00:00+00:00,73.62142655348046
2023-10-28 00:00:00+00:00,63.67258512733445
2023-10-29 00:00:00+00:00,61.68281684210525
2023-10-30 00:00:00+00:00,69.64188998302205
2023-10-31 00:00:00+00:00,63.67258512733445
2023-11-01 00:00:00+00:00,63.67258512733445
2023-11-02 00:00:00+00:00,75.61119483870966
2023-11-03 00:00:00+00:00,67.65212169779285
2023-11-04 00:00:00+00:00,55.71351198641764
2023-11-05 00:00:00+00:00,61.68281684210525
2023-11-06 00:00:00+00:00,65.66235341256365
2023-11-07 00:00:00+00:00,63.67258512733445
2023-11-08 00:00:00+00:00,63.67258512733445
2023-11-09 00:00:00+00:00,103.46795083191849
2023-11-10 00:00:00+00:00,79.59073140916806
2023-11-11 00:00:00+00:00,67.65212169779285
2023-11-12 00:00:00+00:00,61.68281684210525
2023-11-13 00:00:00+00:00,69.64188998302205
2023-11-14 00:00:00+00:00,71.63165826825126
2023-11-15 00:00:00+00:00,71.63165826825126
2023-11-16 00:00:00+00:00,71.63165826825126
2023-11-17 00:00:00+00:00,65.66235341256365
2023-11-18 00:00:00+00:00,57.70328027164685
2023-11-19 00:00:00+00:00,55.71351198641764
2023-11-20 00:00:00+00:00,67.65212169779285
2023-11-21 00:00:00+00:00,71.63165826825126
2023-11-22 00:00:00+00:00,69.64188998302205
2023-11-23 00:00:00+00:00,61.68281684210525
2023-11-24 00:00:00+00:00,71.63165826825126
2023-11-25 00:00:00+00:00,57.70328027164685
2023-11-26 00:00:00+00:00,57.70328027164685
2023-11-27 00:00:00+00:00,59.69304855687605
2023-11-28 00:00:00+00:00,61.68281684210525
2023-11-29 00:00:00+00:00,63.67258512733445
2023-11-30 00:00:00+00:00,59.69304855687605
2023-12-01 00:00:00+00:00,71.63165826825126
2023-12-02 00:00:00+00:00,73.62142655348046
2023-12-03 00:00:00+00:00,79.59073140916806
2023-12-04 00:00:00+00:00,141.27354825127333
2023-12-05 00:00:00+00:00,127.3451702546689
2023-12-06 00:00:00+00:00,127.3451702546689
2023-12-07 00:00:00+00:00,101.47818254668928
2023-12-08 00:00:00+00:00,95.50887769100167
2023-12-09 00:00:00+00:00,79.59073140916806
2023-12-10 00:00:00+00:00,69.64188998302205
2023-12-11 00:00:00+00:00,101.47818254668928
2023-12-12 00:00:00+00:00,81.58049969439726
2023-12-13 00:00:00+00:00,79.59073140916806
2023-12-14 00:00:00+00:00,77.60096312393887
2023-12-15 00:00:00+00:00,73.62142655348046
2023-12-16 00:00:00+00:00,67.65212169779285
2023-12-17 00:00:00+00:00,67.65212169779285
2023-12-18 00:00:00+00:00,79.59073140916806
2023-12-19 00:00:00+00:00,75.61119483870966
2023-12-20 00:00:00+00:00,81.58049969439726
2023-12-21 00:00:00+00:00,79.59073140916806
2023-12-22 00:00:00+00:00,79.59073140916806
2023-12-23 00:00:00+00:00,69.64188998302205
2023-12-24 00:00:00+00:00,67.65212169779285
2023-12-25 00:00:00+00:00,71.63165826825126
2023-12-26 00:00:00+00:00,75.61119483870966
2023-12-27 00:00:00+00:00,73.62142655348046
2023-12-28 00:00:00+00:00,71.63165826825126
2023-12-29 00:00:00+00:00,71.63165826825126
2023-12-30 00:00:00+00:00,65.66235341256365
2023-12-31 00:00:00+00:00,61.68281684210525
2024-01-01 00:00:00+00:00,69.64188998302205
2024-01-02 00:00:00+00:00,117.3963288285229
2024-01-03 00:00:00+00:00,119.3860971137521
2024-01-04 00:00:00+00:00,101.47818254668928
2024-01-05 00:00:00+00:00,91.52934112054328
2024-01-06 00:00:00+00:00,79.59073140916806
2024-01-07 00:00:00+00:00,73.62142655348046
2024-01-08 00:00:00+00:00,125.3554019694397
2024-01-09 00:00:00+00:00,141.27354825127333
2024-01-10 00:00:00+00:00,177.08937738539893
2024-01-11 00:00:00+00:00,198.97682852292016
2024-01-12 00:00:00+00:00,133.3144751103565
2024-01-13 00:00:00+00:00,99.48841426146008
2024-01-14 00:00:00+00:00,75.61119483870966
2024-01-15 00:00:00+00:00,85.56003626485567
2024-01-16 00:00:00+00:00,83.57026797962646
2024-01-17 00:00:00+00:00,75.61119483870966
2024-01-18 00:00:00+00:00,79.59073140916806
2024-01-19 00:00:00+00:00,83.57026797962646
2024-01-20 00:00:00+00:00,69.64188998302205
2024-01-21 00:00:00+00:00,63.67258512733445
2024-01-22 00:00:00+00:00,81.58049969439726
2024-01-23 00:00:00+00:00,99.48841426146008
2024-01-24 00:00:00+00:00,81.58049969439726
2024-01-25 00:00:00+00:00,69.64188998302205
2024-01-26 00:00:00+00:00,77.60096312393887
2024-01-27 00:00:00+00:00,65.66235341256365
2024-01-28 00:00:00+00:00,59.69304855687605
2024-01-29 00:00:00+00:00,71.63165826825126
2024-01-30 00:00:00+00:00,71.63165826825126
2024-01-31 00:00:00+00:00,69.64188998302205
2024-02-01 00:00:00+00:00,65.66235341256365
2024-02-02 00:00:00+00:00,65.66235341256365
2024-02-03 00:00:00+00:00,55.71351198641764
2024-02-04 00:00:00+00:00,55.71351198641764
2024-02-05 00:00:00+00:00,59.69304855687605
2024-02-06 00:00:00+00:00,59.69304855687605
2024-02-07 00:00:00+00:00,63.67258512733445
2024-02-08 00:00:00+00:00,77.60096312393887
2024-02-09 00:00:00+00:00,101.47818254668928
2024-02-10 00:00:00+00:00,81.74631371816636
2024-02-11 00:00:00+00:00,81.74631371816636
2024-02-12 00:00:00+00:00,118.39121297113749
2024-02-13 00:00:00+00:00,124.02888977928689
2024-02-14 00:00:00+00:00,129.6665665874363
2024-02-15 00:00:00+00:00,121.21005137521219
2024-02-16 00:00:00+00:00,98.65934414261457
2024-02-17 00:00:00+00:00,87.38399052631577
2024-02-18 00:00:00+00:00,76.10863691001695
2024-02-19 00:00:00+00:00,93.02166733446516
2024-02-20 00:00:00+00:00,90.20282893039047
2024-02-21 00:00:00+00:00,87.38399052631577
2024-02-22 00:00:00+00:00,78.92747531409165
2024-02-23 00:00:00+00:00,78.92747531409165
2024-02-24 00:00:00+00:00,70.47096010186755
2024-02-25 00:00:00+00:00,70.47096010186755
2024-02-26 00:00:00+00:00,104.29702095076398
2024-02-27 00:00:00+00:00,169.13030424448212
2024-02-28 00:00:00+00:00,262.15197157894727
2024-02-29 00:00:00+00:00,228.32591073005088
2024-03-01 00:00:00+00:00,152.2172738200339
2024-03-02 00:00:00+00:00,124.02888977928689
2024-03-03 00:00:00+00:00,118.39121297113749
2024-03-04 00:00:00+00:00,248.05777955857377
2024-03-05 00:00:00+00:00,281.8838404074702
2024-03-06 00:00:00+00:00,200.13752668930385
2024-03-07 00:00:00+00:00,155.03611222410862
2024-03-08 00:00:00+00:00,171.94914264855683
2024-03-09 00:00:00+00:00,138.1230817996604
2024-03-10 00:00:00+00:00,146.57959701188452
2024-03-11 00:00:00+00:00,228.32591073005088
2024-03-12 00:00:00+00:00,183.22449626485565
2024-03-13 00:00:00+00:00,177.58681945670622
2024-03-14 00:00:00+00:00,160.67378903225801
2024-03-15 00:00:00+00:00,177.58681945670622
2024-03-16 00:00:00+00:00,140.9419202037351
2024-03-17 00:00:00+00:00,135.3042433955857
2024-03-18 00:00:00+00:00,129.6665665874363
2024-03-19 00:00:00+00:00,174.76798105263154
2024-03-20 00:00:00+00:00,152.2172738200339
2024-03-21 00:00:00+00:00,126.8477281833616
2024-03-22 00:00:00+00:00,115.57237456706278
2024-03-23 00:00:00+00:00,107.11585935483868
2024-03-24 00:00:00+00:00,98.65934414261457
2024-03-25 00:00:00+00:00,132.485404991511
2024-03-26 00:00:00+00:00,124.02888977928689
2024-03-27 00:00:00+00:00,124.02888977928689
2024-03-28 00:00:00+00:00,115.57237456706278
2024-03-29 00:00:00+00:00,101.47818254668928
2024-03-30 00:00:00+00:00,93.02166733446516
2024-03-31 00:00:00+00:00,90.20282893039047
2024-04-01 00:00:00+00:00,107.11585935483868
2024-04-02 00:00:00+00:00,129.6665665874363
2024-04-03 00:00:00+00:00,104.29702095076398
2024-04-04 00:00:00+00:00,104.29702095076398
2024-04-05 00:00:00+00:00,98.65934414261457
2024-04-06 00:00:00+00:00,81.74631371816636
2024-04-07 00:00:00+00:00,93.02166733446516
2024-04-08 00:00:00+00:00,121.21005137521219
2024-04-09 00:00:00+00:00,104.29702095076398
2024-04-10 00:00:00+00:00,101.47818254668928
2024-04-11 00:00:00+00:00,98.65934414261457
2024-04-12 00:00:00+00:00,124.02888977928689
2024-04-13 00:00:00+00:00,146.57959701188452
2024-04-14 00:00:00+00:00,152.2172738200339
2024-04-15 00:00:00+00:00,132.485404991511
2024-04-16 00:00:00+00:00,124.02888977928689
2024-04-17 00:00:00+00:00,126.8477281833616
2024-04-18 00:00:00+00:00,135.3042433955857
2024-04-19 00:00:00+00:00,186.04333466893033
2024-04-20 00:00:00+00:00,171.94914264855683
2024-04-21 00:00:00+00:00,104.29702095076398
2024-04-22 00:00:00+00:00,115.57237456706278
2024-04-23 00:00:00+00:00,98.65934414261457
2024-04-24 00:00:00+00:00,93.02166733446516
2024-04-25 00:00:00+00:00,93.02166733446516
2024-04-26 00:00:00+00:00,81.74631371816636
2024-04-27 00:00:00+00:00,78.92747531409165
2024-04-28 00:00:00+00:00,76.10863691001695
2024-04-29 00:00:00+00:00,87.38399052631577
2024-04-30 00:00:00+00:00,107.11585935483868
2024-05-01 00:00:00+00:00,129.6665665874363
2024-05-02 00:00:00+00:00,107.11585935483868
2024-05-03 00:00:00+00:00,104.29702095076398
2024-05-04 00:00:00+00:00,90.20282893039047
2024-05-05 00:00:00+00:00,78.92747531409165
2024-05-06 00:00:00+00:00,90.20282893039047
2024-05-07 00:00:00+00:00,81.74631371816636
2024-05-08 00:00:00+00:00,76.10863691001695
2024-05-09 00:00:00+00:00,73.28979850594226
2024-05-10 00:00:00+00:00,78.92747531409165
2024-05-11 00:00:00+00:00,67.65212169779285
2024-05-12 00:00:00+00:00,64.83328329371815
2024-05-13 00:00:00+00:00,78.92747531409165
2024-05-14 00:00:00+00:00,76.10863691001695
2024-05-15 00:00:00+00:00,81.74631371816636
2024-05-16 00:00:00+00:00,87.38399052631577
2024-05-17 00:00:00+00:00,84.56515212224106
2024-05-18 00:00:00+00:00,73.28979850594226
2024-05-19 00:00:00+00:00,67.65212169779285
2024-05-20 00:00:00+00:00,95.84050573853987
2024-05-21 00:00:00+00:00,124.02888977928689
2024-05-22 00:00:00+00:00,93.02166733446516
2024-05-23 00:00:00+00:00,90.20282893039047
2024-05-24 00:00:00+00:00,81.74631371816636
2024-05-25 00:00:00+00:00,70.47096010186755
2024-05-26 00:00:00+00:00,67.65212169779285
2024-05-27 00:00:00+00:00,78.92747531409165
2024-05-28 00:00:00+00:00,81.74631371816636
2024-05-29 00:00:00+00:00,73.28979850594226
2024-05-30 00:00:00+00:00,73.28979850594226
2024-05-31 00:00:00+00:00,67.65212169779285
2024-06-01 00:00:00+00:00,59.195606485568746
2024-06-02 00:00:00+00:00,59.195606485568746
2024-06-03 00:00:00+00:00,76.10863691001695
2024-06-04 00:00:00+00:00,73.28979850594226
2024-06-05 00:00:00+00:00,90.20282893039047
2024-06-06 00:00:00+00:00,84.56515212224106
2024-06-07 00:00:00+00:00,90.20282893039047
2024-06-08 00:00:00+00:00,76.10863691001695
2024-06-09 00:00:00+00:00,64.83328329371815
2024-06-10 00:00:00+00:00,73.28979850594226
2024-06-11 00:00:00+00:00,84.56515212224106
2024-06-12 00:00:00+00:00,84.56515212224106
2024-06-13 00:00:00+00:00,78.92747531409165
2024-06-14 00:00:00+00:00,76.10863691001695
2024-06-15 00:00:00+00:00,62.01444488964344
2024-06-16 00:00:00+00:00,59.195606485568746
2024-06-17 00:00:00+00:00,73.28979850594226
2024-06-18 00:00:00+00:00,81.74631371816636
2024-06-19 00:00:00+00:00,70.47096010186755
2024-06-20 00:00:00+00:00,73.28979850594226
2024-06-21 00:00:00+00:00,70.47096010186755
2024-06-22 00:00:00+00:00,62.01444488964344
2024-06-23 00:00:00+00:00,59.195606485568746
2024-06-24 00:00:00+00:00,101.47818254668928
2024-06-25 00:00:00+00:00,81.74631371816636
2024-06-26 00:00:00+00:00,73.28979850594226
2024-06-27 00:00:00+00:00,70.47096010186755
2024-06-28 00:00:00+00:00,67.65212169779285
2024-06-29 00:00:00+00:00,59.195606485568746
2024-06-30 00:00:00+00:00,59.195606485568746
2024-07-01 00:00:00+00:00,70.47096010186755
2024-07-02 00:00:00+00:00,64.83328329371815
2024-07-03 00:00:00+00:00,73.28979850594226
2024-07-04 00:00:00+00:00,98.65934414261457
2024-07-05 00:00:00+00:00,126.8477281833616
2024-07-06 00:00:00+00:00,84.56515212224106
2024-07-07 00:00:00+00:00,76.10863691001695
2024-07-08 00:00:00+00:00,90.20282893039047
2024-07-09 00:00:00+00:00,83.52113789850969
2024-07-10 00:00:00+00:00,73.49860135068853
2024-07-11 00:00:00+00:00,76.83944686662892
2024-07-12 00:00:00+00:00,76.83944686662892
2024-07-13 00:00:00+00:00,66.81691031880776
2024-07-14 00:00:00+00:00,76.83944686662892
2024-07-15 00:00:00+00:00,100.22536547821163
2024-07-16 00:00:00+00:00,96.88451996227124
2024-07-17 00:00:00+00:00,93.54367444633085
2024-07-18 00:00:00+00:00,83.52113789850969
2024-07-19 00:00:00+00:00,90.20282893039047
2024-07-20 00:00:00+00:00,80.1802923825693
2024-07-21 00:00:00+00:00,83.52113789850969
2024-07-22 00:00:00+00:00,90.20282893039047
2024-07-23 00:00:00+00:00,83.52113789850969
2024-07-24 00:00:00+00:00,76.83944686662892
2024-07-25 00:00:00+00:00,86.86198341445008
2024-07-26 00:00:00+00:00,83.52113789850969
2024-07-27 00:00:00+00:00,93.54367444633085
2024-07-28 00:00:00+00:00,80.1802923825693
2024-07-29 00:00:00+00:00,100.22536547821163
2024-07-30 00:00:00+00:00,76.83944686662892
2024-07-31 00:00:00+00:00,80.1802923825693
2024-08-01 00:00:00+00:00,86.86198341445008
2024-08-02 00:00:00+00:00,83.52113789850969
2024-08-03 00:00:00+00:00,86.86198341445008
2024-08-04 00:00:00+00:00,93.54367444633085
2024-08-05 00:00:00+00:00,247.22256817958868
2024-08-06 00:00:00+00:00,143.65635718543666
2024-08-07 00:00:00+00:00,106.9070565100924
2024-08-08 00:00:00+00:00,103.56621099415202
2024-08-09 00:00:00+00:00,96.88451996227124
2024-08-10 00:00:00+00:00,76.83944686662892
2024-08-11 00:00:00+00:00,76.83944686662892
2024-08-12 00:00:00+00:00,90.20282893039047
2024-08-13 00:00:00+00:00,76.83944686662892
2024-08-14 00:00:00+00:00,83.52113789850969
2024-08-15 00:00:00+00:00,83.52113789850969
2024-08-16 00:00:00+00:00,76.83944686662892
2024-08-17 00:00:00+00:00,66.81691031880776
2024-08-18 00:00:00+00:00,66.81691031880776
2024-08-19 00:00:00+00:00,76.83944686662892
2024-08-20 00:00:00+00:00,76.83944686662892
2024-08-21 00:00:00+00:00,73.49860135068853
2024-08-22 00:00:00+00:00,73.49860135068853
2024-08-23 00:00:00+00:00,80.1802923825693
2024-08-24 00:00:00+00:00,80.1802923825693
2024-08-25 00:00:00+00:00,70.15775583474814
2024-08-26 00:00:00+00:00,76.83944686662892
2024-08-27 00:00:00+00:00,76.83944686662892
2024-08-28 00:00:00+00:00,86.86198341445008
2024-08-29 00:00:00+00:00,76.83944686662892
2024-08-30 00:00:00+00:00,73.49860135068853
2024-08-31 00:00:00+00:00,63.47606480286736
2024-09-01 00:00:00+00:00,66.81691031880776
2024-09-02 00:00:00+00:00,73.49860135068853
2024-09-03 00:00:00+00:00,70.15775583474814
2024-09-04 00:00:00+00:00,80.1802923825693
2024-09-05 00:00:00+00:00,70.15775583474814
2024-09-06 00:00:00+00:00,90.20282893039047
2024-09-07 00:00:00+00:00,73.49860135068853
2024-09-08 00:00:00+00:00,66.81691031880776
2024-09-09 00:00:00+00:00,76.83944686662892
2024-09-10 00:00:00+00:00,70.15775583474814
2024-09-11 00:00:00+00:00,70.15775583474814
2024-09-12 00:00:00+00:00,70.15775583474814
2024-09-13 00:00:00+00:00,76.83944686662892
2024-09-14 00:00:00+00:00,70.15775583474814
2024-09-15 00:00:00+00:00,63.47606480286736
2024-09-16 00:00:00+00:00,70.15775583474814
2024-09-17 00:00:00+00:00,73.49860135068853
2024-09-18 00:00:00+00:00,73.49860135068853
2024-09-19 00:00:00+00:00,93.54367444633085
2024-09-20 00:00:00+00:00,86.86198341445008
2024-09-21 00:00:00+00:00,66.81691031880776
2024-09-22 00:00:00+00:00,63.47606480286736
2024-09-23 00:00:00+00:00,76.83944686662892
2024-09-24 00:00:00+00:00,70.15775583474814
2024-09-25 00:00:00+00:00,73.49860135068853
2024-09-26 00:00:00+00:00,83.52113789850969
2024-09-27 00:00:00+00:00,86.86198341445008
2024-09-28 00:00:00+00:00,70.15775583474814
2024-09-29 00:00:00+00:00,63.47606480286736
2024-09-30 00:00:00+00:00,73.49860135068853
2024-10-01 00:00:00+00:00,80.1802923825693
2024-10-02 00:00:00+00:00,80.1802923825693
2024-10-03 00:00:00+00:00,70.15775583474814
2024-10-04 00:00:00+00:00,70.15775583474814
2024-10-05 00:00:00+00:00,63.47606480286736
2024-10-06 00:00:00+00:00,56.79437377098659
2024-10-07 00:00:00+00:00,70.15775583474814
2024-10-08 00:00:00+00:00,66.81691031880776
2024-10-09 00:00:00+00:00,66.81691031880776
2024-10-10 00:00:00+00:00,66.81691031880776
2024-10-11 00:00:00+00:00,66.81691031880776
2024-10-12 00:00:00+00:00,53.4535282550462
2024-10-13 00:00:00+00:00,53.4535282550462
2024-10-14 00:00:00+00:00,73.49860135068853
2024-10-15 00:00:00+00:00,80.1802923825693
2024-10-16 00:00:00+00:00,80.1802923825693
2024-10-17 00:00:00+00:00,73.49860135068853
2024-10-18 00:00:00+00:00,80.1802923825693
2024-10-19 00:00:00+00:00,66.81691031880776
2024-10-20 00:00:00+00:00,66.81691031880776
2024-10-21 00:00:00+00:00,76.83944686662892
2024-10-22 00:00:00+00:00,66.81691031880776
2024-10-23 00:00:00+00:00,66.81691031880776
2024-10-24 00:00:00+00:00,66.81691031880776
2024-10-25 00:00:00+00:00,66.81691031880776
2024-10-26 00:00:00+00:00,56.79437377098659
2024-10-27 00:00:00+00:00,56.79437377098659
2024-10-28 00:00:00+00:00,86.86198341445008
2024-10-29 00:00:00+00:00,153.67889373325784
2024-10-30 00:00:00+00:00,113.58874754197318
2024-10-31 00:00:00+00:00,96.88451996227124
2024-11-01 00:00:00+00:00,86.86198341445008
2024-11-02 00:00:00+00:00,66.81691031880776
2024-11-03 00:00:00+00:00,76.83944686662892
2024-11-04 00:00:00+00:00,80.1802923825693
2024-11-05 00:00:00+00:00,90.20282893039047
2024-11-06 00:00:00+00:00,280.6310233389926
2024-11-07 00:00:00+00:00,167.04227579701939
2024-11-08 00:00:00+00:00,140.3155116694963
2024-11-09 00:00:00+00:00,113.58874754197318
2024-11-10 00:00:00+00:00,203.79157647236363
2024-11-11 00:00:00+00:00,307.3577874665157
2024-11-12 00:00:00+00:00,320.7211695302772
2024-11-13 00:00:00+00:00,293.9944054027541
2024-11-14 00:00:00+00:00,240.5408771477079
2024-11-15 00:00:00+00:00,187.0873488926617
2024-11-16 00:00:00+00:00,153.67889373325784
2024-11-17 00:00:00+00:00,136.9746661535559
2024-11-18 00:00:00+00:00,160.3605847651386
2024-11-19 00:00:00+00:00,160.3605847651386
2024-11-20 00:00:00+00:00,180.40565786078093
2024-11-21 00:00:00+00:00,300.67609643463487
2024-11-22 00:00:00+00:00,290.6535598868137
2024-11-23 00:00:00+00:00,193.76903992454248
2024-11-24 00:00:00+00:00,163.70143028107898
2024-11-25 00:00:00+00:00,183.7465033767213
2024-11-26 00:00:00+00:00,173.72396682890016
2024-11-27 00:00:00+00:00,153.67889373325784
2024-11-28 00:00:00+00:00,136.9746661535559
2024-11-29 00:00:00+00:00,140.3155116694963
2024-11-30 00:00:00+00:00,106.9070565100924
2024-12-01 00:00:00+00:00,113.58874754197318
2024-12-02 00:00:00+00:00,133.63382063761551
2024-12-03 00:00:00+00:00,130.2929751216751
2024-12-04 00:00:00+00:00,140.3155116694963
2024-12-05 00:00:00+00:00,334.08455159403877
2024-12-06 00:00:00+00:00,197.10988544048286
2024-12-07 00:00:00+00:00,130.2929751216751
2024-12-08 00:00:00+00:00,123.61128408979434
2024-12-09 00:00:00+00:00,150.33804821731744
2024-12-10 00:00:00+00:00,157.0197392491982
2024-12-11 00:00:00+00:00,143.65635718543666
2024-12-12 00:00:00+00:00,130.2929751216751
2024-12-13 00:00:00+00:00,116.92959305791356
2024-12-14 00:00:00+00:00,106.9070565100924
2024-12-15 00:00:00+00:00,120.27043857385395
2024-12-16 00:00:00+00:00,187.0873488926617
2024-12-17 00:00:00+00:00,163.70143028107898
2024-12-18 00:00:00+00:00,153.67889373325784
2024-12-19 00:00:00+00:00,173.72396682890016
2024-12-20 00:00:00+00:00,193.76903992454248
2024-12-21 00:00:00+00:00,123.61128408979434
2024-12-22 00:00:00+00:00,116.92959305791356
2024-12-23 00:00:00+00:00,136.9746661535559
2024-12-24 00:00:00+00:00,136.9746661535559
2024-12-25 00:00:00+00:00,123.61128408979434
2024-12-26 00:00:00+00:00,120.27043857385395
2024-12-27 00:00:00+00:00,116.92959305791356
2024-12-28 00:00:00+00:00,93.54367444633085
2024-12-29 00:00:00+00:00,93.54367444633085
2024-12-30 00:00:00+00:00,126.95212960573473
2024-12-31 00:00:00+00:00,106.9070565100924
2025-01-01 00:00:00+00:00,103.56621099415202
2025-01-02 00:00:00+00:00,113.58874754197318
2025-01-03 00:00:00+00:00,110.24790202603279
2025-01-04 00:00:00+00:00,93.54367444633085
2025-01-05 00:00:00+00:00,93.54367444633085
2025-01-06 00:00:00+00:00,123.61128408979434
2025-01-07 00:00:00+00:00,133.63382063761551
2025-01-08 00:00:00+00:00,123.61128408979434
2025-01-09 00:00:00+00:00,120.27043857385395
2025-01-10 00:00:00+00:00,116.92959305791356
2025-01-11 00:00:00+00:00,90.20282893039047
2025-01-12 00:00:00+00:00,83.52113789850969
2025-01-13 00:00:00+00:00,123.61128408979434
2025-01-14 00:00:00+00:00,113.58874754197318
2025-01-15 00:00:00+00:00,123.61128408979434
2025-01-16 00:00:00+00:00,113.58874754197318
2025-01-17 00:00:00+00:00,143.65635718543666
2025-01-18 00:00:00+00:00,116.92959305791356
2025-01-19 00:00:00+00:00,133.63382063761551
2025-01-20 00:00:00+00:00,210.4732675042444
2025-01-21 00:00:00+00:00,157.0197392491982
2025-01-22 00:00:00+00:00,120.27043857385395
2025-01-23 00:00:00+00:00,130.2929751216751
2025-01-24 00:00:00+00:00,126.95212960573473
2025-01-25 00:00:00+00:00,96.88451996227124
2025-01-26 00:00:00+00:00,86.86198341445008
2025-01-27 00:00:00+00:00,150.33804821731744
2025-01-28 00:00:00+00:00,113.58874754197318
2025-01-29 00:00:00+00:00,103.56621099415202
2025-01-30 00:00:00+00:00,103.56621099415202
2025-01-31 00:00:00+00:00,100.22536547821163
2025-02-01 00:00:00+00:00,90.20282893039047
2025-02-02 00:00:00+00:00,123.61128408979434
2025-02-03 00:00:00+00:00,190.42819440860208
2025-02-04 00:00:00+00:00,123.61128408979434
2025-02-05 00:00:00+00:00,106.9070565100924
2025-02-06 00:00:00+00:00,106.9070565100924
2025-02-07 00:00:00+00:00,100.22536547821163
2025-02-08 00:00:00+00:00,86.86198341445008
2025-02-09 00:00:00+00:00,86.86198341445008
2025-02-10 00:00:00+00:00,83.52113789850969
2025-02-11 00:00:00+00:00,86.86198341445008
2025-02-12 00:00:00+00:00,86.86198341445008
2025-02-13 00:00:00+00:00,80.1802923825693
2025-02-14 00:00:00+00:00,83.52113789850969
2025-02-15 00:00:00+00:00,66.81691031880776
2025-02-16 00:00:00+00:00,66.81691031880776
2025-02-17 00:00:00+00:00,76.83944686662892
2025-02-18 00:00:00+00:00,83.52113789850969
2025-02-19 00:00:00+00:00,80.1802923825693
2025-02-20 00:00:00+00:00,76.83944686662892
2025-02-21 00:00:00+00:00,86.86198341445008
2025-02-22 00:00:00+00:00,66.81691031880776
2025-02-23 00:00:00+00:00,66.81691031880776
2025-02-24 00:00:00+00:00,83.52113789850969
2025-02-25 00:00:00+00:00,163.70143028107898
2025-02-26 00:00:00+00:00,140.3155116694963
2025-02-27 00:00:00+00:00,133.63382063761551
2025-02-28 00:00:00+00:00,193.76903992454248
2025-03-01 00:00:00+00:00,103.56621099415202
2025-03-02 00:00:00+00:00,157.0197392491982
2025-03-03 00:00:00+00:00,167.04227579701939
2025-03-04 00:00:00+00:00,146.99720270137706
2025-03-05 00:00:00+00:00,120.27043857385395
2025-03-06 00:00:00+00:00,113.58874754197318
2025-03-07 00:00:00+00:00,146.99720270137706
2025-03-08 00:00:00+00:00,96.88451996227124
2025-03-09 00:00:00+00:00,106.9070565100924
2025-03-10 00:00:00+00:00,167.04227579701939
2025-03-11 00:00:00+00:00,146.99720270137706
2025-03-12 00:00:00+00:00,113.58874754197318
2025-03-13 00:00:00+00:00,106.9070565100924
2025-03-14 00:00:00+00:00,103.56621099415202
2025-03-15 00:00:00+00:00,83.52113789850969
2025-03-16 00:00:00+00:00,83.52113789850969
2025-03-17 00:00:00+00:00,93.54367444633085
2025-03-18 00:00:00+00:00,93.54367444633085
2025-03-19 00:00:00+00:00,96.88451996227124
2025-03-20 00:00:00+00:00,86.86198341445008
2025-03-21 00:00:00+00:00,76.83944686662892
2025-03-22 00:00:00+00:00,66.81691031880776
2025-03-23 00:00:00+00:00,70.15775583474814
2025-03-24 00:00:00+00:00,96.88451996227124
2025-03-25 00:00:00+00:00,83.52113789850969
2025-03-26 00:00:00+00:00,80.1802923825693
2025-03-27 00:00:00+00:00,76.83944686662892
2025-03-28 00:00:00+00:00,83.52113789850969
2025-03-29 00:00:00+00:00,70.15775583474814
2025-03-30 00:00:00+00:00,70.15775583474814
2025-03-31 00:00:00+00:00,80.1802923825693
2025-04-01 00:00:00+00:00,76.83944686662892
2025-04-02 00:00:00+00:00,86.86198341445008
2025-04-03 00:00:00+00:00,106.9070565100924
2025-04-04 00:00:00+00:00,103.56621099415202
2025-04-05 00:00:00+00:00,83.52113789850969
2025-04-06 00:00:00+00:00,110.24790202603279
2025-04-07 00:00:00+00:00,180.40565786078093
2025-04-08 00:00:00+00:00,120.27043857385395
2025-04-09 00:00:00+00:00,136.9746661535559
2025-04-10 00:00:00+00:00,103.56621099415202
2025-04-11 00:00:00+00:00,96.88451996227124
2025-04-12 00:00:00+00:00,86.86198341445008
2025-04-13 00:00:00+00:00,83.52113789850969
2025-04-14 00:00:00+00:00,83.52113789850969
2025-04-15 00:00:00+00:00,80.1802923825693
2025-04-16 00:00:00+00:00,80.1802923825693
2025-04-17 00:00:00+00:00,76.83944686662892
2025-04-18 00:00:00+00:00,66.81691031880776
2025-04-19 00:00:00+00:00,63.47606480286736
2025-04-20 00:00:00+00:00,63.47606480286736
2025-04-21 00:00:00+00:00,90.20282893039047
2025-04-22 00:00:00+00:00,116.92959305791356
2025-04-23 00:00:00+00:00,126.95212960573473
2025-04-24 00:00:00+00:00,90.20282893039047
2025-04-25 00:00:00+00:00,86.86198341445008
2025-04-26 00:00:00+00:00,73.49860135068853
2025-04-27 00:00:00+00:00,66.81691031880776
2025-04-28 00:00:00+00:00,86.86198341445008
2025-04-29 00:00:00+00:00,76.83944686662892
2025-04-30 00:00:00+00:00,76.83944686662892
2025-05-01 00:00:00+00:00,83.52113789850969
2025-05-02 00:00:00+00:00,86.86198341445008
2025-05-03 00:00:00+00:00,66.81691031880776
2025-05-04 00:00:00+00:00,66.81691031880776
2025-05-05 00:00:00+00:00,77.5938313379703
2025-05-06 00:00:00+00:00,73.28306293030529
2025-05-07 00:00:00+00:00,81.90459974563532
2025-05-08 00:00:00+00:00,142.25535745294556
2025-05-09 00:00:00+00:00,129.3230522299505
2025-05-10 00:00:00+00:00,94.83690496863036
2025-05-11 00:00:00+00:00,96.99228917246288
2025-05-12 00:00:00+00:00,116.39074700695545
2025-05-13 00:00:00+00:00,101.3030575801279
2025-05-14 00:00:00+00:00,88.37075235713284
2025-05-15 00:00:00+00:00,84.05998394946782
2025-05-16 00:00:00+00:00,81.90459974563532
2025-05-17 00:00:00+00:00,68.97229452264027
2025-05-18 00:00:00+00:00,81.90459974563532
2025-05-19 00:00:00+00:00,101.3030575801279
2025-05-20 00:00:00+00:00,96.99228917246288
2025-05-21 00:00:00+00:00,146.56612586061058
2025-05-22 00:00:00+00:00,176.7415047142657
2025-05-23 00:00:00+00:00,122.85689961845299
2025-05-24 00:00:00+00:00,90.52613656096536
2025-05-25 00:00:00+00:00,77.5938313379703
2025-05-26 00:00:00+00:00,92.68152076479787
2025-05-27 00:00:00+00:00,99.14767337629539
2025-05-28 00:00:00+00:00,96.99228917246288
2025-05-29 00:00:00+00:00,90.52613656096536
2025-05-30 00:00:00+00:00,88.37075235713284
2025-05-31 00:00:00+00:00,75.43844713413779
2025-06-01 00:00:00+00:00,73.28306293030529
2025-06-02 00:00:00+00:00,81.90459974563532
2025-06-03 00:00:00+00:00,81.90459974563532
2025-06-04 00:00:00+00:00,75.43844713413779
2025-06-05 00:00:00+00:00,84.05998394946782
2025-06-06 00:00:00+00:00,86.21536815330033
2025-06-07 00:00:00+00:00,71.12767872647278
2025-06-08 00:00:00+00:00,68.97229452264027
2025-06-09 00:00:00+00:00,92.68152076479787
2025-06-10 00:00:00+00:00,94.83690496863036
2025-06-11 00:00:00+00:00,86.21536815330033
2025-06-12 00:00:00+00:00,77.5938313379703
2025-06-13 00:00:00+00:00,96.99228917246288
2025-06-14 00:00:00+00:00,73.28306293030529
2025-06-15 00:00:00+00:00,73.28306293030529
2025-06-16 00:00:00+00:00,84.05998394946782
2025-06-17 00:00:00+00:00,81.90459974563532
2025-06-18 00:00:00+00:00,75.43844713413779
2025-06-19 00:00:00+00:00,71.12767872647278
2025-06-20 00:00:00+00:00,75.43844713413779
2025-06-21 00:00:00+00:00,68.97229452264027
2025-06-22 00:00:00+00:00,112.07997859929044
2025-06-23 00:00:00+00:00,103.45844178396041
2025-06-24 00:00:00+00:00,88.37075235713284
2025-06-25 00:00:00+00:00,84.05998394946782
2025-06-26 00:00:00+00:00,79.74921554180281
2025-06-27 00:00:00+00:00,73.28306293030529
2025-06-28 00:00:00+00:00,64.66152611497525
2025-06-29 00:00:00+00:00,68.97229452264027
2025-06-30 00:00:00+00:00,77.5938313379703
2025-07-01 00:00:00+00:00,71.12767872647278
2025-07-02 00:00:00+00:00,81.90459974563532
2025-07-03 00:00:00+00:00,86.21536815330033
2025-07-04 00:00:00+00:00,81.90459974563532
2025-07-05 00:00:00+00:00,68.97229452264027
2025-07-06 00:00:00+00:00,71.12767872647278
2025-07-07 00:00:00+00:00,79.74921554180281
2025-07-08 00:00:00+00:00,73.28306293030529
2025-07-09 00:00:00+00:00,96.99228917246288
2025-07-10 00:00:00+00:00,153.0322784721081
2025-07-11 00:00:00+00:00,178.8968889180982
2025-07-12 00:00:00+00:00,105.61382598779291
2025-07-13 00:00:00+00:00,109.92459439545793
2025-07-14 00:00:00+00:00,176.7415047142657
2025-07-15 00:00:00+00:00,131.478436433783
2025-07-16 00:00:00+00:00,122.85689961845299
2025-07-17 00:00:00+00:00,125.01228382228548
2025-07-18 00:00:00+00:00,122.85689961845299
2025-07-19 00:00:00+00:00,99.14767337629539
2025-07-20 00:00:00+00:00,99.14767337629539
2025-07-21 00:00:00+00:00,114.23536280312294
2025-07-22 00:00:00+00:00,105.61382598779291
2025-07-23 00:00:00+00:00,94.83690496863036
2025-07-24 00:00:00+00:00,92.68152076479787
2025-07-25 00:00:00+00:00,96.99228917246288
2025-07-26 00:00:00+00:00,77.5938313379703
2025-07-27 00:00:00+00:00,77.5938313379703
2025-07-28 00:00:00+00:00,88.37075235713284
2025-07-29 00:00:00+00:00,88.37075235713284
2025-07-30 00:00:00+00:00,92.68152076479787
2025-07-31 00:00:00+00:00,88.37075235713284
2025-08-01 00:00:00+00:00,107.76921019162542
2025-08-02 00:00:00+00:00,116.39074700695545
2025-08-03 00:00:00+00:00,118.54613121078796
2025-08-04 00:00:00+00:00,114.23536280312294
2025-08-05 00:00:00+00:00,107.76921019162542
2025-08-06 00:00:00+00:00,107.76921019162542
2025-08-07 00:00:00+00:00,120.70151541462047
2025-08-08 00:00:00+00:00,112.07997859929044
2025-08-09 00:00:00+00:00,129.3230522299505
2025-08-10 00:00:00+00:00,133.63382063761551
2025-08-11 00:00:00+00:00,172.43073630660066
2025-08-12 00:00:00+00:00,168.11996789893564
2025-08-13 00:00:00+00:00,196.13996254875826
2025-08-14 00:00:00+00:00,211.22765197558581
2025-08-15 00:00:00+00:00,196.13996254875826
2025-08-16 00:00:00+00:00,198.29534675259077
2025-08-17 00:00:00+00:00,183.20765732576322
2025-08-18 00:00:00+00:00,185.36304152959573
2025-08-19 00:00:00+00:00,215.53842038325084
