symbol,longAccount,longShortRatio,shortAccount,timestamp
BTCUSDT,0.5294,1.1249,0.4706,2025-07-28 19:00:00+00:00
BTCUSDT,0.5267,1.1128,0.4733,2025-07-28 20:00:00+00:00
BTCUSDT,0.5277,1.1173,0.4723,2025-07-28 21:00:00+00:00
BTCUSDT,0.5407,1.1772,0.4593,2025-07-28 22:00:00+00:00
BTCUSDT,0.5424,1.1853,0.4576,2025-07-28 23:00:00+00:00
BTCUSDT,0.5434,1.1901,0.4566,2025-07-29 00:00:00+00:00
BTCUSDT,0.5455,1.2002,0.4545,2025-07-29 01:00:00+00:00
BTCUSDT,0.5447,1.1964,0.4553,2025-07-29 02:00:00+00:00
BTCUSDT,0.5349,1.1501,0.4651,2025-07-29 03:00:00+00:00
BTCUSDT,0.5242,1.1017,0.4758,2025-07-29 04:00:00+00:00
BTCUSDT,0.5259,1.1093,0.4741,2025-07-29 05:00:00+00:00
BTCUSDT,0.5258,1.1088,0.4742,2025-07-29 06:00:00+00:00
BTCUSDT,0.5213,1.089,0.4787,2025-07-29 07:00:00+00:00
BTCUSDT,0.5167,1.0691,0.4833,2025-07-29 08:00:00+00:00
BTCUSDT,0.5122,1.05,0.4878,2025-07-29 09:00:00+00:00
BTCUSDT,0.5103,1.0421,0.4897,2025-07-29 10:00:00+00:00
BTCUSDT,0.5117,1.0479,0.4883,2025-07-29 11:00:00+00:00
BTCUSDT,0.5162,1.067,0.4838,2025-07-29 12:00:00+00:00
BTCUSDT,0.5076,1.0309,0.4924,2025-07-29 13:00:00+00:00
BTCUSDT,0.5066,1.0268,0.4934,2025-07-29 14:00:00+00:00
BTCUSDT,0.5204,1.0851,0.4796,2025-07-29 15:00:00+00:00
BTCUSDT,0.5231,1.0969,0.4769,2025-07-29 16:00:00+00:00
BTCUSDT,0.5272,1.1151,0.4728,2025-07-29 17:00:00+00:00
BTCUSDT,0.527,1.1142,0.473,2025-07-29 18:00:00+00:00
BTCUSDT,0.5285,1.1209,0.4715,2025-07-29 19:00:00+00:00
BTCUSDT,0.529,1.1231,0.471,2025-07-29 20:00:00+00:00
BTCUSDT,0.5308,1.1313,0.4692,2025-07-29 21:00:00+00:00
BTCUSDT,0.5324,1.1386,0.4676,2025-07-29 22:00:00+00:00
BTCUSDT,0.5335,1.1436,0.4665,2025-07-29 23:00:00+00:00
BTCUSDT,0.5329,1.1409,0.4671,2025-07-30 00:00:00+00:00
BTCUSDT,0.5305,1.1299,0.4695,2025-07-30 01:00:00+00:00
BTCUSDT,0.5303,1.129,0.4697,2025-07-30 02:00:00+00:00
BTCUSDT,0.5288,1.1222,0.4712,2025-07-30 03:00:00+00:00
BTCUSDT,0.527,1.1142,0.473,2025-07-30 04:00:00+00:00
BTCUSDT,0.5245,1.103,0.4755,2025-07-30 05:00:00+00:00
BTCUSDT,0.5236,1.0991,0.4764,2025-07-30 06:00:00+00:00
BTCUSDT,0.5198,1.0825,0.4802,2025-07-30 07:00:00+00:00
BTCUSDT,0.5175,1.0725,0.4825,2025-07-30 08:00:00+00:00
BTCUSDT,0.5142,1.0585,0.4858,2025-07-30 09:00:00+00:00
BTCUSDT,0.5115,1.0471,0.4885,2025-07-30 10:00:00+00:00
BTCUSDT,0.5082,1.0333,0.4918,2025-07-30 11:00:00+00:00
BTCUSDT,0.5151,1.0623,0.4849,2025-07-30 12:00:00+00:00
BTCUSDT,0.518,1.0747,0.482,2025-07-30 13:00:00+00:00
BTCUSDT,0.5182,1.0756,0.4818,2025-07-30 14:00:00+00:00
BTCUSDT,0.5034,1.0137,0.4966,2025-07-30 15:00:00+00:00
BTCUSDT,0.5101,1.0412,0.4899,2025-07-30 16:00:00+00:00
BTCUSDT,0.5164,1.0678,0.4836,2025-07-30 17:00:00+00:00
BTCUSDT,0.5159,1.0657,0.4841,2025-07-30 18:00:00+00:00
BTCUSDT,0.5323,1.1381,0.4677,2025-07-30 19:00:00+00:00
BTCUSDT,0.5447,1.1964,0.4553,2025-07-30 20:00:00+00:00
BTCUSDT,0.5414,1.1805,0.4586,2025-07-30 21:00:00+00:00
BTCUSDT,0.542,1.1834,0.458,2025-07-30 22:00:00+00:00
BTCUSDT,0.5411,1.1791,0.4589,2025-07-30 23:00:00+00:00
BTCUSDT,0.5394,1.1711,0.4606,2025-07-31 00:00:00+00:00
BTCUSDT,0.5426,1.1863,0.4574,2025-07-31 01:00:00+00:00
BTCUSDT,0.5335,1.1436,0.4665,2025-07-31 02:00:00+00:00
BTCUSDT,0.5325,1.139,0.4675,2025-07-31 03:00:00+00:00
BTCUSDT,0.5279,1.1182,0.4721,2025-07-31 04:00:00+00:00
BTCUSDT,0.5238,1.1,0.4762,2025-07-31 05:00:00+00:00
BTCUSDT,0.5216,1.0903,0.4784,2025-07-31 06:00:00+00:00
BTCUSDT,0.5193,1.0803,0.4807,2025-07-31 07:00:00+00:00
BTCUSDT,0.5119,1.0488,0.4881,2025-07-31 08:00:00+00:00
BTCUSDT,0.511,1.045,0.489,2025-07-31 09:00:00+00:00
BTCUSDT,0.51,1.0408,0.49,2025-07-31 10:00:00+00:00
BTCUSDT,0.508,1.0325,0.492,2025-07-31 11:00:00+00:00
BTCUSDT,0.5067,1.0272,0.4933,2025-07-31 12:00:00+00:00
BTCUSDT,0.5065,1.0263,0.4935,2025-07-31 13:00:00+00:00
BTCUSDT,0.507,1.0284,0.493,2025-07-31 14:00:00+00:00
BTCUSDT,0.5131,1.0538,0.4869,2025-07-31 15:00:00+00:00
BTCUSDT,0.515,1.0619,0.485,2025-07-31 16:00:00+00:00
BTCUSDT,0.508,1.0325,0.492,2025-07-31 17:00:00+00:00
BTCUSDT,0.5189,1.0786,0.4811,2025-07-31 18:00:00+00:00
BTCUSDT,0.5271,1.1146,0.4729,2025-07-31 19:00:00+00:00
BTCUSDT,0.5431,1.1887,0.4569,2025-07-31 20:00:00+00:00
BTCUSDT,0.5388,1.1683,0.4612,2025-07-31 21:00:00+00:00
BTCUSDT,0.5462,1.2036,0.4538,2025-07-31 22:00:00+00:00
BTCUSDT,0.5553,1.2487,0.4447,2025-07-31 23:00:00+00:00
BTCUSDT,0.5595,1.2701,0.4405,2025-08-01 00:00:00+00:00
BTCUSDT,0.5681,1.3154,0.4319,2025-08-01 01:00:00+00:00
BTCUSDT,0.5781,1.3702,0.4219,2025-08-01 02:00:00+00:00
BTCUSDT,0.5687,1.3186,0.4313,2025-08-01 03:00:00+00:00
BTCUSDT,0.5688,1.3191,0.4312,2025-08-01 04:00:00+00:00
BTCUSDT,0.5708,1.3299,0.4292,2025-08-01 05:00:00+00:00
BTCUSDT,0.5707,1.3294,0.4293,2025-08-01 06:00:00+00:00
BTCUSDT,0.5715,1.3337,0.4285,2025-08-01 07:00:00+00:00
BTCUSDT,0.5748,1.3518,0.4252,2025-08-01 08:00:00+00:00
BTCUSDT,0.5823,1.3941,0.4177,2025-08-01 09:00:00+00:00
BTCUSDT,0.5835,1.401,0.4165,2025-08-01 10:00:00+00:00
BTCUSDT,0.5854,1.412,0.4146,2025-08-01 11:00:00+00:00
BTCUSDT,0.5853,1.4114,0.4147,2025-08-01 12:00:00+00:00
BTCUSDT,0.5808,1.3855,0.4192,2025-08-01 13:00:00+00:00
BTCUSDT,0.5842,1.405,0.4158,2025-08-01 14:00:00+00:00
BTCUSDT,0.5823,1.3941,0.4177,2025-08-01 15:00:00+00:00
BTCUSDT,0.5743,1.3491,0.4257,2025-08-01 16:00:00+00:00
BTCUSDT,0.5713,1.3326,0.4287,2025-08-01 17:00:00+00:00
BTCUSDT,0.5778,1.3685,0.4222,2025-08-01 18:00:00+00:00
BTCUSDT,0.5886,1.4307,0.4114,2025-08-01 19:00:00+00:00
BTCUSDT,0.5982,1.4888,0.4018,2025-08-01 20:00:00+00:00
BTCUSDT,0.5996,1.4975,0.4004,2025-08-01 21:00:00+00:00
BTCUSDT,0.6005,1.5031,0.3995,2025-08-01 22:00:00+00:00
BTCUSDT,0.6028,1.5176,0.3972,2025-08-01 23:00:00+00:00
BTCUSDT,0.6062,1.5394,0.3938,2025-08-02 00:00:00+00:00
BTCUSDT,0.6072,1.5458,0.3928,2025-08-02 01:00:00+00:00
BTCUSDT,0.6076,1.5484,0.3924,2025-08-02 02:00:00+00:00
BTCUSDT,0.5995,1.4969,0.4005,2025-08-02 03:00:00+00:00
BTCUSDT,0.5984,1.49,0.4016,2025-08-02 04:00:00+00:00
BTCUSDT,0.598,1.4876,0.402,2025-08-02 05:00:00+00:00
BTCUSDT,0.5951,1.4697,0.4049,2025-08-02 06:00:00+00:00
BTCUSDT,0.5916,1.4486,0.4084,2025-08-02 07:00:00+00:00
BTCUSDT,0.5921,1.4516,0.4079,2025-08-02 08:00:00+00:00
BTCUSDT,0.5904,1.4414,0.4096,2025-08-02 09:00:00+00:00
BTCUSDT,0.5927,1.4552,0.4073,2025-08-02 10:00:00+00:00
BTCUSDT,0.593,1.457,0.407,2025-08-02 11:00:00+00:00
BTCUSDT,0.5914,1.4474,0.4086,2025-08-02 12:00:00+00:00
BTCUSDT,0.5928,1.4558,0.4072,2025-08-02 13:00:00+00:00
BTCUSDT,0.597,1.4814,0.403,2025-08-02 14:00:00+00:00
BTCUSDT,0.5978,1.4863,0.4022,2025-08-02 15:00:00+00:00
BTCUSDT,0.597,1.4814,0.403,2025-08-02 16:00:00+00:00
BTCUSDT,0.5969,1.4808,0.4031,2025-08-02 17:00:00+00:00
BTCUSDT,0.595,1.4691,0.405,2025-08-02 18:00:00+00:00
BTCUSDT,0.6022,1.5138,0.3978,2025-08-02 19:00:00+00:00
BTCUSDT,0.6017,1.5107,0.3983,2025-08-02 20:00:00+00:00
BTCUSDT,0.6043,1.5272,0.3957,2025-08-02 21:00:00+00:00
BTCUSDT,0.6041,1.5259,0.3959,2025-08-02 22:00:00+00:00
BTCUSDT,0.6042,1.5265,0.3958,2025-08-02 23:00:00+00:00
BTCUSDT,0.6072,1.5458,0.3928,2025-08-03 00:00:00+00:00
BTCUSDT,0.6086,1.5549,0.3914,2025-08-03 01:00:00+00:00
BTCUSDT,0.6046,1.5291,0.3954,2025-08-03 02:00:00+00:00
BTCUSDT,0.6045,1.5284,0.3955,2025-08-03 03:00:00+00:00
BTCUSDT,0.6011,1.5069,0.3989,2025-08-03 04:00:00+00:00
BTCUSDT,0.5981,1.4882,0.4019,2025-08-03 05:00:00+00:00
BTCUSDT,0.598,1.4876,0.402,2025-08-03 06:00:00+00:00
BTCUSDT,0.5979,1.4869,0.4021,2025-08-03 07:00:00+00:00
BTCUSDT,0.5977,1.4857,0.4023,2025-08-03 08:00:00+00:00
BTCUSDT,0.5973,1.4832,0.4027,2025-08-03 09:00:00+00:00
BTCUSDT,0.5965,1.4783,0.4035,2025-08-03 10:00:00+00:00
BTCUSDT,0.5968,1.4802,0.4032,2025-08-03 11:00:00+00:00
BTCUSDT,0.598,1.4876,0.402,2025-08-03 12:00:00+00:00
BTCUSDT,0.5973,1.4832,0.4027,2025-08-03 13:00:00+00:00
BTCUSDT,0.5956,1.4728,0.4044,2025-08-03 14:00:00+00:00
BTCUSDT,0.5934,1.4594,0.4066,2025-08-03 15:00:00+00:00
BTCUSDT,0.5925,1.454,0.4075,2025-08-03 16:00:00+00:00
BTCUSDT,0.5936,1.4606,0.4064,2025-08-03 17:00:00+00:00
BTCUSDT,0.5923,1.4528,0.4077,2025-08-03 18:00:00+00:00
BTCUSDT,0.5926,1.4546,0.4074,2025-08-03 19:00:00+00:00
BTCUSDT,0.6043,1.5272,0.3957,2025-08-03 20:00:00+00:00
BTCUSDT,0.6044,1.5278,0.3956,2025-08-03 21:00:00+00:00
BTCUSDT,0.6031,1.5195,0.3969,2025-08-03 22:00:00+00:00
BTCUSDT,0.5906,1.4426,0.4094,2025-08-03 23:00:00+00:00
BTCUSDT,0.5908,1.4438,0.4092,2025-08-04 00:00:00+00:00
BTCUSDT,0.5894,1.4355,0.4106,2025-08-04 01:00:00+00:00
BTCUSDT,0.5856,1.4131,0.4144,2025-08-04 02:00:00+00:00
BTCUSDT,0.5994,1.4963,0.4006,2025-08-04 03:00:00+00:00
BTCUSDT,0.5985,1.4907,0.4015,2025-08-04 04:00:00+00:00
BTCUSDT,0.5975,1.4845,0.4025,2025-08-04 05:00:00+00:00
BTCUSDT,0.5986,1.4913,0.4014,2025-08-04 06:00:00+00:00
BTCUSDT,0.6009,1.5056,0.3991,2025-08-04 07:00:00+00:00
BTCUSDT,0.6,1.5,0.4,2025-08-04 08:00:00+00:00
BTCUSDT,0.5999,1.4994,0.4001,2025-08-04 09:00:00+00:00
BTCUSDT,0.5988,1.4925,0.4012,2025-08-04 10:00:00+00:00
BTCUSDT,0.5988,1.4925,0.4012,2025-08-04 11:00:00+00:00
BTCUSDT,0.5982,1.4888,0.4018,2025-08-04 12:00:00+00:00
BTCUSDT,0.6007,1.5044,0.3993,2025-08-04 13:00:00+00:00
BTCUSDT,0.5989,1.4931,0.4011,2025-08-04 14:00:00+00:00
BTCUSDT,0.5882,1.4284,0.4118,2025-08-04 15:00:00+00:00
BTCUSDT,0.5896,1.4366,0.4104,2025-08-04 16:00:00+00:00
BTCUSDT,0.598,1.4876,0.402,2025-08-04 17:00:00+00:00
BTCUSDT,0.5921,1.4516,0.4079,2025-08-04 18:00:00+00:00
BTCUSDT,0.5925,1.454,0.4075,2025-08-04 19:00:00+00:00
BTCUSDT,0.5922,1.4522,0.4078,2025-08-04 20:00:00+00:00
BTCUSDT,0.5904,1.4414,0.4096,2025-08-04 21:00:00+00:00
BTCUSDT,0.5911,1.4456,0.4089,2025-08-04 22:00:00+00:00
BTCUSDT,0.5963,1.4771,0.4037,2025-08-04 23:00:00+00:00
BTCUSDT,0.596,1.4752,0.404,2025-08-05 00:00:00+00:00
BTCUSDT,0.5969,1.4808,0.4031,2025-08-05 01:00:00+00:00
BTCUSDT,0.5979,1.4869,0.4021,2025-08-05 02:00:00+00:00
BTCUSDT,0.6095,1.5608,0.3905,2025-08-05 03:00:00+00:00
BTCUSDT,0.6099,1.5634,0.3901,2025-08-05 04:00:00+00:00
BTCUSDT,0.6112,1.572,0.3888,2025-08-05 05:00:00+00:00
BTCUSDT,0.6113,1.5727,0.3887,2025-08-05 06:00:00+00:00
BTCUSDT,0.6129,1.5833,0.3871,2025-08-05 07:00:00+00:00
BTCUSDT,0.5956,1.4728,0.4044,2025-08-05 08:00:00+00:00
BTCUSDT,0.5928,1.4558,0.4072,2025-08-05 09:00:00+00:00
BTCUSDT,0.5935,1.46,0.4065,2025-08-05 10:00:00+00:00
BTCUSDT,0.599,1.4938,0.401,2025-08-05 11:00:00+00:00
BTCUSDT,0.5994,1.4963,0.4006,2025-08-05 12:00:00+00:00
BTCUSDT,0.6105,1.5674,0.3895,2025-08-05 13:00:00+00:00
BTCUSDT,0.6096,1.5615,0.3904,2025-08-05 14:00:00+00:00
BTCUSDT,0.6224,1.6483,0.3776,2025-08-05 15:00:00+00:00
BTCUSDT,0.6252,1.6681,0.3748,2025-08-05 16:00:00+00:00
BTCUSDT,0.6252,1.6681,0.3748,2025-08-05 17:00:00+00:00
BTCUSDT,0.6205,1.635,0.3795,2025-08-05 18:00:00+00:00
BTCUSDT,0.6174,1.6137,0.3826,2025-08-05 19:00:00+00:00
BTCUSDT,0.6141,1.5913,0.3859,2025-08-05 20:00:00+00:00
BTCUSDT,0.6118,1.576,0.3882,2025-08-05 21:00:00+00:00
BTCUSDT,0.611,1.5707,0.389,2025-08-05 22:00:00+00:00
BTCUSDT,0.609,1.5575,0.391,2025-08-05 23:00:00+00:00
BTCUSDT,0.6083,1.553,0.3917,2025-08-06 00:00:00+00:00
BTCUSDT,0.6034,1.5214,0.3966,2025-08-06 01:00:00+00:00
BTCUSDT,0.6032,1.5202,0.3968,2025-08-06 02:00:00+00:00
BTCUSDT,0.6035,1.5221,0.3965,2025-08-06 03:00:00+00:00
BTCUSDT,0.5982,1.4888,0.4018,2025-08-06 04:00:00+00:00
BTCUSDT,0.5982,1.4888,0.4018,2025-08-06 05:00:00+00:00
BTCUSDT,0.6059,1.5374,0.3941,2025-08-06 06:00:00+00:00
BTCUSDT,0.6067,1.5426,0.3933,2025-08-06 07:00:00+00:00
BTCUSDT,0.6044,1.5278,0.3956,2025-08-06 08:00:00+00:00
BTCUSDT,0.6064,1.5407,0.3936,2025-08-06 09:00:00+00:00
BTCUSDT,0.6054,1.5342,0.3946,2025-08-06 10:00:00+00:00
BTCUSDT,0.6047,1.5297,0.3953,2025-08-06 11:00:00+00:00
BTCUSDT,0.6013,1.5082,0.3987,2025-08-06 12:00:00+00:00
BTCUSDT,0.6013,1.5082,0.3987,2025-08-06 13:00:00+00:00
BTCUSDT,0.6026,1.5164,0.3974,2025-08-06 14:00:00+00:00
BTCUSDT,0.5881,1.4278,0.4119,2025-08-06 15:00:00+00:00
BTCUSDT,0.5757,1.3568,0.4243,2025-08-06 16:00:00+00:00
BTCUSDT,0.5735,1.3447,0.4265,2025-08-06 17:00:00+00:00
BTCUSDT,0.5698,1.3245,0.4302,2025-08-06 18:00:00+00:00
BTCUSDT,0.5695,1.3229,0.4305,2025-08-06 19:00:00+00:00
BTCUSDT,0.5681,1.3154,0.4319,2025-08-06 20:00:00+00:00
BTCUSDT,0.5672,1.3105,0.4328,2025-08-06 21:00:00+00:00
BTCUSDT,0.5679,1.3143,0.4321,2025-08-06 22:00:00+00:00
BTCUSDT,0.5682,1.3159,0.4318,2025-08-06 23:00:00+00:00
BTCUSDT,0.5671,1.31,0.4329,2025-08-07 00:00:00+00:00
BTCUSDT,0.5659,1.3036,0.4341,2025-08-07 01:00:00+00:00
BTCUSDT,0.57,1.3256,0.43,2025-08-07 02:00:00+00:00
BTCUSDT,0.5804,1.3832,0.4196,2025-08-07 03:00:00+00:00
BTCUSDT,0.5835,1.401,0.4165,2025-08-07 04:00:00+00:00
BTCUSDT,0.588,1.4272,0.412,2025-08-07 05:00:00+00:00
BTCUSDT,0.5927,1.4552,0.4073,2025-08-07 06:00:00+00:00
BTCUSDT,0.5945,1.4661,0.4055,2025-08-07 07:00:00+00:00
BTCUSDT,0.594,1.4631,0.406,2025-08-07 08:00:00+00:00
BTCUSDT,0.5878,1.426,0.4122,2025-08-07 09:00:00+00:00
BTCUSDT,0.5864,1.4178,0.4136,2025-08-07 10:00:00+00:00
BTCUSDT,0.5579,1.2619,0.4421,2025-08-07 11:00:00+00:00
BTCUSDT,0.5472,1.2085,0.4528,2025-08-07 12:00:00+00:00
BTCUSDT,0.5517,1.2306,0.4483,2025-08-07 13:00:00+00:00
BTCUSDT,0.549,1.2173,0.451,2025-08-07 14:00:00+00:00
BTCUSDT,0.5486,1.2153,0.4514,2025-08-07 15:00:00+00:00
BTCUSDT,0.5451,1.1983,0.4549,2025-08-07 16:00:00+00:00
BTCUSDT,0.5539,1.2416,0.4461,2025-08-07 17:00:00+00:00
BTCUSDT,0.5522,1.2331,0.4478,2025-08-07 18:00:00+00:00
BTCUSDT,0.5523,1.2336,0.4477,2025-08-07 19:00:00+00:00
BTCUSDT,0.542,1.1834,0.458,2025-08-07 20:00:00+00:00
BTCUSDT,0.5366,1.158,0.4634,2025-08-07 21:00:00+00:00
BTCUSDT,0.5367,1.1584,0.4633,2025-08-07 22:00:00+00:00
BTCUSDT,0.5361,1.1556,0.4639,2025-08-07 23:00:00+00:00
BTCUSDT,0.534,1.1459,0.466,2025-08-08 00:00:00+00:00
BTCUSDT,0.5144,1.0593,0.4856,2025-08-08 01:00:00+00:00
BTCUSDT,0.5203,1.0846,0.4797,2025-08-08 02:00:00+00:00
BTCUSDT,0.5433,1.1896,0.4567,2025-08-08 03:00:00+00:00
BTCUSDT,0.5464,1.2046,0.4536,2025-08-08 04:00:00+00:00
BTCUSDT,0.5487,1.2158,0.4513,2025-08-08 05:00:00+00:00
BTCUSDT,0.5475,1.2099,0.4525,2025-08-08 06:00:00+00:00
BTCUSDT,0.5525,1.2346,0.4475,2025-08-08 07:00:00+00:00
BTCUSDT,0.5541,1.2427,0.4459,2025-08-08 08:00:00+00:00
BTCUSDT,0.5556,1.2502,0.4444,2025-08-08 09:00:00+00:00
BTCUSDT,0.5563,1.2538,0.4437,2025-08-08 10:00:00+00:00
BTCUSDT,0.5564,1.2543,0.4436,2025-08-08 11:00:00+00:00
BTCUSDT,0.5553,1.2487,0.4447,2025-08-08 12:00:00+00:00
BTCUSDT,0.5536,1.2401,0.4464,2025-08-08 13:00:00+00:00
BTCUSDT,0.5539,1.2416,0.4461,2025-08-08 14:00:00+00:00
BTCUSDT,0.5575,1.2599,0.4425,2025-08-08 15:00:00+00:00
BTCUSDT,0.5643,1.2952,0.4357,2025-08-08 16:00:00+00:00
BTCUSDT,0.5658,1.3031,0.4342,2025-08-08 17:00:00+00:00
BTCUSDT,0.565,1.2989,0.435,2025-08-08 18:00:00+00:00
BTCUSDT,0.5632,1.2894,0.4368,2025-08-08 19:00:00+00:00
BTCUSDT,0.5667,1.3079,0.4333,2025-08-08 20:00:00+00:00
BTCUSDT,0.566,1.3041,0.434,2025-08-08 21:00:00+00:00
BTCUSDT,0.5659,1.3036,0.4341,2025-08-08 22:00:00+00:00
BTCUSDT,0.5642,1.2946,0.4358,2025-08-08 23:00:00+00:00
BTCUSDT,0.5625,1.2857,0.4375,2025-08-09 00:00:00+00:00
BTCUSDT,0.5588,1.2665,0.4412,2025-08-09 01:00:00+00:00
BTCUSDT,0.5573,1.2589,0.4427,2025-08-09 02:00:00+00:00
BTCUSDT,0.5558,1.2512,0.4442,2025-08-09 03:00:00+00:00
BTCUSDT,0.5584,1.2645,0.4416,2025-08-09 04:00:00+00:00
BTCUSDT,0.5604,1.2748,0.4396,2025-08-09 05:00:00+00:00
BTCUSDT,0.5617,1.2815,0.4383,2025-08-09 06:00:00+00:00
BTCUSDT,0.565,1.2989,0.435,2025-08-09 07:00:00+00:00
BTCUSDT,0.5638,1.2925,0.4362,2025-08-09 08:00:00+00:00
BTCUSDT,0.5749,1.3524,0.4251,2025-08-09 09:00:00+00:00
BTCUSDT,0.5709,1.3305,0.4291,2025-08-09 10:00:00+00:00
BTCUSDT,0.5668,1.3084,0.4332,2025-08-09 11:00:00+00:00
BTCUSDT,0.5686,1.318,0.4314,2025-08-09 12:00:00+00:00
BTCUSDT,0.5713,1.3326,0.4287,2025-08-09 13:00:00+00:00
BTCUSDT,0.5744,1.3496,0.4256,2025-08-09 14:00:00+00:00
BTCUSDT,0.579,1.3753,0.421,2025-08-09 15:00:00+00:00
BTCUSDT,0.5818,1.3912,0.4182,2025-08-09 16:00:00+00:00
BTCUSDT,0.5835,1.401,0.4165,2025-08-09 17:00:00+00:00
BTCUSDT,0.5849,1.4091,0.4151,2025-08-09 18:00:00+00:00
BTCUSDT,0.5859,1.4149,0.4141,2025-08-09 19:00:00+00:00
BTCUSDT,0.5879,1.4266,0.4121,2025-08-09 20:00:00+00:00
BTCUSDT,0.5879,1.4266,0.4121,2025-08-09 21:00:00+00:00
BTCUSDT,0.5902,1.4402,0.4098,2025-08-09 22:00:00+00:00
BTCUSDT,0.5903,1.4408,0.4097,2025-08-09 23:00:00+00:00
BTCUSDT,0.5908,1.4438,0.4092,2025-08-10 00:00:00+00:00
BTCUSDT,0.5926,1.4546,0.4074,2025-08-10 01:00:00+00:00
BTCUSDT,0.5913,1.4468,0.4087,2025-08-10 02:00:00+00:00
BTCUSDT,0.5882,1.4284,0.4118,2025-08-10 03:00:00+00:00
BTCUSDT,0.5599,1.2722,0.4401,2025-08-10 04:00:00+00:00
BTCUSDT,0.5541,1.2427,0.4459,2025-08-10 05:00:00+00:00
BTCUSDT,0.5576,1.2604,0.4424,2025-08-10 06:00:00+00:00
BTCUSDT,0.562,1.2831,0.438,2025-08-10 07:00:00+00:00
BTCUSDT,0.5641,1.2941,0.4359,2025-08-10 08:00:00+00:00
BTCUSDT,0.5623,1.2847,0.4377,2025-08-10 09:00:00+00:00
BTCUSDT,0.5573,1.2589,0.4427,2025-08-10 10:00:00+00:00
BTCUSDT,0.5559,1.2517,0.4441,2025-08-10 11:00:00+00:00
BTCUSDT,0.5532,1.2381,0.4468,2025-08-10 12:00:00+00:00
BTCUSDT,0.5491,1.2178,0.4509,2025-08-10 13:00:00+00:00
BTCUSDT,0.5458,1.2017,0.4542,2025-08-10 14:00:00+00:00
BTCUSDT,0.5409,1.1782,0.4591,2025-08-10 15:00:00+00:00
BTCUSDT,0.5388,1.1683,0.4612,2025-08-10 16:00:00+00:00
BTCUSDT,0.5379,1.164,0.4621,2025-08-10 17:00:00+00:00
BTCUSDT,0.5383,1.1659,0.4617,2025-08-10 18:00:00+00:00
BTCUSDT,0.5392,1.1701,0.4608,2025-08-10 19:00:00+00:00
BTCUSDT,0.5404,1.1758,0.4596,2025-08-10 20:00:00+00:00
BTCUSDT,0.5307,1.1308,0.4693,2025-08-10 21:00:00+00:00
BTCUSDT,0.5313,1.1336,0.4687,2025-08-10 22:00:00+00:00
BTCUSDT,0.5265,1.1119,0.4735,2025-08-10 23:00:00+00:00
BTCUSDT,0.5253,1.1066,0.4747,2025-08-11 00:00:00+00:00
BTCUSDT,0.521,1.0877,0.479,2025-08-11 01:00:00+00:00
BTCUSDT,0.5068,1.0276,0.4932,2025-08-11 02:00:00+00:00
BTCUSDT,0.5116,1.0475,0.4884,2025-08-11 03:00:00+00:00
BTCUSDT,0.5028,1.0113,0.4972,2025-08-11 04:00:00+00:00
BTCUSDT,0.4999,0.9996,0.5001,2025-08-11 05:00:00+00:00
BTCUSDT,0.4966,0.9865,0.5034,2025-08-11 06:00:00+00:00
BTCUSDT,0.4953,0.9814,0.5047,2025-08-11 07:00:00+00:00
BTCUSDT,0.4883,0.9543,0.5117,2025-08-11 08:00:00+00:00
BTCUSDT,0.4954,0.9818,0.5046,2025-08-11 09:00:00+00:00
BTCUSDT,0.4959,0.9837,0.5041,2025-08-11 10:00:00+00:00
BTCUSDT,0.4835,0.9361,0.5165,2025-08-11 11:00:00+00:00
BTCUSDT,0.492,0.9685,0.508,2025-08-11 12:00:00+00:00
BTCUSDT,0.5086,1.035,0.4914,2025-08-11 13:00:00+00:00
BTCUSDT,0.525,1.1053,0.475,2025-08-11 14:00:00+00:00
BTCUSDT,0.528,1.1186,0.472,2025-08-11 15:00:00+00:00
BTCUSDT,0.5266,1.1124,0.4734,2025-08-11 16:00:00+00:00
BTCUSDT,0.5253,1.1066,0.4747,2025-08-11 17:00:00+00:00
BTCUSDT,0.5267,1.1128,0.4733,2025-08-11 18:00:00+00:00
BTCUSDT,0.5275,1.1164,0.4725,2025-08-11 19:00:00+00:00
BTCUSDT,0.5317,1.1354,0.4683,2025-08-11 20:00:00+00:00
BTCUSDT,0.5368,1.1589,0.4632,2025-08-11 21:00:00+00:00
BTCUSDT,0.5418,1.1825,0.4582,2025-08-11 22:00:00+00:00
BTCUSDT,0.5454,1.1997,0.4546,2025-08-11 23:00:00+00:00
BTCUSDT,0.5496,1.2202,0.4504,2025-08-12 00:00:00+00:00
BTCUSDT,0.5526,1.2351,0.4474,2025-08-12 01:00:00+00:00
BTCUSDT,0.5555,1.2497,0.4445,2025-08-12 02:00:00+00:00
BTCUSDT,0.5459,1.2022,0.4541,2025-08-12 03:00:00+00:00
BTCUSDT,0.5448,1.1968,0.4552,2025-08-12 04:00:00+00:00
BTCUSDT,0.546,1.2026,0.454,2025-08-12 05:00:00+00:00
BTCUSDT,0.546,1.2026,0.454,2025-08-12 06:00:00+00:00
BTCUSDT,0.5458,1.2017,0.4542,2025-08-12 07:00:00+00:00
BTCUSDT,0.5453,1.1993,0.4547,2025-08-12 08:00:00+00:00
BTCUSDT,0.5443,1.1944,0.4557,2025-08-12 09:00:00+00:00
BTCUSDT,0.5538,1.2411,0.4462,2025-08-12 10:00:00+00:00
BTCUSDT,0.5556,1.2502,0.4444,2025-08-12 11:00:00+00:00
BTCUSDT,0.5576,1.2604,0.4424,2025-08-12 12:00:00+00:00
BTCUSDT,0.5574,1.2594,0.4426,2025-08-12 13:00:00+00:00
BTCUSDT,0.5596,1.2707,0.4404,2025-08-12 14:00:00+00:00
BTCUSDT,0.5565,1.2548,0.4435,2025-08-12 15:00:00+00:00
BTCUSDT,0.5508,1.2262,0.4492,2025-08-12 16:00:00+00:00
BTCUSDT,0.5449,1.1973,0.4551,2025-08-12 17:00:00+00:00
BTCUSDT,0.5467,1.206,0.4533,2025-08-12 18:00:00+00:00
BTCUSDT,0.5456,1.2007,0.4544,2025-08-12 19:00:00+00:00
BTCUSDT,0.5447,1.1964,0.4553,2025-08-12 20:00:00+00:00
BTCUSDT,0.5449,1.1973,0.4551,2025-08-12 21:00:00+00:00
BTCUSDT,0.5431,1.1887,0.4569,2025-08-12 22:00:00+00:00
BTCUSDT,0.5429,1.1877,0.4571,2025-08-12 23:00:00+00:00
BTCUSDT,0.5426,1.1863,0.4574,2025-08-13 00:00:00+00:00
BTCUSDT,0.5415,1.181,0.4585,2025-08-13 01:00:00+00:00
BTCUSDT,0.5439,1.1925,0.4561,2025-08-13 02:00:00+00:00
BTCUSDT,0.5676,1.3127,0.4324,2025-08-13 03:00:00+00:00
BTCUSDT,0.57,1.3256,0.43,2025-08-13 04:00:00+00:00
BTCUSDT,0.5715,1.3337,0.4285,2025-08-13 05:00:00+00:00
BTCUSDT,0.5732,1.343,0.4268,2025-08-13 06:00:00+00:00
BTCUSDT,0.5715,1.3337,0.4285,2025-08-13 07:00:00+00:00
BTCUSDT,0.5699,1.325,0.4301,2025-08-13 08:00:00+00:00
BTCUSDT,0.5663,1.3057,0.4337,2025-08-13 09:00:00+00:00
BTCUSDT,0.5631,1.2889,0.4369,2025-08-13 10:00:00+00:00
BTCUSDT,0.5573,1.2589,0.4427,2025-08-13 11:00:00+00:00
BTCUSDT,0.5512,1.2282,0.4488,2025-08-13 12:00:00+00:00
BTCUSDT,0.5452,1.1988,0.4548,2025-08-13 13:00:00+00:00
BTCUSDT,0.5252,1.1061,0.4748,2025-08-13 14:00:00+00:00
BTCUSDT,0.52,1.0833,0.48,2025-08-13 15:00:00+00:00
BTCUSDT,0.5203,1.0846,0.4797,2025-08-13 16:00:00+00:00
BTCUSDT,0.5155,1.064,0.4845,2025-08-13 17:00:00+00:00
BTCUSDT,0.5149,1.0614,0.4851,2025-08-13 18:00:00+00:00
BTCUSDT,0.5152,1.0627,0.4848,2025-08-13 19:00:00+00:00
BTCUSDT,0.5042,1.0169,0.4958,2025-08-13 20:00:00+00:00
BTCUSDT,0.4999,0.9996,0.5001,2025-08-13 21:00:00+00:00
BTCUSDT,0.4988,0.9952,0.5012,2025-08-13 22:00:00+00:00
BTCUSDT,0.496,0.9841,0.504,2025-08-13 23:00:00+00:00
BTCUSDT,0.4884,0.9547,0.5116,2025-08-14 00:00:00+00:00
BTCUSDT,0.4851,0.9421,0.5149,2025-08-14 01:00:00+00:00
BTCUSDT,0.4852,0.9425,0.5148,2025-08-14 02:00:00+00:00
BTCUSDT,0.4989,0.9956,0.5011,2025-08-14 03:00:00+00:00
BTCUSDT,0.4988,0.9952,0.5012,2025-08-14 04:00:00+00:00
BTCUSDT,0.4954,0.9818,0.5046,2025-08-14 05:00:00+00:00
BTCUSDT,0.5001,1.0004,0.4999,2025-08-14 06:00:00+00:00
BTCUSDT,0.5229,1.096,0.4771,2025-08-14 07:00:00+00:00
BTCUSDT,0.5257,1.1084,0.4743,2025-08-14 08:00:00+00:00
BTCUSDT,0.5262,1.1106,0.4738,2025-08-14 09:00:00+00:00
BTCUSDT,0.5311,1.1327,0.4689,2025-08-14 10:00:00+00:00
BTCUSDT,0.5289,1.1227,0.4711,2025-08-14 11:00:00+00:00
BTCUSDT,0.5386,1.1673,0.4614,2025-08-14 12:00:00+00:00
BTCUSDT,0.5587,1.266,0.4413,2025-08-14 13:00:00+00:00
BTCUSDT,0.5875,1.4242,0.4125,2025-08-14 14:00:00+00:00
BTCUSDT,0.591,1.445,0.409,2025-08-14 15:00:00+00:00
BTCUSDT,0.6015,1.5094,0.3985,2025-08-14 16:00:00+00:00
BTCUSDT,0.6085,1.5543,0.3915,2025-08-14 17:00:00+00:00
BTCUSDT,0.6101,1.5648,0.3899,2025-08-14 18:00:00+00:00
BTCUSDT,0.6127,1.582,0.3873,2025-08-14 19:00:00+00:00
BTCUSDT,0.6143,1.5927,0.3857,2025-08-14 20:00:00+00:00
BTCUSDT,0.6156,1.6015,0.3844,2025-08-14 21:00:00+00:00
BTCUSDT,0.6169,1.6103,0.3831,2025-08-14 22:00:00+00:00
BTCUSDT,0.6183,1.6199,0.3817,2025-08-14 23:00:00+00:00
BTCUSDT,0.6187,1.6226,0.3813,2025-08-15 00:00:00+00:00
BTCUSDT,0.6176,1.6151,0.3824,2025-08-15 01:00:00+00:00
BTCUSDT,0.6192,1.6261,0.3808,2025-08-15 02:00:00+00:00
BTCUSDT,0.5928,1.4558,0.4072,2025-08-15 03:00:00+00:00
BTCUSDT,0.5892,1.4343,0.4108,2025-08-15 04:00:00+00:00
BTCUSDT,0.5851,1.4102,0.4149,2025-08-15 05:00:00+00:00
BTCUSDT,0.581,1.3866,0.419,2025-08-15 06:00:00+00:00
BTCUSDT,0.5786,1.373,0.4214,2025-08-15 07:00:00+00:00
BTCUSDT,0.5776,1.3674,0.4224,2025-08-15 08:00:00+00:00
BTCUSDT,0.5755,1.3557,0.4245,2025-08-15 09:00:00+00:00
BTCUSDT,0.5709,1.3305,0.4291,2025-08-15 10:00:00+00:00
BTCUSDT,0.5696,1.3234,0.4304,2025-08-15 11:00:00+00:00
BTCUSDT,0.567,1.3095,0.433,2025-08-15 12:00:00+00:00
BTCUSDT,0.5673,1.3111,0.4327,2025-08-15 13:00:00+00:00
BTCUSDT,0.5693,1.3218,0.4307,2025-08-15 14:00:00+00:00
BTCUSDT,0.5741,1.348,0.4259,2025-08-15 15:00:00+00:00
BTCUSDT,0.5803,1.3827,0.4197,2025-08-15 16:00:00+00:00
BTCUSDT,0.5886,1.4307,0.4114,2025-08-15 17:00:00+00:00
BTCUSDT,0.5898,1.4378,0.4102,2025-08-15 18:00:00+00:00
BTCUSDT,0.5901,1.4396,0.4099,2025-08-15 19:00:00+00:00
BTCUSDT,0.5926,1.4546,0.4074,2025-08-15 20:00:00+00:00
BTCUSDT,0.5937,1.4612,0.4063,2025-08-15 21:00:00+00:00
BTCUSDT,0.5948,1.4679,0.4052,2025-08-15 22:00:00+00:00
BTCUSDT,0.5976,1.4851,0.4024,2025-08-15 23:00:00+00:00
BTCUSDT,0.6,1.5,0.4,2025-08-16 00:00:00+00:00
BTCUSDT,0.5987,1.4919,0.4013,2025-08-16 01:00:00+00:00
BTCUSDT,0.5976,1.4851,0.4024,2025-08-16 02:00:00+00:00
BTCUSDT,0.5934,1.4594,0.4066,2025-08-16 03:00:00+00:00
BTCUSDT,0.5933,1.4588,0.4067,2025-08-16 04:00:00+00:00
BTCUSDT,0.5902,1.4402,0.4098,2025-08-16 05:00:00+00:00
BTCUSDT,0.5885,1.4301,0.4115,2025-08-16 06:00:00+00:00
BTCUSDT,0.5882,1.4284,0.4118,2025-08-16 07:00:00+00:00
BTCUSDT,0.5891,1.4337,0.4109,2025-08-16 08:00:00+00:00
BTCUSDT,0.5891,1.4337,0.4109,2025-08-16 09:00:00+00:00
BTCUSDT,0.588,1.4272,0.412,2025-08-16 10:00:00+00:00
BTCUSDT,0.5869,1.4207,0.4131,2025-08-16 11:00:00+00:00
BTCUSDT,0.5854,1.412,0.4146,2025-08-16 12:00:00+00:00
BTCUSDT,0.5815,1.3895,0.4185,2025-08-16 13:00:00+00:00
BTCUSDT,0.5807,1.3849,0.4193,2025-08-16 14:00:00+00:00
BTCUSDT,0.5807,1.3849,0.4193,2025-08-16 15:00:00+00:00
BTCUSDT,0.5806,1.3844,0.4194,2025-08-16 16:00:00+00:00
BTCUSDT,0.5799,1.3804,0.4201,2025-08-16 17:00:00+00:00
BTCUSDT,0.5785,1.3725,0.4215,2025-08-16 18:00:00+00:00
BTCUSDT,0.578,1.3697,0.422,2025-08-16 19:00:00+00:00
BTCUSDT,0.5784,1.3719,0.4216,2025-08-16 20:00:00+00:00
BTCUSDT,0.5784,1.3719,0.4216,2025-08-16 21:00:00+00:00
BTCUSDT,0.5783,1.3714,0.4217,2025-08-16 22:00:00+00:00
BTCUSDT,0.5814,1.3889,0.4186,2025-08-16 23:00:00+00:00
BTCUSDT,0.5821,1.3929,0.4179,2025-08-17 00:00:00+00:00
BTCUSDT,0.5823,1.3941,0.4177,2025-08-17 01:00:00+00:00
BTCUSDT,0.5834,1.4004,0.4166,2025-08-17 02:00:00+00:00
BTCUSDT,0.5846,1.4073,0.4154,2025-08-17 03:00:00+00:00
BTCUSDT,0.5856,1.4131,0.4144,2025-08-17 04:00:00+00:00
BTCUSDT,0.5838,1.4027,0.4162,2025-08-17 05:00:00+00:00
BTCUSDT,0.5816,1.3901,0.4184,2025-08-17 06:00:00+00:00
BTCUSDT,0.5802,1.3821,0.4198,2025-08-17 07:00:00+00:00
BTCUSDT,0.5815,1.3895,0.4185,2025-08-17 08:00:00+00:00
BTCUSDT,0.5831,1.3987,0.4169,2025-08-17 09:00:00+00:00
BTCUSDT,0.5812,1.3878,0.4188,2025-08-17 10:00:00+00:00
BTCUSDT,0.5813,1.3883,0.4187,2025-08-17 11:00:00+00:00
BTCUSDT,0.5804,1.3832,0.4196,2025-08-17 12:00:00+00:00
BTCUSDT,0.5772,1.3652,0.4228,2025-08-17 13:00:00+00:00
BTCUSDT,0.5765,1.3613,0.4235,2025-08-17 14:00:00+00:00
BTCUSDT,0.5775,1.3669,0.4225,2025-08-17 15:00:00+00:00
BTCUSDT,0.5794,1.3776,0.4206,2025-08-17 16:00:00+00:00
BTCUSDT,0.5777,1.368,0.4223,2025-08-17 17:00:00+00:00
BTCUSDT,0.5788,1.3742,0.4212,2025-08-17 18:00:00+00:00
BTCUSDT,0.5805,1.3838,0.4195,2025-08-17 19:00:00+00:00
BTCUSDT,0.5781,1.3702,0.4219,2025-08-17 20:00:00+00:00
BTCUSDT,0.5792,1.3764,0.4208,2025-08-17 21:00:00+00:00
BTCUSDT,0.5803,1.3827,0.4197,2025-08-17 22:00:00+00:00
BTCUSDT,0.5816,1.3901,0.4184,2025-08-17 23:00:00+00:00
BTCUSDT,0.5826,1.3958,0.4174,2025-08-18 00:00:00+00:00
BTCUSDT,0.5861,1.416,0.4139,2025-08-18 01:00:00+00:00
BTCUSDT,0.5981,1.4882,0.4019,2025-08-18 02:00:00+00:00
BTCUSDT,0.6052,1.5329,0.3948,2025-08-18 03:00:00+00:00
BTCUSDT,0.6133,1.586,0.3867,2025-08-18 04:00:00+00:00
BTCUSDT,0.6211,1.6392,0.3789,2025-08-18 05:00:00+00:00
BTCUSDT,0.6214,1.6413,0.3786,2025-08-18 06:00:00+00:00
BTCUSDT,0.6227,1.6504,0.3773,2025-08-18 07:00:00+00:00
BTCUSDT,0.6272,1.6824,0.3728,2025-08-18 08:00:00+00:00
BTCUSDT,0.6298,1.7012,0.3702,2025-08-18 09:00:00+00:00
BTCUSDT,0.6326,1.7218,0.3674,2025-08-18 10:00:00+00:00
BTCUSDT,0.6344,1.7352,0.3656,2025-08-18 11:00:00+00:00
BTCUSDT,0.636,1.7473,0.364,2025-08-18 12:00:00+00:00
BTCUSDT,0.6389,1.7693,0.3611,2025-08-18 13:00:00+00:00
BTCUSDT,0.6345,1.736,0.3655,2025-08-18 14:00:00+00:00
