symbol,sumOpenInterest,sumOpenInterestValue,CMCCirculatingSupply,timestamp
BTCUSDT,91897.563,10821957399.910473,19898343.00000000,2025-07-28 19:00:00+00:00
BTCUSDT,91981.839,10858708598.382835,19898343.00000000,2025-07-28 20:00:00+00:00
BTCUSDT,91890.553,10847217970.3605,19898343.00000000,2025-07-28 21:00:00+00:00
BTCUSDT,91841.174,10845356569.76864,19898343.00000000,2025-07-28 22:00:00+00:00
BTCUSDT,91840.565,10822767701.295,19898343.00000000,2025-07-28 23:00:00+00:00
BTCUSDT,91809.746,10837393360.979504,19898343.00000000,2025-07-29 00:00:00+00:00
BTCUSDT,91808.543,10828453242.746113,19898343.00000000,2025-07-29 01:00:00+00:00
BTCUSDT,91723.085,10799356787.8895,19898343.00000000,2025-07-29 02:00:00+00:00
BTCUSDT,91645.375,10820493701.134716,19898825.00000000,2025-07-29 03:00:00+00:00
BTCUSDT,91478.22,10862471460.036,19898825.00000000,2025-07-29 04:00:00+00:00
BTCUSDT,91501.583,10842398616.567694,19898825.00000000,2025-07-29 05:00:00+00:00
BTCUSDT,91639.38,10883642605.08,19898825.00000000,2025-07-29 06:00:00+00:00
BTCUSDT,91632.14,10878567660.8,19898825.00000000,2025-07-29 07:00:00+00:00
BTCUSDT,91531.764,10879126801.5132,19898825.00000000,2025-07-29 08:00:00+00:00
BTCUSDT,91736.298,10906326649.3644,19898825.00000000,2025-07-29 09:00:00+00:00
BTCUSDT,91640.871,10882353431.25,19898825.00000000,2025-07-29 10:00:00+00:00
BTCUSDT,91459.117,10817775212.8483,19898825.00000000,2025-07-29 11:00:00+00:00
BTCUSDT,91522.308,10850916058.18782,19898825.00000000,2025-07-29 12:00:00+00:00
BTCUSDT,90903.538,10806108912.216162,19898825.00000000,2025-07-29 13:00:00+00:00
BTCUSDT,90673.338,10752951153.42,19898825.00000000,2025-07-29 14:00:00+00:00
BTCUSDT,89746.557,10570502052.6069,19898825.00000000,2025-07-29 15:00:00+00:00
BTCUSDT,90532.427,10624110518.35358,19898825.00000000,2025-07-29 16:00:00+00:00
BTCUSDT,91910.591,10818367328.955826,19898825.00000000,2025-07-29 17:00:00+00:00
BTCUSDT,91491.168,10771183662.877825,19898825.00000000,2025-07-29 18:00:00+00:00
BTCUSDT,91498.058,10756758612.9516,19898825.00000000,2025-07-29 19:00:00+00:00
BTCUSDT,91577.159,10758933367.3991,19898825.00000000,2025-07-29 20:00:00+00:00
BTCUSDT,91290.636,10723245435.36977,19898825.00000000,2025-07-29 21:00:00+00:00
BTCUSDT,91244.25,10726780464.433975,19898825.00000000,2025-07-29 22:00:00+00:00
BTCUSDT,91027.159,10723187746.93683,19898825.00000000,2025-07-29 23:00:00+00:00
BTCUSDT,90965.943,10725260093.50966,19898825.00000000,2025-07-30 00:00:00+00:00
BTCUSDT,90779.901,10684794347.7,19898825.00000000,2025-07-30 01:00:00+00:00
BTCUSDT,90915.125,10711147617.687698,19898825.00000000,2025-07-30 02:00:00+00:00
BTCUSDT,91030.888,10739820432.984089,19899162.00000000,2025-07-30 03:00:00+00:00
BTCUSDT,90916.464,10738358977.413189,19899162.00000000,2025-07-30 04:00:00+00:00
BTCUSDT,90850.943,10715859641.7557,19899162.00000000,2025-07-30 05:00:00+00:00
BTCUSDT,90917.387,10723773725.772987,19899162.00000000,2025-07-30 06:00:00+00:00
BTCUSDT,90890.364,10746991142.447962,19899162.00000000,2025-07-30 07:00:00+00:00
BTCUSDT,91057.893,10752407390.6976,19899162.00000000,2025-07-30 08:00:00+00:00
BTCUSDT,90854.231,10751412813.3331,19899162.00000000,2025-07-30 09:00:00+00:00
BTCUSDT,91004.091,10749985655.1024,19899162.00000000,2025-07-30 10:00:00+00:00
BTCUSDT,91006.608,10736604686.0688,19899162.00000000,2025-07-30 11:00:00+00:00
BTCUSDT,90278.071,10607655286.8858,19899162.00000000,2025-07-30 12:00:00+00:00
BTCUSDT,90222.432,10618958114.05198,19899162.00000000,2025-07-30 13:00:00+00:00
BTCUSDT,90315.52,10624496209.19575,19899162.00000000,2025-07-30 14:00:00+00:00
BTCUSDT,90852.362,10782222043.617,19899162.00000000,2025-07-30 15:00:00+00:00
BTCUSDT,90215.699,10640598877.3938,19899162.00000000,2025-07-30 16:00:00+00:00
BTCUSDT,90035.187,10596556281.1845,19899162.00000000,2025-07-30 17:00:00+00:00
BTCUSDT,90142.069,10614048340.612,19899162.00000000,2025-07-30 18:00:00+00:00
BTCUSDT,91207.646,10623592983.142,19899162.00000000,2025-07-30 19:00:00+00:00
BTCUSDT,91825.435,10733800616.32079,19899162.00000000,2025-07-30 20:00:00+00:00
BTCUSDT,91717.983,10743743638.8387,19899162.00000000,2025-07-30 21:00:00+00:00
BTCUSDT,91709.153,10755649463.84,19899162.00000000,2025-07-30 22:00:00+00:00
BTCUSDT,91717.657,10771214043.8737,19899162.00000000,2025-07-30 23:00:00+00:00
BTCUSDT,91480.686,10773947547.631638,19899162.00000000,2025-07-31 00:00:00+00:00
BTCUSDT,91629.98,10846615210.384926,19899162.00000000,2025-07-31 01:00:00+00:00
BTCUSDT,91718.25,10825064799.9,19899162.00000000,2025-07-31 02:00:00+00:00
BTCUSDT,91346.38,10815241520.82982,19899603.00000000,2025-07-31 03:00:00+00:00
BTCUSDT,91063.691,10783334288.8723,19899603.00000000,2025-07-31 04:00:00+00:00
BTCUSDT,91174.191,10801625225.8284,19899603.00000000,2025-07-31 05:00:00+00:00
BTCUSDT,91345.826,10808028997.7374,19899603.00000000,2025-07-31 06:00:00+00:00
BTCUSDT,91431.741,10849260781.396433,19899603.00000000,2025-07-31 07:00:00+00:00
BTCUSDT,90766.047,10767031559.328,19899603.00000000,2025-07-31 08:00:00+00:00
BTCUSDT,90869.447,10773285742.863075,19899603.00000000,2025-07-31 09:00:00+00:00
BTCUSDT,90935.358,10781514289.3392,19899603.00000000,2025-07-31 10:00:00+00:00
BTCUSDT,90987.64,10779660562.596,19899603.00000000,2025-07-31 11:00:00+00:00
BTCUSDT,91067.344,10776317607.646597,19899603.00000000,2025-07-31 12:00:00+00:00
BTCUSDT,91390.057,10837320724.82622,19899603.00000000,2025-07-31 13:00:00+00:00
BTCUSDT,91422.016,10834387942.202154,19899603.00000000,2025-07-31 14:00:00+00:00
BTCUSDT,91152.852,10744359855.6588,19899603.00000000,2025-07-31 15:00:00+00:00
BTCUSDT,91258.63,10792582836.019053,19899603.00000000,2025-07-31 16:00:00+00:00
BTCUSDT,91321.544,10821258321.45627,19899603.00000000,2025-07-31 17:00:00+00:00
BTCUSDT,90934.542,10702531827.2358,19899603.00000000,2025-07-31 18:00:00+00:00
BTCUSDT,90641.452,10660365621.565071,19899603.00000000,2025-07-31 19:00:00+00:00
BTCUSDT,90512.922,10565294345.855637,19899603.00000000,2025-07-31 20:00:00+00:00
BTCUSDT,90771.515,10570971222.772604,19899603.00000000,2025-07-31 21:00:00+00:00
BTCUSDT,90741.381,10570235876.209867,19899603.00000000,2025-07-31 22:00:00+00:00
BTCUSDT,90427.073,10484778854.2035,19899603.00000000,2025-07-31 23:00:00+00:00
BTCUSDT,90242.852,10441293601.323362,19899603.00000000,2025-08-01 00:00:00+00:00
BTCUSDT,89407.351,10315178691.932724,19899603.00000000,2025-08-01 01:00:00+00:00
BTCUSDT,89835.638,10356827296.7232,19900065.00000000,2025-08-01 02:00:00+00:00
BTCUSDT,90203.104,10455324520.6048,19900065.00000000,2025-08-01 03:00:00+00:00
BTCUSDT,89838.596,10384948153.120518,19900065.00000000,2025-08-01 04:00:00+00:00
BTCUSDT,90094.76,10419305832.908,19900065.00000000,2025-08-01 05:00:00+00:00
BTCUSDT,90237.289,10423500943.855556,19900065.00000000,2025-08-01 06:00:00+00:00
BTCUSDT,90272.387,10391507230.2536,19900065.00000000,2025-08-01 07:00:00+00:00
BTCUSDT,89619.964,10309747656.363983,19900065.00000000,2025-08-01 08:00:00+00:00
BTCUSDT,89672.516,10275161497.59946,19900065.00000000,2025-08-01 09:00:00+00:00
BTCUSDT,89842.495,10322040187.548,19900065.00000000,2025-08-01 10:00:00+00:00
BTCUSDT,89408.83,10254325535.349,19900065.00000000,2025-08-01 11:00:00+00:00
BTCUSDT,89297.413,10291527900.083334,19900065.00000000,2025-08-01 12:00:00+00:00
BTCUSDT,89414.889,10343373361.634869,19900065.00000000,2025-08-01 13:00:00+00:00
BTCUSDT,89537.618,10236996795.210142,19900065.00000000,2025-08-01 14:00:00+00:00
BTCUSDT,89000.031,10285617882.6297,19900065.00000000,2025-08-01 15:00:00+00:00
BTCUSDT,88760.975,10234610850.6675,19900065.00000000,2025-08-01 16:00:00+00:00
BTCUSDT,88654.471,10192442026.260984,19900065.00000000,2025-08-01 17:00:00+00:00
BTCUSDT,88399.668,10111887743.0844,19900065.00000000,2025-08-01 18:00:00+00:00
BTCUSDT,88969.985,10125915594.06765,19900065.00000000,2025-08-01 19:00:00+00:00
BTCUSDT,89134.659,10097031556.0656,19900065.00000000,2025-08-01 20:00:00+00:00
BTCUSDT,89204.95,10160443805.0,19900065.00000000,2025-08-01 21:00:00+00:00
BTCUSDT,89099.361,10142527750.1379,19900065.00000000,2025-08-01 22:00:00+00:00
BTCUSDT,88892.82,10053143113.92597,19900065.00000000,2025-08-01 23:00:00+00:00
BTCUSDT,89004.236,10079258004.5492,19900065.00000000,2025-08-02 00:00:00+00:00
BTCUSDT,89024.286,10127376449.56018,19900065.00000000,2025-08-02 01:00:00+00:00
BTCUSDT,88865.516,10097018354.742737,19900528.00000000,2025-08-02 02:00:00+00:00
BTCUSDT,88869.331,10099741747.0901,19900528.00000000,2025-08-02 03:00:00+00:00
BTCUSDT,88929.358,10125561435.04214,19900528.00000000,2025-08-02 04:00:00+00:00
BTCUSDT,89011.935,10144654627.176,19900528.00000000,2025-08-02 05:00:00+00:00
BTCUSDT,88986.406,10138141147.8146,19900528.00000000,2025-08-02 06:00:00+00:00
BTCUSDT,88829.63,10095931597.65,19900528.00000000,2025-08-02 07:00:00+00:00
BTCUSDT,88741.318,10109552932.6688,19900528.00000000,2025-08-02 08:00:00+00:00
BTCUSDT,88465.068,10053076174.404676,19900528.00000000,2025-08-02 09:00:00+00:00
BTCUSDT,88211.265,10024319220.836536,19900528.00000000,2025-08-02 10:00:00+00:00
BTCUSDT,87794.13,9965002490.346,19900528.00000000,2025-08-02 11:00:00+00:00
BTCUSDT,87774.347,9983016287.534458,19900528.00000000,2025-08-02 12:00:00+00:00
BTCUSDT,87817.179,9975521586.086882,19900528.00000000,2025-08-02 13:00:00+00:00
BTCUSDT,87660.021,9942283227.752419,19900528.00000000,2025-08-02 14:00:00+00:00
BTCUSDT,87817.345,9930054616.524551,19900528.00000000,2025-08-02 15:00:00+00:00
BTCUSDT,86485.291,9755411096.8635,19900528.00000000,2025-08-02 16:00:00+00:00
BTCUSDT,86356.397,9771822179.689299,19900528.00000000,2025-08-02 17:00:00+00:00
BTCUSDT,87334.432,9841656007.9776,19900528.00000000,2025-08-02 18:00:00+00:00
BTCUSDT,86905.713,9758216674.7763,19900528.00000000,2025-08-02 19:00:00+00:00
BTCUSDT,86187.308,9668104368.554,19900528.00000000,2025-08-02 20:00:00+00:00
BTCUSDT,85930.062,9688640269.5186,19900528.00000000,2025-08-02 21:00:00+00:00
BTCUSDT,85730.462,9672065742.61364,19900528.00000000,2025-08-02 22:00:00+00:00
BTCUSDT,85769.418,9675673775.4054,19900528.00000000,2025-08-02 23:00:00+00:00
BTCUSDT,85730.243,9645489573.77301,19900528.00000000,2025-08-03 00:00:00+00:00
BTCUSDT,85601.163,9665997096.744692,19900528.00000000,2025-08-03 01:00:00+00:00
BTCUSDT,85801.902,9700758523.62886,19900528.00000000,2025-08-03 02:00:00+00:00
BTCUSDT,85852.452,9741479076.442236,19900990.00000000,2025-08-03 03:00:00+00:00
BTCUSDT,86240.051,9792853325.393057,19900990.00000000,2025-08-03 04:00:00+00:00
BTCUSDT,86140.955,9770468908.111,19900990.00000000,2025-08-03 05:00:00+00:00
BTCUSDT,86092.176,9777692353.859486,19900990.00000000,2025-08-03 06:00:00+00:00
BTCUSDT,86121.431,9775273240.448788,19900990.00000000,2025-08-03 07:00:00+00:00
BTCUSDT,86075.402,9782219818.6342,19900990.00000000,2025-08-03 08:00:00+00:00
BTCUSDT,85877.232,9759165933.9888,19900990.00000000,2025-08-03 09:00:00+00:00
BTCUSDT,85884.333,9757516606.095901,19900990.00000000,2025-08-03 10:00:00+00:00
BTCUSDT,85951.591,9785304346.414448,19900990.00000000,2025-08-03 11:00:00+00:00
BTCUSDT,86111.878,9800818117.721088,19900990.00000000,2025-08-03 12:00:00+00:00
BTCUSDT,86148.068,9817920767.500643,19900990.00000000,2025-08-03 13:00:00+00:00
BTCUSDT,86062.955,9802303779.3395,19900990.00000000,2025-08-03 14:00:00+00:00
BTCUSDT,86032.304,9785620509.207556,19900990.00000000,2025-08-03 15:00:00+00:00
BTCUSDT,85987.366,9794422722.544538,19900990.00000000,2025-08-03 16:00:00+00:00
BTCUSDT,85889.563,9787132881.7626,19900990.00000000,2025-08-03 17:00:00+00:00
BTCUSDT,85876.099,9795792149.2211,19900990.00000000,2025-08-03 18:00:00+00:00
BTCUSDT,85833.487,9813205235.1308,19900990.00000000,2025-08-03 19:00:00+00:00
BTCUSDT,85477.847,9766621868.1577,19900990.00000000,2025-08-03 20:00:00+00:00
BTCUSDT,85348.818,9761924686.6224,19900990.00000000,2025-08-03 21:00:00+00:00
BTCUSDT,85298.268,9756313535.9184,19900990.00000000,2025-08-03 22:00:00+00:00
BTCUSDT,85155.658,9730836467.529757,19900990.00000000,2025-08-03 23:00:00+00:00
BTCUSDT,85207.636,9726528336.2724,19900990.00000000,2025-08-04 00:00:00+00:00
BTCUSDT,84968.15,9759033861.88,19900990.00000000,2025-08-04 01:00:00+00:00
BTCUSDT,85056.829,9750727751.5362,19900990.00000000,2025-08-04 02:00:00+00:00
BTCUSDT,85252.484,9783660125.123993,19901484.00000000,2025-08-04 03:00:00+00:00
BTCUSDT,85227.383,9760607904.121658,19901484.00000000,2025-08-04 04:00:00+00:00
BTCUSDT,85066.332,9726226077.2377,19901484.00000000,2025-08-04 05:00:00+00:00
BTCUSDT,84884.246,9706045136.985191,19901484.00000000,2025-08-04 06:00:00+00:00
BTCUSDT,84872.732,9707321847.722778,19901484.00000000,2025-08-04 07:00:00+00:00
BTCUSDT,84995.356,9741062765.092,19901484.00000000,2025-08-04 08:00:00+00:00
BTCUSDT,85146.312,9748690758.3408,19901484.00000000,2025-08-04 09:00:00+00:00
BTCUSDT,85207.67,9736936073.91,19901484.00000000,2025-08-04 10:00:00+00:00
BTCUSDT,85215.501,9731843248.646248,19901484.00000000,2025-08-04 11:00:00+00:00
BTCUSDT,85125.166,9742824900.147743,19901484.00000000,2025-08-04 12:00:00+00:00
BTCUSDT,85095.819,9734920746.478157,19901484.00000000,2025-08-04 13:00:00+00:00
BTCUSDT,84939.376,9757166760.398163,19901484.00000000,2025-08-04 14:00:00+00:00
BTCUSDT,84961.537,9743924320.843102,19901484.00000000,2025-08-04 15:00:00+00:00
BTCUSDT,84931.483,9747979333.887089,19901484.00000000,2025-08-04 16:00:00+00:00
BTCUSDT,85433.483,9846490846.2439,19901484.00000000,2025-08-04 17:00:00+00:00
BTCUSDT,85272.313,9819430876.7394,19901484.00000000,2025-08-04 18:00:00+00:00
BTCUSDT,85427.853,9818310130.034866,19901484.00000000,2025-08-04 19:00:00+00:00
BTCUSDT,85482.565,9807420044.002813,19901484.00000000,2025-08-04 20:00:00+00:00
BTCUSDT,85194.839,9776541391.360718,19901484.00000000,2025-08-04 21:00:00+00:00
BTCUSDT,84999.931,9780253560.728899,19901484.00000000,2025-08-04 22:00:00+00:00
BTCUSDT,85006.872,9799949233.0224,19901484.00000000,2025-08-04 23:00:00+00:00
BTCUSDT,84829.515,9755572366.9815,19901484.00000000,2025-08-05 00:00:00+00:00
BTCUSDT,84657.537,9721859905.237501,19901484.00000000,2025-08-05 01:00:00+00:00
BTCUSDT,84535.045,9693456086.5555,19901484.00000000,2025-08-05 02:00:00+00:00
BTCUSDT,84493.979,9689686749.561699,19902018.00000000,2025-08-05 03:00:00+00:00
BTCUSDT,84244.055,9621934741.825,19902018.00000000,2025-08-05 04:00:00+00:00
BTCUSDT,83996.556,9599858572.008205,19902018.00000000,2025-08-05 05:00:00+00:00
BTCUSDT,83984.33,9605615360.987,19902018.00000000,2025-08-05 06:00:00+00:00
BTCUSDT,84094.898,9598166768.857544,19902018.00000000,2025-08-05 07:00:00+00:00
BTCUSDT,84402.837,9615567884.373901,19902018.00000000,2025-08-05 08:00:00+00:00
BTCUSDT,84461.01,9648848262.493437,19902018.00000000,2025-08-05 09:00:00+00:00
BTCUSDT,84506.474,9687608921.761347,19902018.00000000,2025-08-05 10:00:00+00:00
BTCUSDT,84821.992,9737530752.8032,19902018.00000000,2025-08-05 11:00:00+00:00
BTCUSDT,84781.021,9731453451.742584,19902018.00000000,2025-08-05 12:00:00+00:00
BTCUSDT,84641.651,9640421659.7819,19902018.00000000,2025-08-05 13:00:00+00:00
BTCUSDT,84842.757,9700128176.552614,19902018.00000000,2025-08-05 14:00:00+00:00
BTCUSDT,85042.044,9608194847.412895,19902018.00000000,2025-08-05 15:00:00+00:00
BTCUSDT,85459.376,9647752223.04701,19902018.00000000,2025-08-05 16:00:00+00:00
BTCUSDT,85548.59,9678085139.940723,19902018.00000000,2025-08-05 17:00:00+00:00
BTCUSDT,85048.082,9661368581.106276,19902018.00000000,2025-08-05 18:00:00+00:00
BTCUSDT,85011.544,9656971352.224,19902018.00000000,2025-08-05 19:00:00+00:00
BTCUSDT,84949.906,9648040035.677876,19902018.00000000,2025-08-05 20:00:00+00:00
BTCUSDT,84409.983,9593194567.95,19902018.00000000,2025-08-05 21:00:00+00:00
BTCUSDT,84383.44,9581293538.817583,19902018.00000000,2025-08-05 22:00:00+00:00
BTCUSDT,84208.439,9592174865.6461,19902018.00000000,2025-08-05 23:00:00+00:00
BTCUSDT,83848.531,9565232667.16235,19902018.00000000,2025-08-06 00:00:00+00:00
BTCUSDT,83773.935,9536482870.169138,19902018.00000000,2025-08-06 01:00:00+00:00
BTCUSDT,83905.089,9547467056.054745,19902450.00000000,2025-08-06 02:00:00+00:00
BTCUSDT,83788.57,9517434741.159,19902450.00000000,2025-08-06 03:00:00+00:00
BTCUSDT,83797.331,9508491528.3031,19902450.00000000,2025-08-06 04:00:00+00:00
BTCUSDT,83937.172,9517933252.831848,19902450.00000000,2025-08-06 05:00:00+00:00
BTCUSDT,83683.857,9549022659.7131,19902450.00000000,2025-08-06 06:00:00+00:00
BTCUSDT,83694.504,9544705364.0688,19902450.00000000,2025-08-06 07:00:00+00:00
BTCUSDT,83905.938,9580422163.24829,19902450.00000000,2025-08-06 08:00:00+00:00
BTCUSDT,83510.271,9511828217.927101,19902450.00000000,2025-08-06 09:00:00+00:00
BTCUSDT,83713.564,9547490117.418,19902450.00000000,2025-08-06 10:00:00+00:00
BTCUSDT,83545.385,9526658465.95715,19902450.00000000,2025-08-06 11:00:00+00:00
BTCUSDT,83336.835,9516087589.438845,19902450.00000000,2025-08-06 12:00:00+00:00
BTCUSDT,83216.882,9475623415.9412,19902450.00000000,2025-08-06 13:00:00+00:00
BTCUSDT,83788.45,9571311333.42232,19902450.00000000,2025-08-06 14:00:00+00:00
BTCUSDT,83695.192,9637020292.785862,19902450.00000000,2025-08-06 15:00:00+00:00
BTCUSDT,83846.735,9675061636.461096,19902450.00000000,2025-08-06 16:00:00+00:00
BTCUSDT,83841.768,9649223316.468,19902450.00000000,2025-08-06 17:00:00+00:00
BTCUSDT,83830.61,9679543298.955,19902450.00000000,2025-08-06 18:00:00+00:00
BTCUSDT,84216.468,9716570497.954151,19902450.00000000,2025-08-06 19:00:00+00:00
BTCUSDT,84097.652,9689512588.543741,19902450.00000000,2025-08-06 20:00:00+00:00
BTCUSDT,83912.075,9651101943.191805,19902450.00000000,2025-08-06 21:00:00+00:00
BTCUSDT,83778.064,9635348651.8656,19902450.00000000,2025-08-06 22:00:00+00:00
BTCUSDT,83757.288,9635966082.4344,19902450.00000000,2025-08-06 23:00:00+00:00
BTCUSDT,83762.857,9628139769.534996,19902450.00000000,2025-08-07 00:00:00+00:00
BTCUSDT,83714.128,9614462039.825315,19902450.00000000,2025-08-07 01:00:00+00:00
BTCUSDT,83617.588,9591356983.002468,19902450.00000000,2025-08-07 02:00:00+00:00
BTCUSDT,83511.302,9564058026.630745,19902881.00000000,2025-08-07 03:00:00+00:00
BTCUSDT,83419.443,9551592959.0544,19902881.00000000,2025-08-07 04:00:00+00:00
BTCUSDT,83348.613,9527616517.519106,19902881.00000000,2025-08-07 05:00:00+00:00
BTCUSDT,82949.246,9500168849.4554,19902881.00000000,2025-08-07 06:00:00+00:00
BTCUSDT,83072.593,9520368375.579,19902881.00000000,2025-08-07 07:00:00+00:00
BTCUSDT,83235.512,9551349913.9608,19902881.00000000,2025-08-07 08:00:00+00:00
BTCUSDT,83617.579,9608771940.900702,19902881.00000000,2025-08-07 09:00:00+00:00
BTCUSDT,83813.204,9640236630.682,19902881.00000000,2025-08-07 10:00:00+00:00
BTCUSDT,84792.923,9861525075.846409,19902881.00000000,2025-08-07 11:00:00+00:00
BTCUSDT,84804.341,9877076791.929,19902881.00000000,2025-08-07 12:00:00+00:00
BTCUSDT,84508.548,9830355435.8424,19902881.00000000,2025-08-07 13:00:00+00:00
BTCUSDT,84749.316,9880583755.176,19902881.00000000,2025-08-07 14:00:00+00:00
BTCUSDT,84747.439,9856127155.7,19902881.00000000,2025-08-07 15:00:00+00:00
BTCUSDT,85069.535,9922051186.911,19902881.00000000,2025-08-07 16:00:00+00:00
BTCUSDT,84360.97,9803158082.753,19902881.00000000,2025-08-07 17:00:00+00:00
BTCUSDT,84240.944,9810699122.85041,19902881.00000000,2025-08-07 18:00:00+00:00
BTCUSDT,84088.823,9798447871.37054,19902881.00000000,2025-08-07 19:00:00+00:00
BTCUSDT,83216.198,9771037928.665,19902881.00000000,2025-08-07 20:00:00+00:00
BTCUSDT,83389.77,9766815751.74213,19902881.00000000,2025-08-07 21:00:00+00:00
BTCUSDT,83269.117,9746076925.452892,19902881.00000000,2025-08-07 22:00:00+00:00
BTCUSDT,83116.525,9766199999.1525,19902881.00000000,2025-08-07 23:00:00+00:00
BTCUSDT,82983.91,9743962413.809,19902881.00000000,2025-08-08 00:00:00+00:00
BTCUSDT,82993.22,9728793400.825716,19902881.00000000,2025-08-08 01:00:00+00:00
BTCUSDT,82992.428,9697092564.0468,19903403.00000000,2025-08-08 02:00:00+00:00
BTCUSDT,82985.796,9680625046.584,19903403.00000000,2025-08-08 03:00:00+00:00
BTCUSDT,83063.444,9692871997.536627,19903403.00000000,2025-08-08 04:00:00+00:00
BTCUSDT,83177.441,9706807364.7,19903403.00000000,2025-08-08 05:00:00+00:00
BTCUSDT,83013.619,9669966059.739122,19903403.00000000,2025-08-08 06:00:00+00:00
BTCUSDT,82921.468,9676445978.050735,19903403.00000000,2025-08-08 07:00:00+00:00
BTCUSDT,83151.416,9709898836.739338,19903403.00000000,2025-08-08 08:00:00+00:00
BTCUSDT,83188.298,9697296154.092934,19903403.00000000,2025-08-08 09:00:00+00:00
BTCUSDT,83265.073,9711113872.409698,19903403.00000000,2025-08-08 10:00:00+00:00
BTCUSDT,83278.914,9702024598.85993,19903403.00000000,2025-08-08 11:00:00+00:00
BTCUSDT,83279.5,9730748239.188082,19903403.00000000,2025-08-08 12:00:00+00:00
BTCUSDT,83289.411,9699076897.773298,19903403.00000000,2025-08-08 13:00:00+00:00
BTCUSDT,83051.708,9705927951.642803,19903403.00000000,2025-08-08 14:00:00+00:00
BTCUSDT,83781.177,9755622677.8809,19903403.00000000,2025-08-08 15:00:00+00:00
BTCUSDT,83078.157,9651311673.77412,19903403.00000000,2025-08-08 16:00:00+00:00
BTCUSDT,83275.305,9671852076.1455,19903403.00000000,2025-08-08 17:00:00+00:00
BTCUSDT,83339.873,9722929623.418,19903403.00000000,2025-08-08 18:00:00+00:00
BTCUSDT,82765.091,9637674672.264591,19903403.00000000,2025-08-08 19:00:00+00:00
BTCUSDT,82399.896,9590718205.038364,19903403.00000000,2025-08-08 20:00:00+00:00
BTCUSDT,82270.83,9613423806.36812,19903403.00000000,2025-08-08 21:00:00+00:00
BTCUSDT,82334.554,9623509675.182,19903403.00000000,2025-08-08 22:00:00+00:00
BTCUSDT,82320.749,9618377759.429855,19903403.00000000,2025-08-08 23:00:00+00:00
BTCUSDT,82228.761,9590192383.6602,19903403.00000000,2025-08-09 00:00:00+00:00
BTCUSDT,82098.743,9568017385.7004,19903403.00000000,2025-08-09 01:00:00+00:00
BTCUSDT,82053.265,9560600278.005,19903837.00000000,2025-08-09 02:00:00+00:00
BTCUSDT,82042.833,9546346824.050934,19903837.00000000,2025-08-09 03:00:00+00:00
BTCUSDT,82166.328,9558536188.25925,19903837.00000000,2025-08-09 04:00:00+00:00
BTCUSDT,82596.761,9613057307.564436,19903837.00000000,2025-08-09 05:00:00+00:00
BTCUSDT,83035.615,9688982614.997686,19903837.00000000,2025-08-09 06:00:00+00:00
BTCUSDT,83015.676,9679744043.5464,19903837.00000000,2025-08-09 07:00:00+00:00
BTCUSDT,83115.814,9699881464.4048,19903837.00000000,2025-08-09 08:00:00+00:00
BTCUSDT,83456.09,9770162728.255,19903837.00000000,2025-08-09 09:00:00+00:00
BTCUSDT,83876.019,9853192742.792702,19903837.00000000,2025-08-09 10:00:00+00:00
BTCUSDT,83993.573,9858762353.995384,19903837.00000000,2025-08-09 11:00:00+00:00
BTCUSDT,83461.083,9770371681.395,19903837.00000000,2025-08-09 12:00:00+00:00
BTCUSDT,83621.498,9788490053.5358,19903837.00000000,2025-08-09 13:00:00+00:00
BTCUSDT,83694.067,9785195910.251257,19903837.00000000,2025-08-09 14:00:00+00:00
BTCUSDT,84121.283,9835797217.008154,19903837.00000000,2025-08-09 15:00:00+00:00
BTCUSDT,83763.221,9786781683.628788,19903837.00000000,2025-08-09 16:00:00+00:00
BTCUSDT,83819.761,9773115909.3648,19903837.00000000,2025-08-09 17:00:00+00:00
BTCUSDT,83833.381,9777329724.763779,19903837.00000000,2025-08-09 18:00:00+00:00
BTCUSDT,83882.562,9779020689.7038,19903837.00000000,2025-08-09 19:00:00+00:00
BTCUSDT,83921.997,9776912650.5,19903837.00000000,2025-08-09 20:00:00+00:00
BTCUSDT,84180.642,9827578149.062033,19903837.00000000,2025-08-09 21:00:00+00:00
BTCUSDT,84034.137,9788220647.036701,19903837.00000000,2025-08-09 22:00:00+00:00
BTCUSDT,84118.078,9799957970.3872,19903837.00000000,2025-08-09 23:00:00+00:00
BTCUSDT,84005.291,9780063988.802,19903837.00000000,2025-08-10 00:00:00+00:00
BTCUSDT,84034.338,9806157955.738724,19903837.00000000,2025-08-10 01:00:00+00:00
BTCUSDT,84260.231,9819400881.244474,19904184.00000000,2025-08-10 02:00:00+00:00
BTCUSDT,85907.001,10074706295.14704,19904184.00000000,2025-08-10 03:00:00+00:00
BTCUSDT,85804.62,10165601359.244589,19904184.00000000,2025-08-10 04:00:00+00:00
BTCUSDT,86232.922,10215498120.747866,19904184.00000000,2025-08-10 05:00:00+00:00
BTCUSDT,85766.359,10121046834.170238,19904184.00000000,2025-08-10 06:00:00+00:00
BTCUSDT,85432.562,10083767614.7278,19904184.00000000,2025-08-10 07:00:00+00:00
BTCUSDT,85090.83,10021147049.1,19904184.00000000,2025-08-10 08:00:00+00:00
BTCUSDT,85247.493,10082033452.6254,19904184.00000000,2025-08-10 09:00:00+00:00
BTCUSDT,84942.358,10044794225.520533,19904184.00000000,2025-08-10 10:00:00+00:00
BTCUSDT,85011.678,10029771283.2858,19904184.00000000,2025-08-10 11:00:00+00:00
BTCUSDT,85131.021,10070659260.216,19904184.00000000,2025-08-10 12:00:00+00:00
BTCUSDT,85384.882,10116907961.088072,19904184.00000000,2025-08-10 13:00:00+00:00
BTCUSDT,85606.158,10136908677.82701,19904184.00000000,2025-08-10 14:00:00+00:00
BTCUSDT,86122.435,10227023762.223877,19904184.00000000,2025-08-10 15:00:00+00:00
BTCUSDT,86381.454,10259804718.3074,19904184.00000000,2025-08-10 16:00:00+00:00
BTCUSDT,86669.676,10282638953.271349,19904184.00000000,2025-08-10 17:00:00+00:00
BTCUSDT,86563.559,10256872824.1305,19904184.00000000,2025-08-10 18:00:00+00:00
BTCUSDT,86562.457,10259376772.031109,19904184.00000000,2025-08-10 19:00:00+00:00
BTCUSDT,86596.617,10272502183.911602,19904184.00000000,2025-08-10 20:00:00+00:00
BTCUSDT,86659.399,10250919072.546148,19904184.00000000,2025-08-10 21:00:00+00:00
BTCUSDT,86434.479,10257862455.3141,19904184.00000000,2025-08-10 22:00:00+00:00
BTCUSDT,86842.043,10331884434.4519,19904184.00000000,2025-08-10 23:00:00+00:00
BTCUSDT,86956.39,10370019072.006,19904184.00000000,2025-08-11 00:00:00+00:00
BTCUSDT,87089.786,10372505133.764635,19904184.00000000,2025-08-11 01:00:00+00:00
BTCUSDT,88665.997,10625543697.164171,19904184.00000000,2025-08-11 02:00:00+00:00
BTCUSDT,91021.558,11090718806.422997,19904606.00000000,2025-08-11 03:00:00+00:00
BTCUSDT,92869.235,11302591914.744385,19904606.00000000,2025-08-11 04:00:00+00:00
BTCUSDT,92561.44,11299866208.960112,19904606.00000000,2025-08-11 05:00:00+00:00
BTCUSDT,92802.797,11325857512.0334,19904606.00000000,2025-08-11 06:00:00+00:00
BTCUSDT,93394.514,11421121722.546,19904606.00000000,2025-08-11 07:00:00+00:00
BTCUSDT,94118.272,11438521433.450235,19904606.00000000,2025-08-11 08:00:00+00:00
BTCUSDT,93857.308,11419919007.7456,19904606.00000000,2025-08-11 09:00:00+00:00
BTCUSDT,93496.304,11351543668.313025,19904606.00000000,2025-08-11 10:00:00+00:00
BTCUSDT,93351.552,11312808418.316725,19904606.00000000,2025-08-11 11:00:00+00:00
BTCUSDT,93205.783,11236456148.202765,19904606.00000000,2025-08-11 12:00:00+00:00
BTCUSDT,93516.441,11187076250.673014,19904606.00000000,2025-08-11 13:00:00+00:00
BTCUSDT,93544.993,11221376725.301,19904606.00000000,2025-08-11 14:00:00+00:00
BTCUSDT,93553.641,11245575090.040688,19904606.00000000,2025-08-11 15:00:00+00:00
BTCUSDT,93257.654,11216747775.69655,19904606.00000000,2025-08-11 16:00:00+00:00
BTCUSDT,92536.345,11096835327.865656,19904606.00000000,2025-08-11 17:00:00+00:00
BTCUSDT,92126.907,11006852889.313423,19904606.00000000,2025-08-11 18:00:00+00:00
BTCUSDT,91751.451,10987052754.348,19904606.00000000,2025-08-11 19:00:00+00:00
BTCUSDT,90574.302,10782499298.4618,19904606.00000000,2025-08-11 20:00:00+00:00
BTCUSDT,90284.289,10724777170.889353,19904606.00000000,2025-08-11 21:00:00+00:00
BTCUSDT,89864.927,10664378725.0024,19904606.00000000,2025-08-11 22:00:00+00:00
BTCUSDT,89738.664,10665045366.2784,19904606.00000000,2025-08-11 23:00:00+00:00
BTCUSDT,89725.76,10645255106.39375,19904606.00000000,2025-08-12 00:00:00+00:00
BTCUSDT,89813.207,10679499836.6353,19904606.00000000,2025-08-12 01:00:00+00:00
BTCUSDT,89860.103,10686558833.2132,19904606.00000000,2025-08-12 02:00:00+00:00
BTCUSDT,89846.78,10692501702.105488,19905062.00000000,2025-08-12 03:00:00+00:00
BTCUSDT,89749.039,10663370520.5148,19905062.00000000,2025-08-12 04:00:00+00:00
BTCUSDT,89730.185,10680287102.52597,19905062.00000000,2025-08-12 05:00:00+00:00
BTCUSDT,89417.683,10621432828.60638,19905062.00000000,2025-08-12 06:00:00+00:00
BTCUSDT,89377.037,10617339543.2299,19905062.00000000,2025-08-12 07:00:00+00:00
BTCUSDT,89192.509,10607834561.1371,19905062.00000000,2025-08-12 08:00:00+00:00
BTCUSDT,89279.898,10603005678.3372,19905062.00000000,2025-08-12 09:00:00+00:00
BTCUSDT,89342.634,10574415474.972,19905062.00000000,2025-08-12 10:00:00+00:00
BTCUSDT,89193.496,10561134280.872,19905062.00000000,2025-08-12 11:00:00+00:00
BTCUSDT,89172.73,10563767203.993,19905062.00000000,2025-08-12 12:00:00+00:00
BTCUSDT,89805.376,10706497822.907942,19905062.00000000,2025-08-12 13:00:00+00:00
BTCUSDT,89643.457,10650225374.0705,19905062.00000000,2025-08-12 14:00:00+00:00
BTCUSDT,89832.474,10727228100.4938,19905062.00000000,2025-08-12 15:00:00+00:00
BTCUSDT,89917.19,10779758290.026,19905062.00000000,2025-08-12 16:00:00+00:00
BTCUSDT,89277.643,10677351614.614548,19905062.00000000,2025-08-12 17:00:00+00:00
BTCUSDT,88999.617,10610849851.733456,19905062.00000000,2025-08-12 18:00:00+00:00
BTCUSDT,89137.323,10633859790.5925,19905062.00000000,2025-08-12 19:00:00+00:00
BTCUSDT,89315.488,10683234957.0567,19905062.00000000,2025-08-12 20:00:00+00:00
BTCUSDT,88767.573,10664298873.4194,19905062.00000000,2025-08-12 21:00:00+00:00
BTCUSDT,88623.202,10621845252.508,19905062.00000000,2025-08-12 22:00:00+00:00
BTCUSDT,88715.859,10650330001.3641,19905062.00000000,2025-08-12 23:00:00+00:00
BTCUSDT,88969.703,10683570905.943,19905062.00000000,2025-08-13 00:00:00+00:00
BTCUSDT,88588.922,10601368384.627594,19905062.00000000,2025-08-13 01:00:00+00:00
BTCUSDT,88340.725,10550400163.63586,19905281.00000000,2025-08-13 02:00:00+00:00
BTCUSDT,88417.488,10566249562.732103,19905281.00000000,2025-08-13 03:00:00+00:00
BTCUSDT,88533.235,10574104683.467594,19905281.00000000,2025-08-13 04:00:00+00:00
BTCUSDT,88669.564,10578080253.896832,19905281.00000000,2025-08-13 05:00:00+00:00
BTCUSDT,88965.735,10589582540.4765,19905281.00000000,2025-08-13 06:00:00+00:00
BTCUSDT,88922.602,10614513155.536,19905281.00000000,2025-08-13 07:00:00+00:00
BTCUSDT,89384.671,10685692094.372017,19905281.00000000,2025-08-13 08:00:00+00:00
BTCUSDT,89304.189,10717895825.3484,19905281.00000000,2025-08-13 09:00:00+00:00
BTCUSDT,89750.782,10778261161.162,19905281.00000000,2025-08-13 10:00:00+00:00
BTCUSDT,90273.992,10875163377.8528,19905281.00000000,2025-08-13 11:00:00+00:00
BTCUSDT,90696.901,10933221185.4668,19905281.00000000,2025-08-13 12:00:00+00:00
BTCUSDT,90896.928,10930188505.662352,19905281.00000000,2025-08-13 13:00:00+00:00
BTCUSDT,93255.969,11355131233.715809,19905281.00000000,2025-08-13 14:00:00+00:00
BTCUSDT,92856.361,11224476917.68,19905281.00000000,2025-08-13 15:00:00+00:00
BTCUSDT,92639.874,11200824230.88926,19905281.00000000,2025-08-13 16:00:00+00:00
BTCUSDT,92813.851,11269448507.0349,19905281.00000000,2025-08-13 17:00:00+00:00
BTCUSDT,92915.654,11314757308.023,19905281.00000000,2025-08-13 18:00:00+00:00
BTCUSDT,92803.393,11284370597.622211,19905281.00000000,2025-08-13 19:00:00+00:00
BTCUSDT,92266.054,11322807107.4314,19905281.00000000,2025-08-13 20:00:00+00:00
BTCUSDT,92846.798,11411372846.9092,19905281.00000000,2025-08-13 21:00:00+00:00
BTCUSDT,93190.85,11419079063.785906,19905281.00000000,2025-08-13 22:00:00+00:00
BTCUSDT,93123.983,11449818780.634594,19905281.00000000,2025-08-13 23:00:00+00:00
BTCUSDT,93245.38,11499383918.582,19905281.00000000,2025-08-14 00:00:00+00:00
BTCUSDT,93851.607,11625501795.8577,19905281.00000000,2025-08-14 01:00:00+00:00
BTCUSDT,93778.469,11568068469.352146,19905984.00000000,2025-08-14 02:00:00+00:00
BTCUSDT,94049.29,11634104081.438,19905984.00000000,2025-08-14 03:00:00+00:00
BTCUSDT,94502.641,11661122399.258144,19905984.00000000,2025-08-14 04:00:00+00:00
BTCUSDT,94959.943,11685485705.751,19905984.00000000,2025-08-14 05:00:00+00:00
BTCUSDT,94457.442,11539497305.1162,19905984.00000000,2025-08-14 06:00:00+00:00
BTCUSDT,93743.44,11417402544.519384,19905984.00000000,2025-08-14 07:00:00+00:00
BTCUSDT,93297.532,11357975841.569496,19905984.00000000,2025-08-14 08:00:00+00:00
BTCUSDT,93619.606,11388225904.4216,19905984.00000000,2025-08-14 09:00:00+00:00
BTCUSDT,93672.138,11395693315.6038,19905984.00000000,2025-08-14 10:00:00+00:00
BTCUSDT,93504.309,11309607985.6152,19905984.00000000,2025-08-14 11:00:00+00:00
BTCUSDT,93653.463,11327180312.2314,19905984.00000000,2025-08-14 12:00:00+00:00
BTCUSDT,92981.567,11049501707.0718,19905984.00000000,2025-08-14 13:00:00+00:00
BTCUSDT,94123.742,11142677257.795012,19905984.00000000,2025-08-14 14:00:00+00:00
BTCUSDT,93609.184,11116287179.2864,19905984.00000000,2025-08-14 15:00:00+00:00
BTCUSDT,93321.845,11031239338.808,19905984.00000000,2025-08-14 16:00:00+00:00
BTCUSDT,93636.13,11032865376.163843,19905984.00000000,2025-08-14 17:00:00+00:00
BTCUSDT,93568.819,11030228134.068962,19905984.00000000,2025-08-14 18:00:00+00:00
BTCUSDT,92894.375,10964611053.8125,19905984.00000000,2025-08-14 19:00:00+00:00
BTCUSDT,92700.95,10927995870.18,19905984.00000000,2025-08-14 20:00:00+00:00
BTCUSDT,92488.579,10895732675.233822,19905984.00000000,2025-08-14 21:00:00+00:00
BTCUSDT,92470.224,10897033335.9888,19905984.00000000,2025-08-14 22:00:00+00:00
BTCUSDT,92146.149,10896011278.681553,19905984.00000000,2025-08-14 23:00:00+00:00
BTCUSDT,91925.697,10869764688.159822,19905984.00000000,2025-08-15 00:00:00+00:00
BTCUSDT,91975.235,10864539391.530712,19905984.00000000,2025-08-15 01:00:00+00:00
BTCUSDT,91715.006,10879855650.38194,19906475.00000000,2025-08-15 02:00:00+00:00
BTCUSDT,91754.048,10886360155.648588,19906475.00000000,2025-08-15 03:00:00+00:00
BTCUSDT,91670.677,10901302734.5537,19906475.00000000,2025-08-15 04:00:00+00:00
BTCUSDT,91719.803,10895451375.49958,19906475.00000000,2025-08-15 05:00:00+00:00
BTCUSDT,91377.911,10870946800.1459,19906475.00000000,2025-08-15 06:00:00+00:00
BTCUSDT,91569.894,10900928933.296772,19906475.00000000,2025-08-15 07:00:00+00:00
BTCUSDT,91080.706,10830042427.636,19906475.00000000,2025-08-15 08:00:00+00:00
BTCUSDT,91188.581,10835609602.01068,19906475.00000000,2025-08-15 09:00:00+00:00
BTCUSDT,91217.049,10824344093.2242,19906475.00000000,2025-08-15 10:00:00+00:00
BTCUSDT,91352.134,10855007101.838682,19906475.00000000,2025-08-15 11:00:00+00:00
BTCUSDT,91346.445,10867006705.867165,19906475.00000000,2025-08-15 12:00:00+00:00
BTCUSDT,92096.168,10921929162.867834,19906475.00000000,2025-08-15 13:00:00+00:00
BTCUSDT,92563.887,10898231389.2738,19906475.00000000,2025-08-15 14:00:00+00:00
BTCUSDT,91603.138,10748459375.6472,19906475.00000000,2025-08-15 15:00:00+00:00
BTCUSDT,91430.514,10717966085.983835,19906475.00000000,2025-08-15 16:00:00+00:00
BTCUSDT,91310.898,10711416642.7758,19906475.00000000,2025-08-15 17:00:00+00:00
BTCUSDT,89327.805,10500157619.95066,19906475.00000000,2025-08-15 18:00:00+00:00
BTCUSDT,89121.058,10437804840.3252,19906475.00000000,2025-08-15 19:00:00+00:00
BTCUSDT,89092.465,10414900249.2535,19906475.00000000,2025-08-15 20:00:00+00:00
BTCUSDT,88960.368,10429161118.74988,19906475.00000000,2025-08-15 21:00:00+00:00
BTCUSDT,88963.902,10433214338.872969,19906475.00000000,2025-08-15 22:00:00+00:00
BTCUSDT,88856.486,10453983349.1972,19906475.00000000,2025-08-15 23:00:00+00:00
BTCUSDT,89022.785,10440774775.66448,19906475.00000000,2025-08-16 00:00:00+00:00
BTCUSDT,89358.394,10517152347.7422,19906475.00000000,2025-08-16 01:00:00+00:00
BTCUSDT,89851.353,10582548594.1752,19906903.00000000,2025-08-16 02:00:00+00:00
BTCUSDT,89472.953,10509433535.261192,19906903.00000000,2025-08-16 03:00:00+00:00
BTCUSDT,89550.348,10511867599.98,19906903.00000000,2025-08-16 04:00:00+00:00
BTCUSDT,89994.305,10598890283.3345,19906903.00000000,2025-08-16 05:00:00+00:00
BTCUSDT,89827.501,10559258673.5504,19906903.00000000,2025-08-16 06:00:00+00:00
BTCUSDT,89671.087,10522668917.239506,19906903.00000000,2025-08-16 07:00:00+00:00
BTCUSDT,89609.074,10532973150.6264,19906903.00000000,2025-08-16 08:00:00+00:00
BTCUSDT,89497.943,10523298304.867023,19906903.00000000,2025-08-16 09:00:00+00:00
BTCUSDT,89529.797,10498371431.9764,19906903.00000000,2025-08-16 10:00:00+00:00
BTCUSDT,89532.16,10506325506.732191,19906903.00000000,2025-08-16 11:00:00+00:00
BTCUSDT,89666.105,10521456627.142,19906903.00000000,2025-08-16 12:00:00+00:00
BTCUSDT,89753.415,10564499516.433884,19906903.00000000,2025-08-16 13:00:00+00:00
BTCUSDT,89786.784,10557040275.936,19906903.00000000,2025-08-16 14:00:00+00:00
BTCUSDT,89836.464,10576628519.741005,19906903.00000000,2025-08-16 15:00:00+00:00
BTCUSDT,89744.232,10556344777.464,19906903.00000000,2025-08-16 16:00:00+00:00
BTCUSDT,90035.88,10597799375.785255,19906903.00000000,2025-08-16 17:00:00+00:00
BTCUSDT,90348.188,10630205173.3416,19906903.00000000,2025-08-16 18:00:00+00:00
BTCUSDT,90569.756,10655547933.308195,19906903.00000000,2025-08-16 19:00:00+00:00
BTCUSDT,90478.715,10642422670.099085,19906903.00000000,2025-08-16 20:00:00+00:00
BTCUSDT,90304.835,10620466916.591677,19906903.00000000,2025-08-16 21:00:00+00:00
BTCUSDT,90218.627,10592066845.825891,19906903.00000000,2025-08-16 22:00:00+00:00
BTCUSDT,90696.432,10648985518.632,19906903.00000000,2025-08-16 23:00:00+00:00
BTCUSDT,90567.59,10626621094.622614,19906903.00000000,2025-08-17 00:00:00+00:00
BTCUSDT,90484.099,10605116436.0158,19906903.00000000,2025-08-17 01:00:00+00:00
BTCUSDT,90488.145,10621859094.192623,19907381.00000000,2025-08-17 02:00:00+00:00
BTCUSDT,90560.679,10646964066.248714,19907381.00000000,2025-08-17 03:00:00+00:00
BTCUSDT,90450.914,10639501785.097288,19907381.00000000,2025-08-17 04:00:00+00:00
BTCUSDT,89938.062,10614705928.5888,19907381.00000000,2025-08-17 05:00:00+00:00
BTCUSDT,89957.151,10610045638.781431,19907381.00000000,2025-08-17 06:00:00+00:00
BTCUSDT,90057.543,10615613932.9137,19907381.00000000,2025-08-17 07:00:00+00:00
BTCUSDT,90050.865,10621542489.407146,19907381.00000000,2025-08-17 08:00:00+00:00
BTCUSDT,90142.532,10665997913.6084,19907381.00000000,2025-08-17 09:00:00+00:00
BTCUSDT,90079.951,10655294629.31294,19907381.00000000,2025-08-17 10:00:00+00:00
BTCUSDT,90150.234,10668946638.0342,19907381.00000000,2025-08-17 11:00:00+00:00
BTCUSDT,90169.529,10662898465.4131,19907381.00000000,2025-08-17 12:00:00+00:00
BTCUSDT,90101.446,10641809705.9032,19907381.00000000,2025-08-17 13:00:00+00:00
BTCUSDT,90158.759,10673985636.769,19907381.00000000,2025-08-17 14:00:00+00:00
BTCUSDT,90258.525,10658868170.193617,19907381.00000000,2025-08-17 15:00:00+00:00
BTCUSDT,90300.962,10673026534.988016,19907381.00000000,2025-08-17 16:00:00+00:00
BTCUSDT,89631.624,10558154718.56883,19907381.00000000,2025-08-17 17:00:00+00:00
BTCUSDT,89688.774,10569490167.4362,19907381.00000000,2025-08-17 18:00:00+00:00
BTCUSDT,89622.791,10530149168.0331,19907381.00000000,2025-08-17 19:00:00+00:00
BTCUSDT,89588.963,10529131013.3973,19907381.00000000,2025-08-17 20:00:00+00:00
BTCUSDT,89661.514,10539512217.275036,19907381.00000000,2025-08-17 21:00:00+00:00
BTCUSDT,89581.953,10538715117.831425,19907381.00000000,2025-08-17 22:00:00+00:00
BTCUSDT,89386.231,10538506406.23814,19907381.00000000,2025-08-17 23:00:00+00:00
BTCUSDT,89560.072,10510666575.94478,19907381.00000000,2025-08-18 00:00:00+00:00
BTCUSDT,89716.365,10518759327.879,19907381.00000000,2025-08-18 01:00:00+00:00
BTCUSDT,88709.018,10309238688.7538,19907381.00000000,2025-08-18 02:00:00+00:00
BTCUSDT,89052.179,10276808246.51356,19907843.00000000,2025-08-18 03:00:00+00:00
BTCUSDT,89351.882,10299682852.309006,19907843.00000000,2025-08-18 04:00:00+00:00
BTCUSDT,89601.821,10341461335.49364,19907843.00000000,2025-08-18 05:00:00+00:00
BTCUSDT,89432.997,10342040716.3797,19907843.00000000,2025-08-18 06:00:00+00:00
BTCUSDT,89235.528,10280281736.51448,19907843.00000000,2025-08-18 07:00:00+00:00
BTCUSDT,89087.927,10258759875.4164,19907843.00000000,2025-08-18 08:00:00+00:00
BTCUSDT,88957.212,10237872031.7712,19907843.00000000,2025-08-18 09:00:00+00:00
BTCUSDT,88940.708,10228172525.9292,19907843.00000000,2025-08-18 10:00:00+00:00
BTCUSDT,88806.452,10214190885.305904,19907843.00000000,2025-08-18 11:00:00+00:00
BTCUSDT,88960.407,10223159645.49273,19907843.00000000,2025-08-18 12:00:00+00:00
BTCUSDT,89077.621,10286068918.725237,19907843.00000000,2025-08-18 13:00:00+00:00
BTCUSDT,89053.108,10222021087.460602,19907843.00000000,2025-08-18 14:00:00+00:00
